{"type": "FeatureCollection", "features": [{"type": "Feature", "properties": {"depth_m": 10}, "geometry": {"type": "LineString", "coordinates": [[-83.30304, 8.65848], [-83.30356, 8.65873], [-83.30411, 8.65897], [-83.30419, 8.659], [-83.30466, 8.65926], [-83.30519, 8.65954], [-83.30521, 8.65956], [-83.30576, 8.65995], [-83.30596, 8.66009], [-83.30631, 8.66041], [-83.30656, 8.66063], [-83.30686, 8.66098], [-83.30703, 8.66118], [-83.30741, 8.66169], [-83.30743, 8.66172], [-83.3078, 8.66226], [-83.30796, 8.66249], [-83.30821, 8.66281], [-83.30851, 8.66315], [-83.30872, 8.66335], [-83.30906, 8.66367], [-83.30933, 8.6639], [-83.30961, 8.66417], [-83.30995, 8.66444], [-83.31016, 8.66465], [-83.31058, 8.66498], [-83.31071, 8.6651], [-83.31126, 8.66551], [-83.31128, 8.66553], [-83.31181, 8.66585], [-83.31236, 8.66606], [-83.3124, 8.66607], [-83.31291, 8.66618], [-83.31346, 8.66624], [-83.31401, 8.66628], [-83.31456, 8.66631], [-83.31511, 8.66634], [-83.31566, 8.66639], [-83.31621, 8.66644], [-83.31676, 8.66649], [-83.31731, 8.66653], [-83.31786, 8.66657], [-83.31832, 8.66661], [-83.31841, 8.66662], [-83.31896, 8.66669], [-83.31951, 8.66677], [-83.32006, 8.66688], [-83.32061, 8.667], [-83.32116, 8.66712], [-83.32131, 8.66716], [-83.32171, 8.66725], [-83.32226, 8.66739], [-83.32281, 8.66757], [-83.32315, 8.6677], [-83.32335, 8.66779], [-83.3239, 8.66808], [-83.32415, 8.66825], [-83.32445, 8.66846], [-83.32485, 8.66879], [-83.325, 8.66893], [-83.32544, 8.66933], [-83.32555, 8.66944], [-83.32604, 8.66988], [-83.3261, 8.66994], [-83.32665, 8.67039], [-83.32669, 8.67042], [-83.3272, 8.67081], [-83.32742, 8.67096], [-83.32775, 8.6712], [-83.32817, 8.67151], [-83.3283, 8.67161], [-83.32882, 8.67205], [-83.32885, 8.67208], [-83.32935, 8.6726], [-83.3294, 8.67265], [-83.32981, 8.67314], [-83.32995, 8.67331], [-83.33024, 8.67368], [-83.3305, 8.67402], [-83.33067, 8.67423], [-83.33105, 8.67473], [-83.33109, 8.67477], [-83.33151, 8.67532], [-83.3316, 8.67544], [-83.33192, 8.67586], [-83.33215, 8.67618], [-83.33232, 8.6764], [-83.33268, 8.67695], [-83.3327, 8.67699], [-83.333, 8.67749], [-83.33325, 8.67799], [-83.33327, 8.67803], [-83.33352, 8.67858], [-83.33375, 8.67912], [-83.3338, 8.67924], [-83.33399, 8.67967], [-83.33425, 8.68021], [-83.33435, 8.68039], [-83.33459, 8.68075], [-83.3349, 8.68118], [-83.33502, 8.6813], [-83.33545, 8.68173], [-83.33561, 8.68184], [-83.336, 8.68211], [-83.33655, 8.68238], [-83.33657, 8.68239], [-83.3371, 8.68259], [-83.33765, 8.68278], [-83.33814, 8.68293], [-83.3382, 8.68295], [-83.33875, 8.68309], [-83.3393, 8.68321], [-83.33985, 8.68331], [-83.3404, 8.68342], [-83.34068, 8.68347], [-83.34095, 8.68353], [-83.3415, 8.68366], [-83.34205, 8.68381], [-83.3426, 8.68398], [-83.34271, 8.68402], [-83.34315, 8.68418], [-83.3437, 8.6844], [-83.34405, 8.68456], [-83.34425, 8.68467], [-83.3448, 8.68502], [-83.34491, 8.6851], [-83.34535, 8.68554], [-83.34543, 8.68565], [-83.3457, 8.68619], [-83.34581, 8.68674], [-83.34584, 8.68728], [-83.34581, 8.68782], [-83.34577, 8.68837], [-83.34574, 8.68891], [-83.34574, 8.68945], [-83.34578, 8.69], [-83.34581, 8.69054], [-83.34584, 8.69109], [-83.34587, 8.69163], [-83.3459, 8.69211], [-83.3459, 8.69217], [-83.34593, 8.69272], [-83.34598, 8.69326], [-83.34603, 8.69381], [-83.34611, 8.69435], [-83.3462, 8.69489], [-83.34632, 8.69544], [-83.34645, 8.69598], [-83.34645, 8.69599], [-83.34657, 8.69652], [-83.34669, 8.69707], [-83.3468, 8.69761], [-83.34689, 8.69816], [-83.34695, 8.6987], [-83.347, 8.69923], [-83.347, 8.69924], [-83.34703, 8.69979], [-83.34704, 8.70033], [-83.34706, 8.70088], [-83.34708, 8.70142], [-83.34712, 8.70196], [-83.34718, 8.70251], [-83.34728, 8.70305], [-83.34742, 8.70359], [-83.34755, 8.70402], [-83.34758, 8.70414], [-83.34778, 8.70468], [-83.34803, 8.70523], [-83.3481, 8.70535], [-83.34833, 8.70577], [-83.34865, 8.70625], [-83.34869, 8.70631], [-83.34912, 8.70686], [-83.3492, 8.70694], [-83.34964, 8.7074], [-83.34975, 8.7075], [-83.35026, 8.70795], [-83.3503, 8.70797], [-83.35085, 8.70842], [-83.35092, 8.70849], [-83.3514, 8.70888], [-83.35157, 8.70903], [-83.35195, 8.70935], [-83.3522, 8.70958], [-83.3525, 8.70984], [-83.35279, 8.71012], [-83.35305, 8.71037], [-83.35333, 8.71066], [-83.35359, 8.71095], [-83.35383, 8.71121], [-83.35414, 8.71156], [-83.35432, 8.71175], [-83.35469, 8.71218], [-83.3548, 8.7123], [-83.35524, 8.71278], [-83.3553, 8.71284], [-83.35579, 8.71337], [-83.35581, 8.71338], [-83.35631, 8.71393], [-83.35634, 8.71396], [-83.35683, 8.71447], [-83.35689, 8.71454], [-83.35738, 8.71501], [-83.35744, 8.71508], [-83.35798, 8.71556], [-83.35799, 8.71557], [-83.35854, 8.71604], [-83.35863, 8.7161], [-83.35909, 8.71648], [-83.35933, 8.71665], [-83.35964, 8.71687], [-83.36014, 8.71719], [-83.36019, 8.71722], [-83.36074, 8.71755], [-83.36111, 8.71773], [-83.36129, 8.71783], [-83.36184, 8.71807], [-83.36239, 8.71827], [-83.36242, 8.71828], [-83.36294, 8.71844], [-83.36349, 8.71857], [-83.36404, 8.71867], [-83.36459, 8.71874], [-83.36514, 8.71879], [-83.36563, 8.71882], [-83.36569, 8.71882], [-83.36624, 8.71884], [-83.36679, 8.71884], [-83.36716, 8.71882], [-83.36734, 8.71882], [-83.36789, 8.71878], [-83.36844, 8.71873], [-83.36899, 8.71867], [-83.36954, 8.71858], [-83.37009, 8.71848], [-83.37064, 8.71836], [-83.37094, 8.71828], [-83.37119, 8.71822], [-83.37174, 8.71806], [-83.37229, 8.71787], [-83.37263, 8.71773], [-83.37284, 8.71765], [-83.37339, 8.71739], [-83.37372, 8.71719], [-83.37394, 8.71707], [-83.37449, 8.71672], [-83.37459, 8.71665], [-83.37504, 8.71637], [-83.37544, 8.7161], [-83.37559, 8.71602], [-83.37614, 8.71573], [-83.37647, 8.71556], [-83.37669, 8.71547], [-83.37724, 8.71527], [-83.37779, 8.71505], [-83.37787, 8.71501], [-83.37834, 8.71483], [-83.37889, 8.71461], [-83.37927, 8.71447], [-83.37944, 8.71442], [-83.37999, 8.71429], [-83.38054, 8.71422], [-83.38109, 8.71423], [-83.38164, 8.71432], [-83.38205, 8.71447], [-83.38219, 8.71453], [-83.38274, 8.71489], [-83.38289, 8.71501], [-83.38329, 8.71541], [-83.38342, 8.71556], [-83.38378, 8.7161], [-83.38383, 8.71622], [-83.38404, 8.71665], [-83.38422, 8.71719], [-83.38437, 8.71773], [-83.38438, 8.71779], [-83.3845, 8.71828], [-83.38465, 8.71882], [-83.38484, 8.71937], [-83.38493, 8.71954], [-83.38516, 8.71991], [-83.38548, 8.72032], [-83.38561, 8.72045], [-83.38603, 8.72088], [-83.38617, 8.721], [-83.38658, 8.72135], [-83.38681, 8.72154], [-83.38713, 8.7218], [-83.38753, 8.72208], [-83.38768, 8.7222], [-83.38823, 8.72256], [-83.38834, 8.72263], [-83.38878, 8.72289], [-83.38933, 8.72317], [-83.38933, 8.72318], [-83.38988, 8.72342], [-83.39043, 8.72363], [-83.39069, 8.72372], [-83.39098, 8.72381], [-83.39153, 8.72399], [-83.39208, 8.72415], [-83.39255, 8.72426], [-83.39263, 8.72428], [-83.39318, 8.72439], [-83.39373, 8.72448], [-83.39428, 8.72452], [-83.39483, 8.72452], [-83.39538, 8.72448], [-83.39593, 8.72441], [-83.39648, 8.72431], [-83.39671, 8.72426], [-83.39703, 8.7242], [-83.39758, 8.72408], [-83.39813, 8.72395], [-83.39868, 8.72383], [-83.39919, 8.72372], [-83.39923, 8.72371], [-83.39978, 8.7236], [-83.40033, 8.72348], [-83.40088, 8.72335], [-83.40143, 8.72322], [-83.40163, 8.72317], [-83.40198, 8.7231], [-83.40253, 8.72297], [-83.40308, 8.72285], [-83.40363, 8.72271], [-83.40392, 8.72263], [-83.40418, 8.72256], [-83.40473, 8.72238], [-83.40528, 8.72215], [-83.40541, 8.72208], [-83.40583, 8.72187], [-83.40632, 8.72154], [-83.40638, 8.7215], [-83.40693, 8.72108], [-83.40703, 8.721], [-83.40748, 8.72066], [-83.40774, 8.72045], [-83.40803, 8.72026], [-83.40857, 8.71991], [-83.40858, 8.71991], [-83.40913, 8.71957], [-83.40942, 8.71937], [-83.40968, 8.71918], [-83.41008, 8.71882], [-83.41023, 8.71868], [-83.41056, 8.71828], [-83.41078, 8.71797], [-83.41093, 8.71773], [-83.41125, 8.71719], [-83.41133, 8.71707], [-83.41159, 8.71665], [-83.41188, 8.71623], [-83.41197, 8.7161], [-83.41243, 8.71563], [-83.4125, 8.71556], [-83.41298, 8.71521], [-83.41327, 8.71501], [-83.41353, 8.71487], [-83.41407, 8.71458], [-83.41431, 8.71447], [-83.41462, 8.71434], [-83.41517, 8.71411], [-83.41564, 8.71393], [-83.41572, 8.7139], [-83.41627, 8.71369], [-83.41682, 8.71348], [-83.41707, 8.71338], [-83.41737, 8.71326], [-83.41792, 8.71301], [-83.41824, 8.71284], [-83.41847, 8.71271], [-83.41902, 8.71234], [-83.41909, 8.7123], [-83.41957, 8.71195], [-83.41983, 8.71175], [-83.42012, 8.71156], [-83.42065, 8.71121], [-83.42067, 8.7112], [-83.42122, 8.71092], [-83.42177, 8.71066], [-83.42177, 8.71066], [-83.42232, 8.71042], [-83.42286, 8.71012], [-83.42287, 8.71011], [-83.42342, 8.70972], [-83.42358, 8.70958], [-83.42397, 8.70913], [-83.42404, 8.70903], [-83.4244, 8.70849], [-83.42452, 8.7083], [-83.42475, 8.70795], [-83.42507, 8.70752], [-83.42517, 8.7074], [-83.42562, 8.707], [-83.42582, 8.70686], [-83.42617, 8.70667], [-83.42672, 8.70644], [-83.42707, 8.70631], [-83.42727, 8.70625], [-83.42782, 8.70613], [-83.42837, 8.70602], [-83.42892, 8.70592], [-83.42947, 8.70584], [-83.42989, 8.70577], [-83.43002, 8.70575], [-83.43057, 8.70568], [-83.43112, 8.70563], [-83.43167, 8.70559], [-83.43222, 8.70557], [-83.43277, 8.70556], [-83.43332, 8.70557], [-83.43387, 8.70559], [-83.43442, 8.70562], [-83.43497, 8.70567], [-83.43552, 8.70576], [-83.43557, 8.70577], [-83.43607, 8.7059], [-83.43662, 8.70608], [-83.43717, 8.70628], [-83.43725, 8.70631], [-83.43772, 8.70654], [-83.43827, 8.7068], [-83.43841, 8.70686], [-83.43882, 8.70707], [-83.43937, 8.70729], [-83.43971, 8.7074], [-83.43992, 8.70748], [-83.44047, 8.70766], [-83.44102, 8.7078], [-83.44157, 8.70793], [-83.44166, 8.70795], [-83.44212, 8.70805], [-83.44267, 8.70816], [-83.44322, 8.70828], [-83.44377, 8.70839], [-83.44431, 8.70849], [-83.44433, 8.70849], [-83.44486, 8.70857], [-83.44541, 8.70865], [-83.44596, 8.70872], [-83.44651, 8.70879], [-83.44706, 8.70888], [-83.44761, 8.70898], [-83.44788, 8.70903], [-83.44816, 8.70909], [-83.44871, 8.70922], [-83.44926, 8.70936], [-83.44981, 8.70951], [-83.45002, 8.70958], [-83.45036, 8.70969], [-83.45091, 8.70989], [-83.45146, 8.71011], [-83.45149, 8.71012], [-83.45201, 8.71035], [-83.45256, 8.7106], [-83.4527, 8.71066], [-83.45311, 8.71088], [-83.45366, 8.71116], [-83.45376, 8.71121], [-83.45421, 8.71146], [-83.45476, 8.71175], [-83.45477, 8.71175], [-83.45531, 8.71203], [-83.45586, 8.71226], [-83.45595, 8.7123], [-83.45641, 8.71246], [-83.45696, 8.71263], [-83.45751, 8.71277], [-83.45782, 8.71284], [-83.45806, 8.71289], [-83.45861, 8.71298], [-83.45916, 8.71305], [-83.45971, 8.71311], [-83.46026, 8.71314], [-83.46081, 8.71316], [-83.46136, 8.71315], [-83.46191, 8.71311], [-83.46246, 8.71306], [-83.46301, 8.71301], [-83.46356, 8.71298], [-83.46411, 8.71297], [-83.46466, 8.71299], [-83.46521, 8.71304], [-83.46576, 8.71313], [-83.46631, 8.71324], [-83.46686, 8.71337], [-83.46692, 8.71338], [-83.46741, 8.71351], [-83.46796, 8.71365], [-83.46851, 8.7138], [-83.46894, 8.71393], [-83.46906, 8.71396], [-83.46961, 8.71413], [-83.47016, 8.71435], [-83.47036, 8.71447], [-83.47071, 8.71468], [-83.47118, 8.71501], [-83.47126, 8.71506], [-83.47181, 8.71544], [-83.47198, 8.71556], [-83.47236, 8.71576], [-83.47291, 8.71599], [-83.47334, 8.7161], [-83.47346, 8.71613], [-83.47401, 8.71614], [-83.47436, 8.7161], [-83.47455, 8.71607], [-83.4751, 8.71592], [-83.47565, 8.71568], [-83.47586, 8.71556], [-83.4762, 8.71528], [-83.47646, 8.71501], [-83.47675, 8.71459], [-83.47683, 8.71447], [-83.47707, 8.71393], [-83.47725, 8.71338], [-83.4773, 8.71317], [-83.47739, 8.71284], [-83.47753, 8.7123], [-83.47769, 8.71175], [-83.47785, 8.71129], [-83.47788, 8.71121], [-83.47812, 8.71066], [-83.47836, 8.71012], [-83.4784, 8.71001], [-83.4786, 8.70958], [-83.47881, 8.70903], [-83.47895, 8.70861], [-83.47899, 8.70849], [-83.47913, 8.70795], [-83.4792, 8.7074], [-83.4792, 8.70686], [-83.47909, 8.70631], [-83.47895, 8.70603], [-83.47883, 8.70577], [-83.4784, 8.70524], [-83.4784, 8.70523], [-83.47785, 8.70473], [-83.47779, 8.70468], [-83.4773, 8.70436], [-83.47684, 8.70414], [-83.47675, 8.7041], [-83.4762, 8.7039], [-83.47565, 8.70376], [-83.4751, 8.70367], [-83.47455, 8.7036], [-83.47448, 8.70359], [-83.47401, 8.70355], [-83.47346, 8.70351], [-83.47291, 8.70349], [-83.47236, 8.70349], [-83.47181, 8.7035], [-83.47126, 8.70351], [-83.47071, 8.70353], [-83.47016, 8.70355], [-83.46961, 8.70358], [-83.46943, 8.70359], [-83.46906, 8.70362], [-83.46851, 8.70369], [-83.46796, 8.70377], [-83.46741, 8.70386], [-83.46686, 8.70394], [-83.46631, 8.704], [-83.46576, 8.70402], [-83.46521, 8.70398], [-83.46466, 8.70385], [-83.46411, 8.7036], [-83.4641, 8.70359], [-83.46356, 8.70314], [-83.46348, 8.70305], [-83.46313, 8.70251], [-83.46301, 8.70222], [-83.4629, 8.70196], [-83.46272, 8.70142], [-83.46255, 8.70088], [-83.46246, 8.70056], [-83.46238, 8.70033], [-83.46221, 8.69979], [-83.46201, 8.69924], [-83.46191, 8.69897], [-83.46179, 8.6987], [-83.46154, 8.69816], [-83.46136, 8.69775], [-83.46128, 8.69761], [-83.46101, 8.69707], [-83.46081, 8.69667], [-83.46073, 8.69652], [-83.46042, 8.69598], [-83.46026, 8.69569], [-83.4601, 8.69544], [-83.45975, 8.69489], [-83.45971, 8.69483], [-83.45935, 8.69435], [-83.45916, 8.69412], [-83.45888, 8.69381], [-83.45861, 8.69353], [-83.45835, 8.69326], [-83.45806, 8.69298], [-83.4578, 8.69272], [-83.45751, 8.69243], [-83.45728, 8.69217], [-83.45696, 8.69183], [-83.4568, 8.69163], [-83.45641, 8.69115], [-83.45636, 8.69109], [-83.45596, 8.69054], [-83.45586, 8.69041], [-83.45557, 8.69], [-83.45531, 8.68965], [-83.45517, 8.68945], [-83.45476, 8.68898], [-83.4547, 8.68891], [-83.45421, 8.68842], [-83.45416, 8.68837], [-83.45366, 8.6879], [-83.45359, 8.68782], [-83.45311, 8.68734], [-83.45306, 8.68728], [-83.45263, 8.68674], [-83.45256, 8.68664], [-83.4523, 8.68619], [-83.45204, 8.68565], [-83.45201, 8.68558], [-83.45187, 8.6851], [-83.45174, 8.68456], [-83.45162, 8.68402], [-83.45149, 8.68347], [-83.45146, 8.68335], [-83.45138, 8.68293], [-83.45127, 8.68239], [-83.45114, 8.68184], [-83.45097, 8.6813], [-83.45091, 8.68113], [-83.45079, 8.68075], [-83.45054, 8.68021], [-83.45036, 8.67993], [-83.45018, 8.67967], [-83.44981, 8.67927], [-83.44964, 8.67912], [-83.44926, 8.67886], [-83.44871, 8.67859], [-83.44868, 8.67858], [-83.44816, 8.6784], [-83.44761, 8.67828], [-83.44706, 8.67821], [-83.44651, 8.67818], [-83.44596, 8.67817], [-83.44541, 8.67816], [-83.44486, 8.67815], [-83.44431, 8.67813], [-83.44377, 8.67808], [-83.44345, 8.67803], [-83.44322, 8.67799], [-83.44267, 8.67786], [-83.44212, 8.67769], [-83.44157, 8.67749], [-83.44156, 8.67749], [-83.44102, 8.67721], [-83.44057, 8.67695], [-83.44047, 8.67687], [-83.43992, 8.67646], [-83.43985, 8.6764], [-83.43937, 8.67599], [-83.4392, 8.67586], [-83.43882, 8.67554], [-83.4385, 8.67532], [-83.43827, 8.67515], [-83.43772, 8.67483], [-83.43761, 8.67477], [-83.43717, 8.67453], [-83.43662, 8.67425], [-83.43657, 8.67423], [-83.43607, 8.67391], [-83.43578, 8.67368], [-83.43552, 8.67344], [-83.43528, 8.67314], [-83.43498, 8.6726], [-83.43497, 8.67251], [-83.4349, 8.67205], [-83.43497, 8.67167], [-83.435, 8.67151], [-83.4353, 8.67096], [-83.43552, 8.67063], [-83.43568, 8.67042], [-83.43607, 8.66989], [-83.43608, 8.66988], [-83.43645, 8.66933], [-83.43662, 8.66897], [-83.43671, 8.66879], [-83.43685, 8.66825], [-83.43684, 8.6677], [-83.43669, 8.66716], [-83.43662, 8.66702], [-83.43642, 8.66661], [-83.43607, 8.66617], [-83.43599, 8.66607], [-83.43552, 8.66561], [-83.43544, 8.66553], [-83.43497, 8.66509], [-83.43487, 8.66498], [-83.43442, 8.6645], [-83.43437, 8.66444], [-83.43404, 8.6639], [-83.43387, 8.66353], [-83.4338, 8.66335], [-83.43365, 8.66281], [-83.43354, 8.66226], [-83.43344, 8.66172], [-83.43335, 8.66118], [-83.43332, 8.66096], [-83.43327, 8.66063], [-83.43317, 8.66009], [-83.43303, 8.65954], [-83.43281, 8.659], [-83.43277, 8.65891], [-83.43253, 8.65846], [-83.43222, 8.658], [-83.43216, 8.65791], [-83.43171, 8.65737], [-83.43167, 8.65733], [-83.43123, 8.65683], [-83.43112, 8.65671], [-83.43077, 8.65628], [-83.43057, 8.65601], [-83.4304, 8.65574], [-83.43011, 8.65519], [-83.43002, 8.65495], [-83.42994, 8.65465], [-83.42984, 8.65411], [-83.4298, 8.65356], [-83.4298, 8.65302], [-83.42982, 8.65247], [-83.42986, 8.65193], [-83.42989, 8.65139], [-83.4299, 8.65084], [-83.42988, 8.6503], [-83.42983, 8.64976], [-83.42977, 8.64921], [-83.42969, 8.64867], [-83.42961, 8.64812], [-83.42953, 8.64758], [-83.42947, 8.64715], [-83.42946, 8.64704], [-83.42941, 8.64649], [-83.42938, 8.64595], [-83.42938, 8.6454], [-83.42939, 8.64486], [-83.42943, 8.64432], [-83.42947, 8.64384], [-83.42948, 8.64377], [-83.42955, 8.64323], [-83.42964, 8.64269], [-83.42973, 8.64214], [-83.42984, 8.6416], [-83.42998, 8.64105], [-83.43002, 8.64093], [-83.43018, 8.64051], [-83.43038, 8.63997], [-83.43057, 8.63942], [-83.43057, 8.63941], [-83.43073, 8.63888], [-83.43084, 8.63834], [-83.43088, 8.63779], [-83.43084, 8.63725], [-83.43072, 8.6367], [-83.43057, 8.6363], [-83.43052, 8.63616], [-83.43028, 8.63562], [-83.43002, 8.63514], [-83.42998, 8.63507], [-83.42969, 8.63453], [-83.42947, 8.63414], [-83.42939, 8.63398], [-83.42911, 8.63344], [-83.42892, 8.63306], [-83.42884, 8.6329], [-83.42855, 8.63235], [-83.42837, 8.63208], [-83.4282, 8.63181], [-83.42782, 8.63127], [-83.42782, 8.63127], [-83.42741, 8.63072], [-83.42727, 8.63055], [-83.42699, 8.63018], [-83.42672, 8.62983], [-83.42658, 8.62963], [-83.42623, 8.62909], [-83.42617, 8.62899], [-83.42595, 8.62855], [-83.42572, 8.628], [-83.42562, 8.62771], [-83.42555, 8.62746], [-83.42541, 8.62691], [-83.42528, 8.62637], [-83.42516, 8.62583], [-83.42507, 8.62542], [-83.42504, 8.62528], [-83.42492, 8.62474], [-83.42477, 8.6242], [-83.42457, 8.62365], [-83.42452, 8.62353], [-83.42434, 8.62311], [-83.42401, 8.62256], [-83.42397, 8.62251], [-83.42355, 8.62202], [-83.42342, 8.6219], [-83.42287, 8.62148], [-83.42287, 8.62148], [-83.42232, 8.62115], [-83.42189, 8.62093], [-83.42177, 8.62087], [-83.42122, 8.62059], [-83.4208, 8.62039], [-83.42067, 8.62032], [-83.42012, 8.62001], [-83.41981, 8.61984], [-83.41957, 8.6197], [-83.41902, 8.61937], [-83.41891, 8.6193], [-83.41847, 8.61903], [-83.41804, 8.61876], [-83.41792, 8.61868], [-83.41737, 8.61832], [-83.41723, 8.61821], [-83.41682, 8.61792], [-83.41653, 8.61767], [-83.41627, 8.61745], [-83.41594, 8.61713], [-83.41572, 8.61691], [-83.41541, 8.61658], [-83.41517, 8.61631], [-83.41493, 8.61604], [-83.41462, 8.61566], [-83.41448, 8.61549], [-83.41407, 8.615], [-83.41403, 8.61495], [-83.41353, 8.61442], [-83.41352, 8.61441], [-83.41298, 8.61392], [-83.41291, 8.61386], [-83.41243, 8.61348], [-83.41222, 8.61332], [-83.41188, 8.61306], [-83.4115, 8.61278], [-83.41133, 8.61264], [-83.41079, 8.61223], [-83.41078, 8.61222], [-83.41023, 8.61178], [-83.4101, 8.61169], [-83.40968, 8.61132], [-83.40945, 8.61114], [-83.40913, 8.61086], [-83.40881, 8.6106], [-83.40858, 8.61041], [-83.40814, 8.61006], [-83.40803, 8.60997], [-83.40748, 8.60952], [-83.40747, 8.60951], [-83.40693, 8.60906], [-83.40682, 8.60897], [-83.40638, 8.6086], [-83.40617, 8.60842], [-83.40583, 8.60814], [-83.40551, 8.60788], [-83.40528, 8.60768], [-83.40487, 8.60734], [-83.40473, 8.60721], [-83.40426, 8.60679], [-83.40418, 8.60672], [-83.4037, 8.60625], [-83.40363, 8.60618], [-83.40322, 8.60571], [-83.40308, 8.60554], [-83.40282, 8.60516], [-83.40253, 8.60471], [-83.40248, 8.60462], [-83.40221, 8.60407], [-83.40198, 8.60357], [-83.40196, 8.60353], [-83.40176, 8.60299], [-83.40158, 8.60244], [-83.40143, 8.60195], [-83.40142, 8.6019], [-83.40127, 8.60135], [-83.40112, 8.60081], [-83.40096, 8.60027], [-83.40088, 8.60001], [-83.40077, 8.59972], [-83.40054, 8.59918], [-83.40033, 8.59877], [-83.40025, 8.59864], [-83.39985, 8.59809], [-83.39978, 8.59801], [-83.39931, 8.59755], [-83.39923, 8.59748], [-83.39868, 8.59704], [-83.39864, 8.597], [-83.39813, 8.59661], [-83.39795, 8.59646], [-83.39758, 8.59616], [-83.39729, 8.59592], [-83.39703, 8.5957], [-83.39666, 8.59537], [-83.39648, 8.5952], [-83.39607, 8.59483], [-83.39593, 8.5947], [-83.39547, 8.59429], [-83.39538, 8.5942], [-83.39483, 8.59376], [-83.3948, 8.59374], [-83.39428, 8.59339], [-83.39398, 8.5932], [-83.39373, 8.59305], [-83.39318, 8.59276], [-83.39296, 8.59265], [-83.39263, 8.5925], [-83.39208, 8.59228], [-83.39158, 8.59211], [-83.39153, 8.59209], [-83.39098, 8.59193], [-83.39043, 8.5918], [-83.38988, 8.59173], [-83.38933, 8.59171], [-83.38878, 8.59171], [-83.38823, 8.59171], [-83.38768, 8.59169], [-83.38713, 8.59165], [-83.38661, 8.59157], [-83.38658, 8.59156], [-83.38603, 8.5914], [-83.38548, 8.59115], [-83.38529, 8.59102], [-83.38493, 8.59075], [-83.38465, 8.59048], [-83.38438, 8.59016], [-83.38422, 8.58993], [-83.38387, 8.58939], [-83.38383, 8.58933], [-83.38354, 8.58885], [-83.38329, 8.58848], [-83.38314, 8.5883], [-83.38274, 8.5879], [-83.38253, 8.58776], [-83.38219, 8.58755], [-83.38164, 8.58733], [-83.38109, 8.58722], [-83.38109, 8.58722], [-83.38054, 8.58717], [-83.37999, 8.58715], [-83.37944, 8.58714], [-83.37889, 8.58712], [-83.37834, 8.58707], [-83.37779, 8.58698], [-83.37724, 8.58681], [-83.37694, 8.58667], [-83.37669, 8.58654], [-83.37614, 8.58613], [-83.37614, 8.58613], [-83.37565, 8.58558], [-83.37559, 8.58549], [-83.37528, 8.58504], [-83.37504, 8.58468], [-83.37491, 8.5845], [-83.37449, 8.58399], [-83.37445, 8.58395], [-83.37394, 8.5835], [-83.37382, 8.58341], [-83.37339, 8.58311], [-83.37302, 8.58286], [-83.37284, 8.58275], [-83.37229, 8.58233], [-83.37228, 8.58232], [-83.37176, 8.58178], [-83.37174, 8.58175], [-83.37137, 8.58123], [-83.37119, 8.58093], [-83.37105, 8.58069], [-83.37072, 8.58015], [-83.37064, 8.58002], [-83.3703, 8.5796], [-83.37009, 8.5794], [-83.3696, 8.57906], [-83.36954, 8.57903], [-83.36899, 8.5788], [-83.36844, 8.57866], [-83.36789, 8.57857], [-83.36749, 8.57851], [-83.36734, 8.5785], [-83.36679, 8.57844], [-83.36624, 8.57839], [-83.36569, 8.57835], [-83.36514, 8.57832], [-83.36459, 8.5783], [-83.36404, 8.57828], [-83.36349, 8.57826], [-83.36294, 8.57825], [-83.36239, 8.57825], [-83.36184, 8.57825], [-83.36129, 8.57825], [-83.36074, 8.57826], [-83.36019, 8.57827], [-83.35964, 8.57829], [-83.35909, 8.57832], [-83.35854, 8.57835], [-83.35799, 8.5784], [-83.35744, 8.57845], [-83.35699, 8.57851], [-83.35689, 8.57853], [-83.35634, 8.57861], [-83.35579, 8.57872], [-83.35524, 8.57885], [-83.35469, 8.57904], [-83.35466, 8.57906], [-83.35414, 8.57931], [-83.35373, 8.5796], [-83.35359, 8.5797], [-83.35311, 8.58015], [-83.35305, 8.5802], [-83.35256, 8.58069], [-83.3525, 8.58075], [-83.35195, 8.58121], [-83.35192, 8.58123], [-83.3514, 8.58152], [-83.35085, 8.58171], [-83.3503, 8.58176], [-83.34975, 8.58168], [-83.3492, 8.5815], [-83.34865, 8.58125], [-83.34862, 8.58123], [-83.3481, 8.58088], [-83.34781, 8.58069], [-83.34755, 8.58049], [-83.347, 8.58015], [-83.34699, 8.58015], [-83.34645, 8.57989], [-83.3459, 8.57972], [-83.34537, 8.5796], [-83.34535, 8.5796], [-83.3448, 8.57949], [-83.34425, 8.5794], [-83.3437, 8.57931], [-83.34315, 8.57922], [-83.3426, 8.57911], [-83.3424, 8.57906], [-83.34205, 8.57897], [-83.3415, 8.57881], [-83.34095, 8.57864], [-83.34058, 8.57851], [-83.3404, 8.57845], [-83.33985, 8.57825], [-83.3393, 8.57804], [-83.33913, 8.57797], [-83.33875, 8.5778], [-83.3382, 8.57755], [-83.33795, 8.57743], [-83.33765, 8.57725], [-83.3371, 8.5769], [-83.33708, 8.57688], [-83.33655, 8.5764], [-83.33648, 8.57634], [-83.336, 8.57582], [-83.33597, 8.57579], [-83.33547, 8.57525], [-83.33545, 8.57523], [-83.3349, 8.57471], [-83.3349, 8.57471], [-83.33435, 8.57428], [-83.33417, 8.57416], [-83.3338, 8.57393], [-83.33325, 8.57365], [-83.33319, 8.57362], [-83.3327, 8.57337], [-83.33215, 8.5731], [-83.33211, 8.57308], [-83.3316, 8.57279], [-83.33112, 8.57253], [-83.33105, 8.57249], [-83.3305, 8.57218], [-83.33013, 8.57199], [-83.32995, 8.5719], [-83.3294, 8.57165], [-83.32889, 8.57144], [-83.32885, 8.57143], [-83.3283, 8.57125], [-83.32775, 8.57111], [-83.3272, 8.57098], [-83.32692, 8.5709], [-83.32665, 8.57082], [-83.3261, 8.57059], [-83.32584, 8.57036], [-83.32555, 8.57029], [-83.32502, 8.56981], [-83.325, 8.56975], [-83.32462, 8.56927], [-83.32445, 8.56906], [-83.32423, 8.56873], [-83.3239, 8.56829], [-83.32384, 8.56818], [-83.32343, 8.56764], [-83.32335, 8.56755], [-83.323, 8.56709], [-83.32281, 8.56687], [-83.32254, 8.56655], [-83.32226, 8.56622], [-83.32207, 8.56601], [-83.32171, 8.56559], [-83.32159, 8.56546], [-83.32116, 8.56495], [-83.32112, 8.56492], [-83.32065, 8.56437], [-83.32061, 8.56431], [-83.32019, 8.56383], [-83.32006, 8.56367], [-83.31973, 8.56329], [-83.31951, 8.563], [-83.31929, 8.56274], [-83.31896, 8.56233], [-83.31884, 8.5622], [-83.31841, 8.56172], [-83.31835, 8.56166], [-83.31786, 8.56119], [-83.31777, 8.56111], [-83.31731, 8.56074], [-83.31707, 8.56057], [-83.31676, 8.56035], [-83.31624, 8.56002], [-83.31621, 8.56], [-83.31566, 8.55967], [-83.31531, 8.55948], [-83.31511, 8.55937], [-83.31456, 8.55913], [-83.31409, 8.55894], [-83.31401, 8.5589], [-83.31346, 8.55868], [-83.31291, 8.55845], [-83.31279, 8.55839], [-83.31236, 8.55818], [-83.31181, 8.55787], [-83.31178, 8.55785], [-83.31126, 8.55748], [-83.31105, 8.5573], [-83.31071, 8.55701], [-83.31046, 8.55676], [-83.31016, 8.55644], [-83.30996, 8.55622], [-83.30961, 8.55578], [-83.30953, 8.55567], [-83.30915, 8.55513], [-83.30906, 8.55499], [-83.30881, 8.55459], [-83.30851, 8.55408], [-83.30848, 8.55404], [-83.30817, 8.5535], [-83.30796, 8.55315], [-83.30784, 8.55295], [-83.30749, 8.55241], [-83.30741, 8.55228], [-83.30715, 8.55187], [-83.30686, 8.55142], [-83.30681, 8.55132], [-83.3065, 8.55078], [-83.30631, 8.55045], [-83.3062, 8.55023], [-83.30591, 8.54969], [-83.30576, 8.54944], [-83.3056, 8.54915], [-83.30527, 8.5486], [-83.30521, 8.5485], [-83.30494, 8.54806], [-83.30466, 8.54765], [-83.30457, 8.54752], [-83.30418, 8.54697], [-83.30411, 8.54688], [-83.30378, 8.54643], [-83.30356, 8.54616], [-83.30334, 8.54588], [-83.30301, 8.54553], [-83.30284, 8.54534], [-83.30246, 8.54497], [-83.30231, 8.5448], [-83.30191, 8.54436], [-83.30183, 8.54425], [-83.30141, 8.54371], [-83.30136, 8.54365], [-83.30103, 8.54317], [-83.30081, 8.54283], [-83.30068, 8.54262], [-83.30036, 8.54208], [-83.30026, 8.54189], [-83.30005, 8.54153], [-83.29971, 8.54103], [-83.29968, 8.54099], [-83.29916, 8.54045], [-83.29915, 8.54045], [-83.29861, 8.5401], [-83.29806, 8.5399], [-83.29806, 8.5399], [-83.29751, 8.53978], [-83.29696, 8.53969], [-83.29641, 8.53963], [-83.29586, 8.53959], [-83.29531, 8.53956], [-83.29476, 8.53953], [-83.29421, 8.5395], [-83.29366, 8.53948], [-83.29311, 8.53945], [-83.29256, 8.53942], [-83.29251, 8.53941]]}}, {"type": "Feature", "properties": {"depth_m": 10}, "geometry": {"type": "LineString", "coordinates": [[-83.20358, 8.62483], [-83.20404, 8.62488], [-83.20459, 8.62493], [-83.20514, 8.62497], [-83.20569, 8.62499], [-83.20624, 8.62499], [-83.20679, 8.62495], [-83.20734, 8.6249], [-83.20789, 8.62483], [-83.20843, 8.62475]]}}, {"type": "Feature", "properties": {"depth_m": 10}, "geometry": {"type": "LineString", "coordinates": [[-83.20854, 8.62474], [-83.20899, 8.62467], [-83.20954, 8.6246], [-83.21009, 8.62455], [-83.21064, 8.6245], [-83.21119, 8.62446], [-83.21174, 8.62441], [-83.21229, 8.62437], [-83.21284, 8.62432], [-83.21339, 8.62426], [-83.21394, 8.62421], [-83.21417, 8.6242], [-83.21449, 8.62416], [-83.21504, 8.6241], [-83.21559, 8.62403], [-83.21614, 8.62394], [-83.21669, 8.62386], [-83.21724, 8.6238], [-83.21779, 8.62379], [-83.21834, 8.6239], [-83.21882, 8.6242], [-83.21889, 8.62424], [-83.21926, 8.62474], [-83.21944, 8.62497], [-83.21959, 8.62528], [-83.21988, 8.62583], [-83.21999, 8.62602], [-83.22015, 8.62637], [-83.22039, 8.62691], [-83.22054, 8.62725], [-83.22062, 8.62746], [-83.22085, 8.628], [-83.22108, 8.62855], [-83.22109, 8.62857], [-83.22133, 8.62909], [-83.22164, 8.62963], [-83.22164, 8.62964], [-83.22212, 8.63018], [-83.22219, 8.63024], [-83.22274, 8.63057], [-83.22317, 8.63072], [-83.22329, 8.63076], [-83.22384, 8.63084], [-83.22439, 8.63079], [-83.22465, 8.63072], [-83.22494, 8.63063], [-83.22549, 8.63031], [-83.22565, 8.63018], [-83.22604, 8.62977], [-83.22614, 8.62963], [-83.22644, 8.62909], [-83.22659, 8.62872], [-83.22665, 8.62855], [-83.22682, 8.628], [-83.22696, 8.62746], [-83.22707, 8.62691], [-83.22714, 8.62652], [-83.22717, 8.62637], [-83.22724, 8.62583], [-83.22729, 8.62528], [-83.2273, 8.62474], [-83.22726, 8.6242], [-83.22714, 8.62365], [-83.22714, 8.62363], [-83.22697, 8.62311], [-83.22671, 8.62256], [-83.22659, 8.62237], [-83.22634, 8.62202], [-83.22604, 8.6217], [-83.22579, 8.62148], [-83.22549, 8.62124], [-83.22496, 8.62093], [-83.22494, 8.62092], [-83.22439, 8.62066], [-83.22384, 8.62048], [-83.22346, 8.62039], [-83.22329, 8.62034], [-83.22274, 8.62027], [-83.22219, 8.62026], [-83.22164, 8.62028], [-83.22109, 8.62033], [-83.22054, 8.62036], [-83.21999, 8.62034], [-83.21944, 8.62022], [-83.21889, 8.6199], [-83.21883, 8.61984], [-83.21834, 8.6195], [-83.21815, 8.6193], [-83.21779, 8.61899], [-83.2176, 8.61876], [-83.21724, 8.61831], [-83.21718, 8.61821], [-83.21689, 8.61767], [-83.21669, 8.61715], [-83.21668, 8.61713], [-83.21657, 8.61658], [-83.21655, 8.61604], [-83.2166, 8.61549], [-83.21669, 8.6151], [-83.21672, 8.61495], [-83.21689, 8.61441], [-83.21709, 8.61386], [-83.21724, 8.61349], [-83.21732, 8.61332], [-83.21757, 8.61278], [-83.21779, 8.61233], [-83.21785, 8.61223], [-83.21814, 8.61169], [-83.21834, 8.61131], [-83.21844, 8.61114], [-83.21881, 8.6106], [-83.21889, 8.6105], [-83.21927, 8.61006], [-83.21944, 8.60987], [-83.2198, 8.60951], [-83.21999, 8.60932], [-83.22037, 8.60897], [-83.22054, 8.60881], [-83.22097, 8.60842], [-83.22109, 8.60831], [-83.22158, 8.60788], [-83.22164, 8.60783], [-83.22219, 8.60734], [-83.22219, 8.60734], [-83.22274, 8.60686], [-83.22283, 8.60679], [-83.22329, 8.60644], [-83.22363, 8.60625], [-83.22384, 8.60613], [-83.22439, 8.60595], [-83.22494, 8.60585], [-83.22549, 8.60583], [-83.22604, 8.60586], [-83.22659, 8.6059], [-83.22714, 8.60595], [-83.22769, 8.60596], [-83.22824, 8.60596], [-83.22879, 8.60598], [-83.22934, 8.60602], [-83.22989, 8.60607], [-83.23044, 8.60613], [-83.23099, 8.60619], [-83.23154, 8.60625], [-83.23154, 8.60625], [-83.23208, 8.6063], [-83.23263, 8.60634], [-83.23318, 8.60638], [-83.23373, 8.60641], [-83.23428, 8.60645], [-83.23483, 8.60648], [-83.23538, 8.6065], [-83.23593, 8.60653], [-83.23648, 8.60654], [-83.23703, 8.60655], [-83.23758, 8.60654], [-83.23813, 8.60652], [-83.23868, 8.6065], [-83.23923, 8.60649], [-83.23978, 8.60649], [-83.24033, 8.60652], [-83.24088, 8.60659], [-83.24143, 8.60667], [-83.24198, 8.60675], [-83.24222, 8.60679], [-83.24253, 8.60685], [-83.24308, 8.60696], [-83.24363, 8.6071], [-83.24418, 8.60727], [-83.24435, 8.60734], [-83.24473, 8.60748], [-83.24528, 8.60775], [-83.24552, 8.60788], [-83.24583, 8.60806], [-83.24636, 8.60842], [-83.24638, 8.60844], [-83.24693, 8.60887], [-83.24704, 8.60897], [-83.24748, 8.60936], [-83.24763, 8.60951], [-83.24803, 8.60992], [-83.24816, 8.61006], [-83.24858, 8.61054], [-83.24863, 8.6106], [-83.24906, 8.61114], [-83.24913, 8.61125], [-83.24944, 8.61169], [-83.24968, 8.61207], [-83.24978, 8.61223], [-83.25008, 8.61278], [-83.25023, 8.61308], [-83.25033, 8.61332], [-83.25053, 8.61386], [-83.2507, 8.61441], [-83.25078, 8.61477], [-83.25082, 8.61495], [-83.2509, 8.61549], [-83.25094, 8.61604], [-83.25094, 8.61658], [-83.25088, 8.61713], [-83.25078, 8.61767], [-83.25078, 8.61769], [-83.25065, 8.61821], [-83.25051, 8.61876], [-83.25036, 8.6193], [-83.25025, 8.61984], [-83.25023, 8.61996], [-83.25016, 8.62039], [-83.25008, 8.62093], [-83.25, 8.62148], [-83.24993, 8.62202], [-83.24987, 8.62256], [-83.24984, 8.62311], [-83.24984, 8.62365], [-83.24987, 8.6242], [-83.24995, 8.62474], [-83.25007, 8.62528], [-83.25022, 8.62583], [-83.25023, 8.62587], [-83.25037, 8.62637], [-83.25051, 8.62691], [-83.25063, 8.62746], [-83.25072, 8.628], [-83.25078, 8.62844], [-83.25079, 8.62855], [-83.25083, 8.62909], [-83.25085, 8.62963], [-83.25087, 8.63018], [-83.25087, 8.63072], [-83.25087, 8.63127], [-83.25086, 8.63181], [-83.25084, 8.63235], [-83.25082, 8.6329], [-83.25078, 8.63339], [-83.25078, 8.63344], [-83.25071, 8.63398], [-83.25062, 8.63453], [-83.25053, 8.63507], [-83.25045, 8.63562], [-83.25039, 8.63616], [-83.25037, 8.6367], [-83.2504, 8.63725], [-83.25047, 8.63779], [-83.25059, 8.63834], [-83.25075, 8.63888], [-83.25078, 8.63898], [-83.25095, 8.63942], [-83.25117, 8.63997], [-83.25133, 8.64034], [-83.25141, 8.64051], [-83.25166, 8.64105], [-83.25188, 8.64155], [-83.2519, 8.6416], [-83.25215, 8.64214], [-83.25238, 8.64269], [-83.25243, 8.64279], [-83.25264, 8.64323], [-83.25289, 8.64377], [-83.25298, 8.64398], [-83.25313, 8.64432], [-83.25337, 8.64486], [-83.25353, 8.64526], [-83.25359, 8.6454], [-83.2538, 8.64595], [-83.25399, 8.64649], [-83.25408, 8.64675], [-83.25418, 8.64704], [-83.25437, 8.64758], [-83.25455, 8.64812], [-83.25463, 8.64835], [-83.25476, 8.64867], [-83.25501, 8.64921], [-83.25518, 8.64953], [-83.25533, 8.64976], [-83.25573, 8.65029], [-83.25574, 8.6503], [-83.25628, 8.65077], [-83.25639, 8.65084], [-83.25683, 8.65109], [-83.25738, 8.6513], [-83.25768, 8.65139], [-83.25793, 8.65145], [-83.25848, 8.65154], [-83.25903, 8.65155], [-83.25958, 8.65146], [-83.2598, 8.65139], [-83.26013, 8.65128], [-83.26068, 8.65104], [-83.26107, 8.65084], [-83.26123, 8.65076], [-83.26178, 8.65046], [-83.2621, 8.6503], [-83.26232, 8.65018], [-83.26287, 8.64992], [-83.26327, 8.64976], [-83.26342, 8.64968], [-83.26397, 8.6494], [-83.26434, 8.64921], [-83.26452, 8.6491], [-83.26507, 8.64874], [-83.26517, 8.64867], [-83.26562, 8.6483], [-83.26583, 8.64812], [-83.26617, 8.64779], [-83.26638, 8.64758], [-83.26672, 8.64722], [-83.2669, 8.64704], [-83.26727, 8.64669], [-83.26749, 8.64649], [-83.26782, 8.64623], [-83.26818, 8.64595], [-83.26837, 8.6458], [-83.26891, 8.6454], [-83.26892, 8.64539], [-83.26947, 8.64499], [-83.26967, 8.64486], [-83.27002, 8.64462], [-83.27051, 8.64432], [-83.27057, 8.64428], [-83.27112, 8.64399], [-83.27164, 8.64377], [-83.27167, 8.64376], [-83.27222, 8.64356], [-83.27277, 8.64338], [-83.27332, 8.64323], [-83.27332, 8.64323], [-83.27387, 8.64312], [-83.27442, 8.64306], [-83.27497, 8.64305], [-83.27552, 8.64311], [-83.27607, 8.64323], [-83.27607, 8.64323], [-83.27662, 8.64339], [-83.27717, 8.64357], [-83.27772, 8.64376], [-83.27777, 8.64377], [-83.27827, 8.64396], [-83.27882, 8.64417], [-83.27915, 8.64432], [-83.27937, 8.64441], [-83.27992, 8.64468], [-83.28023, 8.64486], [-83.28047, 8.645], [-83.28102, 8.6454], [-83.28102, 8.64541], [-83.28157, 8.64594], [-83.28157, 8.64595], [-83.28201, 8.64649], [-83.28212, 8.64664], [-83.28239, 8.64704], [-83.28267, 8.64745], [-83.28275, 8.64758], [-83.28308, 8.64812], [-83.28322, 8.64835], [-83.28341, 8.64867], [-83.28375, 8.64921], [-83.28377, 8.64924], [-83.28413, 8.64976], [-83.28432, 8.65], [-83.28461, 8.6503], [-83.28487, 8.65056], [-83.28523, 8.65084], [-83.28542, 8.65099], [-83.28597, 8.65136], [-83.28602, 8.65139], [-83.28652, 8.65167], [-83.28707, 8.65192], [-83.28711, 8.65193], [-83.28762, 8.6521], [-83.28817, 8.65223], [-83.28872, 8.65229], [-83.28927, 8.65229], [-83.28982, 8.6522], [-83.29037, 8.65202], [-83.29056, 8.65193], [-83.29092, 8.65179], [-83.29147, 8.65154], [-83.29183, 8.65139], [-83.29202, 8.65132], [-83.29256, 8.65114], [-83.29311, 8.65102], [-83.29366, 8.65099], [-83.29421, 8.65095], [-83.29476, 8.65088], [-83.29501, 8.65084], [-83.29531, 8.65081], [-83.29586, 8.65079], [-83.29641, 8.65084], [-83.29642, 8.65084], [-83.29696, 8.65104], [-83.29745, 8.65139], [-83.29751, 8.65143], [-83.29791, 8.65193], [-83.29806, 8.65214], [-83.29823, 8.65247], [-83.29849, 8.65302], [-83.29861, 8.65328], [-83.29872, 8.65356], [-83.29894, 8.65411], [-83.29916, 8.65459], [-83.29919, 8.65465], [-83.29943, 8.65519], [-83.29971, 8.65573], [-83.29972, 8.65574], [-83.30005, 8.65628], [-83.30026, 8.65656], [-83.30049, 8.65683], [-83.30081, 8.65716], [-83.30106, 8.65737], [-83.30136, 8.6576], [-83.30187, 8.65791]]}}, {"type": "Feature", "properties": {"depth_m": 10}, "geometry": {"type": "LineString", "coordinates": [[-83.28817, 8.53925], [-83.28762, 8.5393], [-83.28707, 8.53929], [-83.28652, 8.53929], [-83.28597, 8.53927], [-83.28542, 8.53926], [-83.28487, 8.53923], [-83.28432, 8.53922], [-83.28377, 8.53924], [-83.28322, 8.53928], [-83.28267, 8.5393], [-83.28212, 8.53928], [-83.28157, 8.53921], [-83.28102, 8.53906], [-83.28047, 8.53881], [-83.28047, 8.53881], [-83.27992, 8.53837], [-83.27982, 8.53827], [-83.27941, 8.53773], [-83.27937, 8.53766], [-83.27914, 8.53718], [-83.27896, 8.53664], [-83.27884, 8.5361], [-83.27882, 8.53595], [-83.27876, 8.53555], [-83.27872, 8.53501], [-83.27868, 8.53446], [-83.27864, 8.53392], [-83.27855, 8.53338], [-83.2784, 8.53283], [-83.27827, 8.53234], [-83.27826, 8.53229], [-83.27813, 8.53174], [-83.27801, 8.5312], [-83.27789, 8.53066], [-83.27776, 8.53011], [-83.27772, 8.52998], [-83.2776, 8.52957], [-83.27738, 8.52903], [-83.27717, 8.52867], [-83.27706, 8.52848], [-83.27664, 8.52794], [-83.27662, 8.52791], [-83.27617, 8.52739], [-83.27607, 8.52729], [-83.2757, 8.52685], [-83.27552, 8.52665], [-83.27526, 8.52631], [-83.27497, 8.52592], [-83.27487, 8.52576], [-83.27453, 8.52522], [-83.27442, 8.52502], [-83.27425, 8.52468], [-83.274, 8.52413], [-83.27387, 8.52379], [-83.27379, 8.52359], [-83.27361, 8.52304], [-83.27344, 8.5225], [-83.27332, 8.52206], [-83.27329, 8.52196], [-83.27315, 8.52141], [-83.27301, 8.52087], [-83.27287, 8.52032], [-83.27277, 8.51991], [-83.27274, 8.51978], [-83.27262, 8.51924], [-83.27253, 8.51869], [-83.27244, 8.51815], [-83.27237, 8.51761], [-83.27229, 8.51706], [-83.27222, 8.51667], [-83.27219, 8.51652], [-83.27206, 8.51597], [-83.2719, 8.51543], [-83.27171, 8.51489], [-83.27167, 8.51477], [-83.27151, 8.51434], [-83.27128, 8.5138], [-83.27112, 8.51344], [-83.27104, 8.51325], [-83.27077, 8.51271], [-83.27057, 8.51234], [-83.27047, 8.51217], [-83.27015, 8.51162], [-83.27002, 8.51141], [-83.26981, 8.51108], [-83.26948, 8.51054], [-83.26947, 8.51052], [-83.26917, 8.50999], [-83.26892, 8.50953], [-83.26888, 8.50945], [-83.26862, 8.5089], [-83.26839, 8.50836], [-83.26837, 8.50832], [-83.26817, 8.50782], [-83.26795, 8.50727], [-83.26782, 8.50694], [-83.26774, 8.50673], [-83.26758, 8.50618], [-83.26745, 8.50564], [-83.26736, 8.5051], [-83.26729, 8.50455], [-83.26727, 8.50445], [-83.26722, 8.50401], [-83.26714, 8.50347], [-83.26704, 8.50292], [-83.26691, 8.50238], [-83.26675, 8.50183], [-83.26672, 8.50174], [-83.2666, 8.50129], [-83.26648, 8.50075], [-83.26639, 8.5002], [-83.26634, 8.49966], [-83.26633, 8.49912], [-83.26638, 8.49857], [-83.26648, 8.49803], [-83.26663, 8.49748], [-83.26672, 8.49721], [-83.26683, 8.49694], [-83.26709, 8.4964], [-83.26727, 8.49603], [-83.26738, 8.49585], [-83.26773, 8.49531], [-83.26782, 8.49515], [-83.26811, 8.49476], [-83.26837, 8.49435], [-83.26847, 8.49422], [-83.26882, 8.49368], [-83.26892, 8.49352], [-83.26917, 8.49313], [-83.26947, 8.49261], [-83.26948, 8.49259], [-83.26975, 8.49205], [-83.26996, 8.4915], [-83.27002, 8.49129], [-83.27012, 8.49096], [-83.27024, 8.49041], [-83.27032, 8.48987], [-83.27036, 8.48933], [-83.27037, 8.48878], [-83.27036, 8.48824], [-83.27033, 8.48769], [-83.27029, 8.48715], [-83.27024, 8.48661], [-83.2702, 8.48606], [-83.27017, 8.48552], [-83.27014, 8.48498], [-83.27011, 8.48443], [-83.27008, 8.48389], [-83.27005, 8.48334], [-83.27002, 8.48287], [-83.27002, 8.4828], [-83.26999, 8.48226], [-83.26997, 8.48171], [-83.26995, 8.48117], [-83.26996, 8.48062], [-83.26999, 8.48008], [-83.27002, 8.4798], [-83.27005, 8.47954], [-83.27012, 8.47899], [-83.27017, 8.47845], [-83.27019, 8.47791], [-83.27013, 8.47736], [-83.27002, 8.47696], [-83.26998, 8.47682], [-83.26972, 8.47627], [-83.26947, 8.47588], [-83.26939, 8.47573], [-83.26903, 8.47519], [-83.26892, 8.47501], [-83.26871, 8.47464], [-83.26841, 8.4741], [-83.26837, 8.47402], [-83.26815, 8.47356], [-83.26792, 8.47301], [-83.26782, 8.47275], [-83.26771, 8.47247], [-83.26749, 8.47192], [-83.26727, 8.47141], [-83.26726, 8.47138], [-83.26697, 8.47084], [-83.26672, 8.47039], [-83.26666, 8.47029], [-83.26628, 8.46975], [-83.26617, 8.4696], [-83.26584, 8.4692], [-83.26562, 8.46896], [-83.26532, 8.46866], [-83.26507, 8.46842], [-83.26473, 8.46812], [-83.26452, 8.46795], [-83.26405, 8.46757], [-83.26397, 8.46752], [-83.26342, 8.46711], [-83.26333, 8.46703], [-83.26287, 8.46667], [-83.26267, 8.46649], [-83.26232, 8.46618], [-83.26207, 8.46594], [-83.26178, 8.46567], [-83.2615, 8.4654], [-83.26123, 8.46512], [-83.26098, 8.46485], [-83.26068, 8.46452], [-83.26049, 8.46431], [-83.26013, 8.46391], [-83.25999, 8.46377], [-83.25958, 8.46334], [-83.25946, 8.46322], [-83.25903, 8.46283], [-83.25885, 8.46268], [-83.25848, 8.4624], [-83.25812, 8.46213], [-83.25793, 8.46201], [-83.25738, 8.46164], [-83.2573, 8.46159], [-83.25683, 8.46129], [-83.25645, 8.46105], [-83.25628, 8.46094], [-83.25573, 8.46058], [-83.25561, 8.4605], [-83.25518, 8.46021], [-83.25482, 8.45996], [-83.25463, 8.45982], [-83.25409, 8.45942], [-83.25408, 8.45941], [-83.25353, 8.45897], [-83.25341, 8.45887], [-83.25298, 8.45852], [-83.25275, 8.45833], [-83.25243, 8.45807], [-83.25208, 8.45778], [-83.25188, 8.45762], [-83.25143, 8.45724], [-83.25133, 8.45715], [-83.25082, 8.4567], [-83.25078, 8.45666], [-83.25026, 8.45615], [-83.25023, 8.45612], [-83.24978, 8.45561], [-83.24968, 8.45548], [-83.2494, 8.45507], [-83.24913, 8.45462], [-83.24908, 8.45452], [-83.24879, 8.45398], [-83.24858, 8.45354], [-83.24853, 8.45343], [-83.24833, 8.45289], [-83.24818, 8.45235], [-83.24811, 8.4518], [-83.24813, 8.45126], [-83.24827, 8.45071], [-83.24855, 8.45017], [-83.24858, 8.45014], [-83.24903, 8.44963], [-83.24913, 8.44954], [-83.24968, 8.4491], [-83.2497, 8.44908], [-83.25023, 8.44876], [-83.2506, 8.44854], [-83.25078, 8.44844], [-83.25133, 8.44814], [-83.25158, 8.448], [-83.25188, 8.44782], [-83.25243, 8.44748], [-83.25247, 8.44745], [-83.25298, 8.44709], [-83.25323, 8.44691], [-83.25353, 8.44666], [-83.25389, 8.44636], [-83.25408, 8.44621], [-83.25456, 8.44582], [-83.25463, 8.44577], [-83.25518, 8.44536], [-83.25529, 8.44528], [-83.25573, 8.44496], [-83.25605, 8.44473], [-83.25628, 8.44457], [-83.25682, 8.44419], [-83.25683, 8.44419], [-83.25738, 8.44381], [-83.25763, 8.44364], [-83.25793, 8.44344], [-83.25843, 8.4431], [-83.25848, 8.44307], [-83.25903, 8.44272], [-83.25934, 8.44256], [-83.25958, 8.44242], [-83.26013, 8.44215], [-83.26043, 8.44201], [-83.26068, 8.44189], [-83.26123, 8.44164], [-83.2616, 8.44147], [-83.26178, 8.44138], [-83.26232, 8.44106], [-83.26251, 8.44093], [-83.26287, 8.44064], [-83.26317, 8.44038], [-83.26342, 8.44014], [-83.26374, 8.43984], [-83.26397, 8.43959], [-83.26426, 8.43929], [-83.26452, 8.439], [-83.26476, 8.43875], [-83.26507, 8.43837], [-83.26521, 8.43821], [-83.2656, 8.43766], [-83.26562, 8.43761], [-83.2659, 8.43712], [-83.26614, 8.43657], [-83.26617, 8.43648], [-83.26632, 8.43603], [-83.26645, 8.43549], [-83.26655, 8.43494], [-83.26662, 8.4344], [-83.26668, 8.43386], [-83.26672, 8.43331], [-83.26672, 8.43316], [-83.26674, 8.43277], [-83.26674, 8.43222], [-83.26673, 8.43168], [-83.26672, 8.4316], [-83.26671, 8.43114], [-83.26668, 8.43059], [-83.26666, 8.43005], [-83.26665, 8.42951], [-83.26664, 8.42896], [-83.26661, 8.42842], [-83.26657, 8.42787], [-83.26652, 8.42733], [-83.26648, 8.42679], [-83.26646, 8.42624], [-83.26646, 8.4257], [-83.2665, 8.42515], [-83.26659, 8.42461], [-83.26672, 8.42407], [-83.26673, 8.42407], [-83.26692, 8.42352], [-83.26714, 8.42298], [-83.26727, 8.42269], [-83.2674, 8.42244], [-83.26768, 8.42189], [-83.26782, 8.42162], [-83.26796, 8.42135], [-83.26825, 8.4208], [-83.26837, 8.42057], [-83.26854, 8.42026]]}}, {"type": "Feature", "properties": {"depth_m": 10}, "geometry": {"type": "LineString", "coordinates": [[-83.12473, 8.42026], [-83.12487, 8.42053], [-83.12502, 8.4208], [-83.12518, 8.42135], [-83.12525, 8.42189], [-83.12528, 8.42244], [-83.12528, 8.42298], [-83.12531, 8.42352], [-83.12541, 8.42407], [-83.12542, 8.42409], [-83.12569, 8.42461], [-83.12597, 8.42493], [-83.12621, 8.42515], [-83.12652, 8.42539], [-83.12698, 8.4257], [-83.12707, 8.42576], [-83.12762, 8.42613], [-83.12777, 8.42624], [-83.12817, 8.42659], [-83.12836, 8.42679], [-83.12872, 8.42724], [-83.12878, 8.42733], [-83.12908, 8.42787], [-83.12927, 8.42833], [-83.1293, 8.42842], [-83.12948, 8.42896], [-83.12962, 8.42951], [-83.12972, 8.43005], [-83.12982, 8.43059], [-83.12982, 8.4306], [-83.12992, 8.43114], [-83.13005, 8.43168], [-83.13021, 8.43222], [-83.13037, 8.43262], [-83.13043, 8.43277], [-83.1307, 8.43331], [-83.13092, 8.43365], [-83.13105, 8.43386], [-83.13144, 8.4344], [-83.13147, 8.43444], [-83.13183, 8.43494], [-83.13202, 8.43521], [-83.1322, 8.43549], [-83.13252, 8.43603], [-83.13257, 8.43613], [-83.13278, 8.43657], [-83.13299, 8.43712], [-83.13312, 8.43759], [-83.13314, 8.43766], [-83.13325, 8.43821], [-83.13334, 8.43875], [-83.1334, 8.43929], [-83.13345, 8.43984], [-83.13347, 8.44038], [-83.13347, 8.44093], [-83.13346, 8.44147], [-83.13342, 8.44201], [-83.13335, 8.44256], [-83.13321, 8.4431], [-83.13312, 8.44337], [-83.13302, 8.44364], [-83.13276, 8.44419], [-83.13257, 8.44454], [-83.13245, 8.44473], [-83.13209, 8.44528], [-83.13202, 8.44539], [-83.13174, 8.44582], [-83.1315, 8.44636], [-83.13147, 8.44655], [-83.1314, 8.44691], [-83.13139, 8.44745], [-83.13146, 8.448], [-83.13147, 8.44802], [-83.13162, 8.44854], [-83.13186, 8.44908], [-83.13202, 8.44937], [-83.13219, 8.44963], [-83.13257, 8.45012], [-83.13262, 8.45017], [-83.13312, 8.45067], [-83.13317, 8.45071], [-83.13367, 8.4511], [-83.13386, 8.45126], [-83.13422, 8.4515], [-83.13459, 8.4518], [-83.13477, 8.45194], [-83.13518, 8.45235], [-83.13532, 8.45248], [-83.13564, 8.45289], [-83.13587, 8.4532], [-83.13601, 8.45343], [-83.13631, 8.45398], [-83.13642, 8.45422], [-83.13654, 8.45452], [-83.13673, 8.45507], [-83.13688, 8.45561], [-83.13697, 8.45597], [-83.13701, 8.45615], [-83.13715, 8.4567], [-83.1373, 8.45724], [-83.1375, 8.45778], [-83.13752, 8.45783], [-83.13775, 8.45833], [-83.13806, 8.45887], [-83.13807, 8.45887], [-83.13839, 8.45942], [-83.1386, 8.45996], [-83.13862, 8.46004], [-83.13868, 8.4605], [-83.13869, 8.46105], [-83.13867, 8.46159], [-83.13868, 8.46213], [-83.13874, 8.46268], [-83.13887, 8.46322], [-83.13912, 8.46377], [-83.13917, 8.46383], [-83.13966, 8.46431], [-83.13972, 8.46435], [-83.14027, 8.46461], [-83.14082, 8.46479], [-83.14106, 8.46485], [-83.14136, 8.46493], [-83.14191, 8.46509], [-83.14246, 8.46539], [-83.14248, 8.4654], [-83.1429, 8.46594], [-83.14301, 8.46619], [-83.14312, 8.46649], [-83.14328, 8.46703], [-83.14343, 8.46757], [-83.14356, 8.46799], [-83.14361, 8.46812], [-83.14388, 8.46866], [-83.14411, 8.46908], [-83.14422, 8.4692], [-83.14466, 8.46968], [-83.14476, 8.46975], [-83.14521, 8.47007], [-83.14559, 8.47029], [-83.14576, 8.47041], [-83.14631, 8.47083], [-83.14632, 8.47084], [-83.14678, 8.47138], [-83.14686, 8.47149], [-83.14713, 8.47192], [-83.14741, 8.47234], [-83.14749, 8.47247], [-83.14789, 8.47301], [-83.14796, 8.4731], [-83.1483, 8.47356], [-83.14851, 8.47382], [-83.14871, 8.4741], [-83.14906, 8.47463], [-83.14907, 8.47464], [-83.14935, 8.47519], [-83.14958, 8.47573], [-83.14961, 8.47583], [-83.14974, 8.47627], [-83.14983, 8.47682], [-83.14986, 8.47736], [-83.14985, 8.47791], [-83.1498, 8.47845], [-83.14973, 8.47899], [-83.14965, 8.47954], [-83.14961, 8.4799], [-83.14959, 8.48008], [-83.14956, 8.48062], [-83.14958, 8.48117], [-83.14961, 8.48139], [-83.14965, 8.48171], [-83.14973, 8.48226], [-83.14981, 8.4828], [-83.14988, 8.48334], [-83.14993, 8.48389], [-83.14997, 8.48443], [-83.14999, 8.48498], [-83.14999, 8.48552], [-83.14999, 8.48606], [-83.14996, 8.48661], [-83.14993, 8.48715], [-83.14988, 8.48769], [-83.14981, 8.48824], [-83.14973, 8.48878], [-83.14965, 8.48933], [-83.14961, 8.48965], [-83.14958, 8.48987], [-83.14955, 8.49041], [-83.14954, 8.49096], [-83.14955, 8.4915], [-83.14957, 8.49205], [-83.14958, 8.49259], [-83.14958, 8.49313], [-83.14957, 8.49368], [-83.14953, 8.49422], [-83.14945, 8.49476], [-83.14935, 8.49531], [-83.14924, 8.49585], [-83.14914, 8.4964], [-83.14906, 8.4969], [-83.14906, 8.49694], [-83.149, 8.49748], [-83.14897, 8.49803], [-83.14899, 8.49857], [-83.14903, 8.49912], [-83.14906, 8.49941], [-83.14909, 8.49966], [-83.14917, 8.5002], [-83.1493, 8.50075], [-83.14948, 8.50129], [-83.14961, 8.50159], [-83.14973, 8.50183], [-83.15005, 8.50238], [-83.15016, 8.50253], [-83.15047, 8.50292], [-83.15071, 8.50315], [-83.15105, 8.50347], [-83.15126, 8.50362], [-83.15181, 8.504], [-83.15182, 8.50401], [-83.15236, 8.50435], [-83.1527, 8.50455], [-83.15291, 8.5047], [-83.15346, 8.50502], [-83.15362, 8.5051], [-83.15401, 8.50536], [-83.15441, 8.50564], [-83.15456, 8.50593], [-83.15466, 8.50618], [-83.15457, 8.50673], [-83.15456, 8.50674], [-83.15421, 8.50727], [-83.15401, 8.50747], [-83.15369, 8.50782], [-83.15346, 8.50799], [-83.1531, 8.50836], [-83.15291, 8.50851], [-83.15252, 8.5089], [-83.15236, 8.50905], [-83.15197, 8.50945], [-83.15181, 8.5096], [-83.15146, 8.50999], [-83.15126, 8.51021], [-83.15101, 8.51054], [-83.15071, 8.51094], [-83.15062, 8.51108], [-83.15029, 8.51162], [-83.15016, 8.51187], [-83.15002, 8.51217], [-83.14977, 8.51271], [-83.14961, 8.51308], [-83.14955, 8.51325], [-83.14934, 8.5138], [-83.14915, 8.51434], [-83.14906, 8.51461], [-83.14898, 8.51489], [-83.14882, 8.51543], [-83.14866, 8.51597], [-83.14851, 8.51648], [-83.1485, 8.51652], [-83.14835, 8.51706], [-83.14822, 8.51761], [-83.14809, 8.51815], [-83.14798, 8.51869], [-83.14796, 8.5188], [-83.14789, 8.51924], [-83.14782, 8.51978], [-83.14777, 8.52032], [-83.14772, 8.52087], [-83.14768, 8.52141], [-83.14764, 8.52196], [-83.1476, 8.5225], [-83.14758, 8.52304], [-83.14757, 8.52359], [-83.14757, 8.52413], [-83.14759, 8.52468], [-83.14761, 8.52522], [-83.14766, 8.52576], [-83.14772, 8.52631], [-83.1478, 8.52685], [-83.14792, 8.52739], [-83.14796, 8.52753], [-83.14811, 8.52794], [-83.14838, 8.52848], [-83.14851, 8.5287], [-83.14883, 8.52903], [-83.14906, 8.52921], [-83.14961, 8.5294], [-83.15016, 8.52947], [-83.15071, 8.52952], [-83.15097, 8.52957], [-83.15126, 8.52962], [-83.15181, 8.52984], [-83.15218, 8.53011], [-83.15236, 8.53025], [-83.1527, 8.53066], [-83.15291, 8.53094], [-83.15306, 8.5312], [-83.15335, 8.53174], [-83.15346, 8.53199], [-83.15358, 8.53229], [-83.15378, 8.53283], [-83.15395, 8.53338], [-83.15401, 8.53365], [-83.15406, 8.53392], [-83.15413, 8.53446], [-83.15417, 8.53501], [-83.1542, 8.53555], [-83.15422, 8.5361], [-83.15426, 8.53664], [-83.15433, 8.53718], [-83.15444, 8.53773], [-83.15456, 8.53815], [-83.15459, 8.53827], [-83.15478, 8.53881], [-83.155, 8.53936], [-83.15511, 8.53961], [-83.15524, 8.5399], [-83.15549, 8.54045], [-83.15566, 8.54081], [-83.15574, 8.54099], [-83.156, 8.54153], [-83.15621, 8.54199], [-83.15625, 8.54208], [-83.15652, 8.54262], [-83.15676, 8.54303], [-83.15684, 8.54317], [-83.15721, 8.54371], [-83.15731, 8.54384], [-83.15764, 8.54425], [-83.15786, 8.5445], [-83.15814, 8.5448], [-83.15841, 8.54505], [-83.15873, 8.54534], [-83.15896, 8.54554], [-83.1594, 8.54588], [-83.15951, 8.54597], [-83.16006, 8.54638], [-83.16012, 8.54643], [-83.16061, 8.54679], [-83.16085, 8.54697], [-83.16116, 8.5472], [-83.16158, 8.54752], [-83.16171, 8.54761], [-83.16226, 8.548], [-83.16235, 8.54806], [-83.16281, 8.54835], [-83.16328, 8.5486], [-83.16336, 8.54865], [-83.16391, 8.54894], [-83.16429, 8.54915], [-83.16446, 8.54924], [-83.16501, 8.54958], [-83.16516, 8.54969], [-83.16556, 8.55], [-83.1658, 8.55023], [-83.16611, 8.55057], [-83.16627, 8.55078], [-83.16662, 8.55132], [-83.16666, 8.5514], [-83.16688, 8.55187], [-83.16712, 8.55241], [-83.16721, 8.55263], [-83.16733, 8.55295], [-83.16753, 8.5535], [-83.16775, 8.55404], [-83.16776, 8.55406], [-83.16799, 8.55459], [-83.1683, 8.55513], [-83.16831, 8.55514], [-83.16864, 8.55567], [-83.16886, 8.55596], [-83.16904, 8.55622], [-83.16941, 8.55665], [-83.16949, 8.55676], [-83.16996, 8.55728], [-83.16998, 8.5573], [-83.17046, 8.55785], [-83.17051, 8.5579], [-83.17092, 8.55839], [-83.17106, 8.55856], [-83.17135, 8.55894], [-83.1716, 8.55927], [-83.17177, 8.55948], [-83.17215, 8.56], [-83.17217, 8.56002], [-83.17259, 8.56057], [-83.1727, 8.56071], [-83.17303, 8.56111], [-83.17325, 8.56137], [-83.1735, 8.56166], [-83.1738, 8.562], [-83.17397, 8.5622], [-83.17435, 8.56263], [-83.17444, 8.56274], [-83.17488, 8.56329], [-83.1749, 8.56332], [-83.17528, 8.56383], [-83.17545, 8.56405], [-83.17571, 8.56437], [-83.176, 8.56468], [-83.17624, 8.56492], [-83.17655, 8.56517], [-83.17698, 8.56546], [-83.1771, 8.56553], [-83.17765, 8.56584], [-83.17795, 8.56601], [-83.1782, 8.56614], [-83.17875, 8.56645], [-83.1789, 8.56655], [-83.1793, 8.56686], [-83.17954, 8.56709], [-83.17985, 8.56751], [-83.17993, 8.56764], [-83.18009, 8.56818], [-83.18009, 8.56873], [-83.17995, 8.56927], [-83.17985, 8.56951], [-83.17969, 8.56981], [-83.17936, 8.57036], [-83.1793, 8.57046], [-83.17892, 8.5709], [-83.17875, 8.57113], [-83.17843, 8.57144], [-83.1782, 8.57176], [-83.17797, 8.57199], [-83.17769, 8.57253], [-83.17765, 8.57267], [-83.17751, 8.57308], [-83.17739, 8.57362], [-83.17735, 8.57416], [-83.17739, 8.57471], [-83.17749, 8.57525], [-83.17765, 8.57579], [-83.17765, 8.5758], [-83.17784, 8.57634], [-83.1781, 8.57688], [-83.1782, 8.57702], [-83.17845, 8.57743], [-83.17875, 8.57778], [-83.17889, 8.57797], [-83.1793, 8.57844], [-83.17936, 8.57851], [-83.1798, 8.57906], [-83.17985, 8.57912], [-83.18021, 8.5796], [-83.1804, 8.57987], [-83.18058, 8.58015], [-83.18089, 8.58069], [-83.18095, 8.58084], [-83.18112, 8.58123], [-83.18128, 8.58178], [-83.18139, 8.58232], [-83.18145, 8.58286], [-83.1815, 8.58341], [-83.1815, 8.58343], [-83.18154, 8.58395], [-83.18159, 8.5845], [-83.18168, 8.58504], [-83.18183, 8.58558], [-83.18202, 8.58613], [-83.18205, 8.5862], [-83.18226, 8.58667], [-83.18253, 8.58722], [-83.1826, 8.58735], [-83.18283, 8.58776], [-83.18314, 8.5883], [-83.18315, 8.58832], [-83.18346, 8.58885], [-83.1837, 8.58931], [-83.18375, 8.58939], [-83.184, 8.58993], [-83.18423, 8.59048], [-83.18425, 8.59055], [-83.18442, 8.59102], [-83.18458, 8.59157], [-83.18469, 8.59211], [-83.18475, 8.59265], [-83.18477, 8.5932], [-83.18475, 8.59374], [-83.18467, 8.59429], [-83.1845, 8.59483], [-83.18425, 8.59537], [-83.18425, 8.59538], [-83.18396, 8.59592], [-83.1837, 8.59639], [-83.18366, 8.59646], [-83.18339, 8.597], [-83.18323, 8.59755], [-83.18318, 8.59809], [-83.18329, 8.59864], [-83.18352, 8.59918], [-83.1837, 8.59952], [-83.1838, 8.59972], [-83.18407, 8.60027], [-83.18425, 8.60072], [-83.18428, 8.60081], [-83.18444, 8.60135], [-83.18453, 8.6019], [-83.18454, 8.60244], [-83.18447, 8.60299], [-83.1843, 8.60353], [-83.18425, 8.60362], [-83.18403, 8.60407], [-83.1837, 8.60458], [-83.18367, 8.60462], [-83.18325, 8.60516], [-83.18315, 8.60528], [-83.18278, 8.60571], [-83.1826, 8.60591], [-83.18228, 8.60625], [-83.18205, 8.60653], [-83.18183, 8.60679], [-83.18151, 8.60734], [-83.1815, 8.60738], [-83.18137, 8.60788], [-83.18135, 8.60842], [-83.18143, 8.60897], [-83.1815, 8.60927], [-83.18156, 8.60951], [-83.18169, 8.61006], [-83.18181, 8.6106], [-83.18188, 8.61114], [-83.1819, 8.61169], [-83.18187, 8.61223], [-83.18183, 8.61278], [-83.18176, 8.61332], [-83.1817, 8.61386], [-83.18165, 8.61441], [-83.18164, 8.61495], [-83.18172, 8.61549], [-83.1819, 8.61604], [-83.18205, 8.61639], [-83.18215, 8.61658], [-83.18256, 8.61713], [-83.1826, 8.61716], [-83.18315, 8.61749], [-83.1837, 8.61765], [-83.18394, 8.61767], [-83.18425, 8.61769], [-83.18452, 8.61767], [-83.1848, 8.61765], [-83.18535, 8.61757], [-83.1859, 8.61749], [-83.18645, 8.61743], [-83.187, 8.61742], [-83.18755, 8.61747], [-83.1881, 8.6176], [-83.18825, 8.61767], [-83.18865, 8.61783], [-83.1892, 8.61813], [-83.18932, 8.61821], [-83.18975, 8.61848], [-83.19012, 8.61876], [-83.1903, 8.61887], [-83.19085, 8.61927], [-83.19089, 8.6193], [-83.1914, 8.61963], [-83.19172, 8.61984], [-83.19195, 8.61997], [-83.1925, 8.62025], [-83.19275, 8.62039], [-83.19305, 8.62052], [-83.1936, 8.62078], [-83.19388, 8.62093], [-83.19415, 8.62106], [-83.1947, 8.62136], [-83.1949, 8.62148], [-83.19525, 8.62167], [-83.1958, 8.622], [-83.19583, 8.62202], [-83.19635, 8.62233], [-83.19675, 8.62256], [-83.1969, 8.62265], [-83.19745, 8.62294], [-83.19776, 8.62311], [-83.198, 8.62323], [-83.19855, 8.6235], [-83.19888, 8.62365], [-83.1991, 8.62374], [-83.19965, 8.62396], [-83.2002, 8.62415], [-83.20034, 8.6242], [-83.20075, 8.6243], [-83.2013, 8.62444], [-83.20184, 8.62455], [-83.20239, 8.62466], [-83.20289, 8.62474]]}}, {"type": "Feature", "properties": {"depth_m": 25}, "geometry": {"type": "LineString", "coordinates": [[-83.22384, 8.62815], [-83.22403, 8.628], [-83.22439, 8.62761], [-83.22446, 8.62746], [-83.22465, 8.62691], [-83.22475, 8.62637], [-83.22479, 8.62583], [-83.22475, 8.62528], [-83.22464, 8.62474], [-83.22443, 8.6242], [-83.22439, 8.62412], [-83.22395, 8.62365], [-83.22384, 8.62357], [-83.22329, 8.62338], [-83.22274, 8.62347], [-83.22247, 8.62365], [-83.22219, 8.624], [-83.22209, 8.6242], [-83.22199, 8.62474], [-83.22199, 8.62528], [-83.22205, 8.62583], [-83.22217, 8.62637], [-83.22219, 8.62642], [-83.22238, 8.62691], [-83.22264, 8.62746], [-83.22274, 8.62763], [-83.22313, 8.628], [-83.22329, 8.62814], [-83.22384, 8.62815]]}}, {"type": "Feature", "properties": {"depth_m": 25}, "geometry": {"type": "LineString", "coordinates": [[-83.29071, 8.54099], [-83.29037, 8.54125], [-83.28982, 8.54125], [-83.28951, 8.54153], [-83.28927, 8.54172], [-83.28889, 8.54208], [-83.28872, 8.54222], [-83.28817, 8.5422], [-83.28762, 8.54221], [-83.28745, 8.54208], [-83.28762, 8.54169], [-83.28778, 8.5417]]}}, {"type": "Feature", "properties": {"depth_m": 25}, "geometry": {"type": "LineString", "coordinates": [[-83.28773, 8.54034], [-83.28762, 8.54024], [-83.28707, 8.54023], [-83.28652, 8.54021], [-83.28597, 8.54019], [-83.28542, 8.54017], [-83.28487, 8.54014], [-83.28432, 8.54012], [-83.28377, 8.54013], [-83.28322, 8.54015], [-83.28267, 8.54015], [-83.28212, 8.54013], [-83.28157, 8.54007], [-83.28102, 8.53994], [-83.28092, 8.5399], [-83.28047, 8.53972], [-83.27992, 8.53938], [-83.27989, 8.53936], [-83.27937, 8.53889], [-83.2793, 8.53881], [-83.27885, 8.53827], [-83.27882, 8.53822], [-83.27852, 8.53773], [-83.27827, 8.53721], [-83.27826, 8.53718], [-83.27805, 8.53664], [-83.27787, 8.5361], [-83.27772, 8.5356], [-83.2777, 8.53555], [-83.27753, 8.53501], [-83.27734, 8.53446], [-83.27717, 8.53406], [-83.27711, 8.53392], [-83.27684, 8.53338], [-83.27662, 8.53297], [-83.27655, 8.53283], [-83.27628, 8.53229], [-83.27607, 8.53182], [-83.27604, 8.53174], [-83.27583, 8.5312], [-83.27562, 8.53066], [-83.27552, 8.53042], [-83.2754, 8.53011], [-83.27517, 8.52957], [-83.27497, 8.52919], [-83.27489, 8.52903], [-83.27456, 8.52848], [-83.27442, 8.52827], [-83.2742, 8.52794], [-83.27387, 8.52746], [-83.27383, 8.52739], [-83.27346, 8.52685], [-83.27332, 8.52664], [-83.2731, 8.52631], [-83.27277, 8.52579], [-83.27275, 8.52576], [-83.27242, 8.52522], [-83.27222, 8.52488], [-83.27209, 8.52468], [-83.27177, 8.52413], [-83.27167, 8.52396], [-83.27145, 8.52359], [-83.27115, 8.52304], [-83.27112, 8.52299], [-83.27086, 8.5225], [-83.27057, 8.52196], [-83.27057, 8.52196], [-83.27029, 8.52141], [-83.27002, 8.5209], [-83.27, 8.52087], [-83.26971, 8.52032], [-83.26947, 8.51991], [-83.2694, 8.51978], [-83.26908, 8.51924], [-83.26892, 8.51898], [-83.26874, 8.51869], [-83.26838, 8.51815], [-83.26837, 8.51814], [-83.26797, 8.51761], [-83.26782, 8.51743], [-83.26749, 8.51706], [-83.26727, 8.51683], [-83.26695, 8.51652], [-83.26672, 8.51631], [-83.26632, 8.51597], [-83.26617, 8.51585], [-83.26563, 8.51543], [-83.26562, 8.51543], [-83.26507, 8.51503], [-83.26486, 8.51489], [-83.26452, 8.51466], [-83.26402, 8.51434], [-83.26397, 8.51431], [-83.26342, 8.51398], [-83.26308, 8.5138], [-83.26287, 8.51368], [-83.26232, 8.51342], [-83.26191, 8.51325], [-83.26178, 8.5132], [-83.26123, 8.51301], [-83.26068, 8.51284], [-83.26026, 8.51271], [-83.26013, 8.51267], [-83.25958, 8.51248], [-83.25903, 8.51227], [-83.2588, 8.51217], [-83.25848, 8.51201], [-83.25793, 8.51171], [-83.25777, 8.51162], [-83.25738, 8.5114], [-83.25686, 8.51108], [-83.25683, 8.51106], [-83.25628, 8.51068], [-83.25609, 8.51054], [-83.25573, 8.51025], [-83.25543, 8.50999], [-83.25518, 8.50975], [-83.25489, 8.50945], [-83.25463, 8.50913], [-83.25446, 8.5089], [-83.25413, 8.50836], [-83.25408, 8.50825], [-83.25391, 8.50782], [-83.2538, 8.50727], [-83.25379, 8.50673], [-83.2539, 8.50618], [-83.25408, 8.50572], [-83.25411, 8.50564], [-83.25446, 8.5051], [-83.25463, 8.50487], [-83.2549, 8.50455], [-83.25518, 8.50426], [-83.25544, 8.50401], [-83.25573, 8.50374], [-83.25604, 8.50347], [-83.25628, 8.50325], [-83.25665, 8.50292], [-83.25683, 8.50278], [-83.2573, 8.50238], [-83.25738, 8.50232], [-83.25793, 8.5019], [-83.25801, 8.50183], [-83.25848, 8.50149], [-83.25872, 8.50129], [-83.25903, 8.50104], [-83.25935, 8.50075], [-83.25958, 8.50053], [-83.25988, 8.5002], [-83.26013, 8.49989], [-83.2603, 8.49966], [-83.26063, 8.49912], [-83.26068, 8.49901], [-83.26088, 8.49857], [-83.26108, 8.49803], [-83.26123, 8.49755], [-83.26125, 8.49748], [-83.2614, 8.49694], [-83.26155, 8.4964], [-83.26169, 8.49585], [-83.26178, 8.49554], [-83.26184, 8.49531], [-83.26198, 8.49476], [-83.26212, 8.49422], [-83.26225, 8.49368], [-83.26232, 8.4933], [-83.26236, 8.49313], [-83.26247, 8.49259], [-83.26257, 8.49205], [-83.26267, 8.4915], [-83.26277, 8.49096], [-83.26287, 8.49041], [-83.26287, 8.49038], [-83.26298, 8.48987], [-83.26311, 8.48933], [-83.26324, 8.48878], [-83.26337, 8.48824], [-83.26342, 8.48801], [-83.2635, 8.48769], [-83.26361, 8.48715], [-83.26371, 8.48661], [-83.26379, 8.48606], [-83.26386, 8.48552], [-83.2639, 8.48498], [-83.26393, 8.48443], [-83.26395, 8.48389], [-83.26395, 8.48334], [-83.26394, 8.4828], [-83.26393, 8.48226], [-83.2639, 8.48171], [-83.26387, 8.48117], [-83.26385, 8.48062], [-83.26383, 8.48008], [-83.26381, 8.47954], [-83.26378, 8.47899], [-83.26374, 8.47845], [-83.26368, 8.47791], [-83.26359, 8.47736], [-83.26347, 8.47682], [-83.26342, 8.47666], [-83.26331, 8.47627], [-83.26312, 8.47573], [-83.26289, 8.47519], [-83.26287, 8.47516], [-83.26264, 8.47464], [-83.26236, 8.4741], [-83.26232, 8.47403], [-83.26207, 8.47356], [-83.26178, 8.47305], [-83.26175, 8.47301], [-83.26143, 8.47247], [-83.26123, 8.47216], [-83.26107, 8.47192], [-83.26069, 8.47138], [-83.26068, 8.47137], [-83.26027, 8.47084], [-83.26013, 8.47066], [-83.25983, 8.47029], [-83.25958, 8.46999], [-83.25938, 8.46975], [-83.25903, 8.46933], [-83.25892, 8.4692], [-83.25848, 8.46866], [-83.25848, 8.46866], [-83.25805, 8.46812], [-83.25793, 8.46796], [-83.25763, 8.46757], [-83.25738, 8.46725], [-83.25721, 8.46703], [-83.25683, 8.46653], [-83.25679, 8.46649], [-83.25636, 8.46594], [-83.25628, 8.46584], [-83.25592, 8.4654], [-83.25573, 8.46518], [-83.25545, 8.46485], [-83.25518, 8.46456], [-83.25496, 8.46431], [-83.25463, 8.46397], [-83.25444, 8.46377], [-83.25408, 8.46341], [-83.25389, 8.46322], [-83.25353, 8.46288], [-83.25333, 8.46268], [-83.25298, 8.46235], [-83.25276, 8.46213], [-83.25243, 8.46182], [-83.25219, 8.46159], [-83.25188, 8.46129], [-83.25162, 8.46105], [-83.25133, 8.46076], [-83.25106, 8.4605], [-83.25078, 8.46023], [-83.2505, 8.45996], [-83.25023, 8.45969], [-83.24995, 8.45942], [-83.24968, 8.45915], [-83.24939, 8.45887], [-83.24913, 8.45862], [-83.24885, 8.45833], [-83.24858, 8.45805], [-83.24833, 8.45778], [-83.24803, 8.45745], [-83.24785, 8.45724], [-83.24748, 8.45677], [-83.24743, 8.4567], [-83.24705, 8.45615], [-83.24693, 8.45596], [-83.24672, 8.45561], [-83.24646, 8.45507], [-83.24638, 8.45489], [-83.24622, 8.45452], [-83.246, 8.45398], [-83.24583, 8.45355], [-83.24579, 8.45343], [-83.24561, 8.45289], [-83.24548, 8.45235], [-83.2454, 8.4518], [-83.24541, 8.45126], [-83.2455, 8.45071], [-83.24571, 8.45017], [-83.24583, 8.44998], [-83.24605, 8.44963], [-83.24638, 8.44922], [-83.2465, 8.44908], [-83.24693, 8.44865], [-83.24704, 8.44854], [-83.24748, 8.44816], [-83.24767, 8.448], [-83.24803, 8.44771], [-83.24836, 8.44745], [-83.24858, 8.44728], [-83.24908, 8.44691], [-83.24913, 8.44687], [-83.24968, 8.44646], [-83.24981, 8.44636], [-83.25023, 8.44604], [-83.2505, 8.44582], [-83.25078, 8.44559], [-83.25116, 8.44528], [-83.25133, 8.44513], [-83.25178, 8.44473], [-83.25188, 8.44464], [-83.25235, 8.44419], [-83.25243, 8.44411], [-83.25288, 8.44364], [-83.25298, 8.44354], [-83.25338, 8.4431], [-83.25353, 8.44293], [-83.25387, 8.44256], [-83.25408, 8.44231], [-83.25435, 8.44201], [-83.25463, 8.44167], [-83.2548, 8.44147], [-83.25518, 8.44101], [-83.25525, 8.44093], [-83.25569, 8.44038], [-83.25573, 8.44034], [-83.25613, 8.43984], [-83.25628, 8.43965], [-83.25657, 8.43929], [-83.25683, 8.43895], [-83.25699, 8.43875], [-83.25738, 8.43822], [-83.25739, 8.43821], [-83.25779, 8.43766], [-83.25793, 8.43745], [-83.25816, 8.43712], [-83.25848, 8.43665], [-83.25853, 8.43657], [-83.25889, 8.43603], [-83.25903, 8.43581], [-83.25923, 8.43549], [-83.25956, 8.43494], [-83.25958, 8.43492], [-83.25987, 8.4344], [-83.26013, 8.43391], [-83.26016, 8.43386], [-83.26042, 8.43331], [-83.26067, 8.43277], [-83.26068, 8.43276], [-83.26091, 8.43222], [-83.26113, 8.43168], [-83.26123, 8.43143], [-83.26134, 8.43114], [-83.26154, 8.43059], [-83.26173, 8.43005], [-83.26178, 8.4299], [-83.26191, 8.42951], [-83.26208, 8.42896], [-83.26223, 8.42842], [-83.26232, 8.42805], [-83.26237, 8.42787], [-83.2625, 8.42733], [-83.26261, 8.42679], [-83.26273, 8.42624], [-83.26285, 8.4257], [-83.26287, 8.4256], [-83.26298, 8.42515], [-83.26312, 8.42461], [-83.26327, 8.42407], [-83.26342, 8.42357], [-83.26344, 8.42352], [-83.26361, 8.42298], [-83.26379, 8.42244], [-83.26397, 8.42195], [-83.264, 8.42189], [-83.26422, 8.42135], [-83.26446, 8.4208], [-83.26452, 8.42068], [-83.26473, 8.42026]]}}, {"type": "Feature", "properties": {"depth_m": 25}, "geometry": {"type": "LineString", "coordinates": [[-83.25026, 8.48552], [-83.25023, 8.48555], [-83.24968, 8.48581], [-83.24913, 8.4859], [-83.24858, 8.48591], [-83.24803, 8.48583], [-83.24748, 8.48568], [-83.24713, 8.48552], [-83.24693, 8.48544], [-83.24638, 8.48513], [-83.24618, 8.48498], [-83.24583, 8.48476], [-83.24543, 8.48443], [-83.24528, 8.48432], [-83.24489, 8.48389], [-83.24473, 8.48369], [-83.24453, 8.48334], [-83.24432, 8.4828], [-83.24424, 8.48226], [-83.2443, 8.48171], [-83.24455, 8.48117], [-83.24473, 8.48099], [-83.24523, 8.48062], [-83.24528, 8.4806], [-83.24583, 8.48042], [-83.24638, 8.48026], [-83.24693, 8.48015], [-83.24732, 8.48008], [-83.24748, 8.48006], [-83.24803, 8.48001], [-83.24858, 8.47998], [-83.24913, 8.47998], [-83.24968, 8.47999], [-83.25023, 8.48006], [-83.25034, 8.48008], [-83.25078, 8.48021], [-83.25133, 8.48047], [-83.25158, 8.48062], [-83.25188, 8.48096], [-83.25205, 8.48117], [-83.25223, 8.48171], [-83.25227, 8.48226], [-83.25219, 8.4828], [-83.25201, 8.48334], [-83.25188, 8.48362], [-83.25173, 8.48389], [-83.25135, 8.48443], [-83.25133, 8.48446], [-83.25085, 8.48498], [-83.25078, 8.48507], [-83.25026, 8.48552]]}}, {"type": "Feature", "properties": {"depth_m": 25}, "geometry": {"type": "LineString", "coordinates": [[-83.15907, 8.42026], [-83.15936, 8.4208], [-83.15951, 8.42103], [-83.15971, 8.42135], [-83.16006, 8.42186], [-83.16008, 8.42189], [-83.16044, 8.42244], [-83.16061, 8.4227], [-83.16078, 8.42298], [-83.16108, 8.42352], [-83.16116, 8.42369], [-83.16133, 8.42407], [-83.16154, 8.42461], [-83.16169, 8.42515], [-83.16171, 8.42525], [-83.16178, 8.4257], [-83.16184, 8.42624], [-83.16189, 8.42679], [-83.16196, 8.42733], [-83.16208, 8.42787], [-83.16226, 8.42837], [-83.16228, 8.42842], [-83.16258, 8.42896], [-83.16281, 8.42925], [-83.16302, 8.42951], [-83.16336, 8.42983], [-83.1636, 8.43005], [-83.16391, 8.43029], [-83.16433, 8.43059], [-83.16446, 8.43067], [-83.16501, 8.43102], [-83.16519, 8.43114], [-83.16556, 8.43135], [-83.16608, 8.43168], [-83.16611, 8.4317], [-83.16666, 8.43204], [-83.16695, 8.43222], [-83.16721, 8.4324], [-83.16771, 8.43277], [-83.16776, 8.4328], [-83.16829, 8.43331], [-83.16831, 8.43332], [-83.16875, 8.43386], [-83.16886, 8.43398], [-83.16915, 8.4344], [-83.16941, 8.43477], [-83.16951, 8.43494], [-83.16985, 8.43549], [-83.16996, 8.43565], [-83.17018, 8.43603], [-83.17051, 8.43656], [-83.17052, 8.43657], [-83.17086, 8.43712], [-83.17106, 8.43741], [-83.17124, 8.43766], [-83.1716, 8.43816], [-83.17164, 8.43821], [-83.17205, 8.43875], [-83.17215, 8.43888], [-83.17245, 8.43929], [-83.1727, 8.43965], [-83.17282, 8.43984], [-83.17316, 8.44038], [-83.17325, 8.44054], [-83.17345, 8.44093], [-83.17372, 8.44147], [-83.1738, 8.44164], [-83.17396, 8.44201], [-83.17418, 8.44256], [-83.17435, 8.44297], [-83.1744, 8.4431], [-83.17458, 8.44364], [-83.17476, 8.44419], [-83.1749, 8.44465], [-83.17493, 8.44473], [-83.17506, 8.44528], [-83.17518, 8.44582], [-83.17528, 8.44636], [-83.17536, 8.44691], [-83.17542, 8.44745], [-83.17545, 8.4478], [-83.17547, 8.448], [-83.1755, 8.44854], [-83.17553, 8.44908], [-83.17557, 8.44963], [-83.17561, 8.45017], [-83.17566, 8.45071], [-83.17572, 8.45126], [-83.1758, 8.4518], [-83.17588, 8.45235], [-83.17596, 8.45289], [-83.176, 8.45323], [-83.17603, 8.45343], [-83.17608, 8.45398], [-83.17613, 8.45452], [-83.17615, 8.45507], [-83.17615, 8.45561], [-83.17613, 8.45615], [-83.1761, 8.4567], [-83.17606, 8.45724], [-83.17602, 8.45778], [-83.176, 8.45802], [-83.17598, 8.45833], [-83.17595, 8.45887], [-83.17593, 8.45942], [-83.17593, 8.45996], [-83.17593, 8.4605], [-83.17593, 8.46105], [-83.17595, 8.46159], [-83.17596, 8.46213], [-83.17598, 8.46268], [-83.176, 8.46311], [-83.17601, 8.46322], [-83.17604, 8.46377], [-83.17608, 8.46431], [-83.17613, 8.46485], [-83.1762, 8.4654], [-83.17626, 8.46594], [-83.17633, 8.46649], [-83.17638, 8.46703], [-83.17642, 8.46757], [-83.17643, 8.46812], [-83.17643, 8.46866], [-83.1764, 8.4692], [-83.17635, 8.46975], [-83.17629, 8.47029], [-83.17623, 8.47084], [-83.17616, 8.47138], [-83.17611, 8.47192], [-83.17607, 8.47247], [-83.17605, 8.47301], [-83.17605, 8.47356], [-83.17605, 8.4741], [-83.17606, 8.47464], [-83.17607, 8.47519], [-83.17608, 8.47573], [-83.17609, 8.47627], [-83.17608, 8.47682], [-83.17607, 8.47736], [-83.17605, 8.47791], [-83.17602, 8.47845], [-83.176, 8.47886], [-83.176, 8.47899], [-83.17597, 8.47954], [-83.17594, 8.48008], [-83.17591, 8.48062], [-83.17588, 8.48117], [-83.17586, 8.48171], [-83.17584, 8.48226], [-83.17583, 8.4828], [-83.17581, 8.48334], [-83.17579, 8.48389], [-83.17576, 8.48443], [-83.17573, 8.48498], [-83.17569, 8.48552], [-83.17562, 8.48606], [-83.17554, 8.48661], [-83.17545, 8.48715], [-83.17545, 8.48715], [-83.17536, 8.48769], [-83.17527, 8.48824], [-83.1752, 8.48878], [-83.17516, 8.48933], [-83.17514, 8.48987], [-83.17517, 8.49041], [-83.17523, 8.49096], [-83.17532, 8.4915], [-83.17542, 8.49205], [-83.17545, 8.49226], [-83.17551, 8.49259], [-83.1756, 8.49313], [-83.17566, 8.49368], [-83.17571, 8.49422], [-83.17573, 8.49476], [-83.17576, 8.49531], [-83.17578, 8.49585], [-83.17578, 8.4964], [-83.17578, 8.49694], [-83.17576, 8.49748], [-83.17572, 8.49803], [-83.17566, 8.49857], [-83.17559, 8.49912], [-83.17553, 8.49966], [-83.17545, 8.50015], [-83.17545, 8.5002], [-83.17534, 8.50075], [-83.17521, 8.50129], [-83.17506, 8.50183], [-83.1749, 8.50227], [-83.17486, 8.50238], [-83.17462, 8.50292], [-83.17439, 8.50347], [-83.17435, 8.50356], [-83.17415, 8.50401], [-83.17389, 8.50455], [-83.1738, 8.50469], [-83.1735, 8.5051], [-83.17325, 8.50534], [-83.17289, 8.50564], [-83.1727, 8.50575], [-83.17215, 8.50602], [-83.17178, 8.50618], [-83.1716, 8.50625], [-83.17106, 8.50644], [-83.17051, 8.50666], [-83.17034, 8.50673], [-83.16996, 8.50686], [-83.16941, 8.50703], [-83.16886, 8.50719], [-83.16858, 8.50727], [-83.16831, 8.50734], [-83.16776, 8.5075], [-83.16721, 8.50767], [-83.16683, 8.50782], [-83.16666, 8.50788], [-83.16611, 8.50813], [-83.16571, 8.50836], [-83.16556, 8.50844], [-83.16501, 8.50883], [-83.16491, 8.5089], [-83.16446, 8.50927], [-83.16427, 8.50945], [-83.16391, 8.50977], [-83.16369, 8.50999], [-83.16336, 8.5103], [-83.16312, 8.51054], [-83.16281, 8.51082], [-83.16254, 8.51108], [-83.16226, 8.51131], [-83.16188, 8.51162], [-83.16171, 8.51175], [-83.16116, 8.51217], [-83.16116, 8.51217], [-83.16061, 8.51261], [-83.16049, 8.51271], [-83.16006, 8.51308], [-83.15987, 8.51325], [-83.15951, 8.51358], [-83.15928, 8.5138], [-83.15896, 8.5141], [-83.15871, 8.51434], [-83.15841, 8.51462], [-83.15812, 8.51489], [-83.15786, 8.51512], [-83.15749, 8.51543], [-83.15731, 8.51558], [-83.15676, 8.51597], [-83.15675, 8.51597], [-83.15621, 8.51627], [-83.15577, 8.51652], [-83.15566, 8.51657], [-83.15511, 8.51685], [-83.15474, 8.51706], [-83.15456, 8.51716], [-83.15401, 8.51752], [-83.1539, 8.51761], [-83.15346, 8.51797], [-83.15327, 8.51815], [-83.15291, 8.51856], [-83.1528, 8.51869], [-83.15244, 8.51924], [-83.15236, 8.51938], [-83.15216, 8.51978], [-83.15197, 8.52032], [-83.15183, 8.52087], [-83.15181, 8.52093], [-83.15169, 8.52141], [-83.15159, 8.52196], [-83.15152, 8.5225], [-83.15149, 8.52304], [-83.15152, 8.52359], [-83.1516, 8.52413], [-83.15177, 8.52468], [-83.15181, 8.52475], [-83.15205, 8.52522], [-83.15236, 8.52563], [-83.15245, 8.52576], [-83.15291, 8.52629], [-83.15292, 8.52631], [-83.1534, 8.52685], [-83.15346, 8.52692], [-83.15386, 8.52739], [-83.15401, 8.52759], [-83.15427, 8.52794], [-83.15456, 8.52837], [-83.15463, 8.52848], [-83.15491, 8.52903], [-83.15511, 8.52947], [-83.15515, 8.52957], [-83.15537, 8.53011], [-83.15559, 8.53066], [-83.15566, 8.53085], [-83.15578, 8.5312], [-83.15596, 8.53174], [-83.15613, 8.53229], [-83.15621, 8.53258], [-83.15628, 8.53283], [-83.15641, 8.53338], [-83.15653, 8.53392], [-83.15662, 8.53446], [-83.15671, 8.53501], [-83.15676, 8.5353], [-83.1568, 8.53555], [-83.1569, 8.5361], [-83.15701, 8.53664], [-83.15716, 8.53718], [-83.15731, 8.53764], [-83.15734, 8.53773], [-83.15755, 8.53827], [-83.1578, 8.53881], [-83.15786, 8.53894], [-83.15806, 8.53936], [-83.15834, 8.5399], [-83.15841, 8.54002], [-83.15865, 8.54045], [-83.15896, 8.54097], [-83.15897, 8.54099], [-83.15932, 8.54153], [-83.15951, 8.5418], [-83.15972, 8.54208], [-83.16006, 8.54248], [-83.16018, 8.54262], [-83.16061, 8.54304], [-83.16075, 8.54317], [-83.16116, 8.54351], [-83.16142, 8.54371], [-83.16171, 8.54392], [-83.1622, 8.54425], [-83.16226, 8.54429], [-83.16281, 8.54465], [-83.16304, 8.5448], [-83.16336, 8.545], [-83.16387, 8.54534], [-83.16391, 8.54537], [-83.16446, 8.54577], [-83.16461, 8.54588], [-83.16501, 8.54621], [-83.16526, 8.54643], [-83.16556, 8.54668], [-83.16587, 8.54697], [-83.16611, 8.54718], [-83.16645, 8.54752], [-83.16666, 8.54772], [-83.16697, 8.54806], [-83.16721, 8.54831], [-83.16747, 8.5486], [-83.16776, 8.54894], [-83.16792, 8.54915], [-83.16831, 8.54964], [-83.16835, 8.54969], [-83.16872, 8.55023], [-83.16886, 8.55045], [-83.16905, 8.55078], [-83.16935, 8.55132], [-83.16941, 8.55143], [-83.16962, 8.55187], [-83.16989, 8.55241], [-83.16996, 8.55254], [-83.17016, 8.55295], [-83.17043, 8.5535], [-83.17051, 8.55363], [-83.17071, 8.55404], [-83.17101, 8.55459], [-83.17106, 8.55466], [-83.17132, 8.55513], [-83.1716, 8.55559], [-83.17166, 8.55567], [-83.17202, 8.55622], [-83.17215, 8.5564], [-83.17242, 8.55676], [-83.1727, 8.55712], [-83.17286, 8.5573], [-83.17325, 8.55778], [-83.17332, 8.55785], [-83.1738, 8.55839], [-83.1738, 8.5584], [-83.17429, 8.55894], [-83.17435, 8.55901], [-83.17477, 8.55948], [-83.1749, 8.55964], [-83.17523, 8.56002], [-83.17545, 8.5603], [-83.17566, 8.56057], [-83.176, 8.56103], [-83.17606, 8.56111], [-83.17643, 8.56166], [-83.17655, 8.56183], [-83.17679, 8.5622], [-83.1771, 8.56267], [-83.17715, 8.56274], [-83.17753, 8.56329], [-83.17765, 8.56345], [-83.17796, 8.56383], [-83.1782, 8.56408], [-83.1785, 8.56437], [-83.17875, 8.56458], [-83.17917, 8.56492], [-83.1793, 8.56501], [-83.17985, 8.56546], [-83.17986, 8.56546], [-83.1804, 8.56597], [-83.18044, 8.56601], [-83.18091, 8.56655], [-83.18095, 8.56661], [-83.18126, 8.56709], [-83.1815, 8.56764], [-83.1815, 8.56767], [-83.1816, 8.56818], [-83.18157, 8.56873], [-83.1815, 8.56901], [-83.18144, 8.56927], [-83.18124, 8.56981], [-83.18101, 8.57036], [-83.18095, 8.57051], [-83.18077, 8.5709], [-83.18056, 8.57144], [-83.1804, 8.57199], [-83.1804, 8.572], [-83.18032, 8.57253], [-83.18029, 8.57308], [-83.18029, 8.57362], [-83.18032, 8.57416], [-83.18038, 8.57471], [-83.1804, 8.57481], [-83.18047, 8.57525], [-83.1806, 8.57579], [-83.18075, 8.57634], [-83.18095, 8.57688], [-83.18095, 8.57689], [-83.1812, 8.57743], [-83.1815, 8.57794], [-83.18152, 8.57797], [-83.18188, 8.57851], [-83.18205, 8.57876], [-83.18227, 8.57906], [-83.1826, 8.57951], [-83.18267, 8.5796], [-83.18306, 8.58015], [-83.18315, 8.58028], [-83.18343, 8.58069], [-83.1837, 8.58115], [-83.18375, 8.58123], [-83.18401, 8.58178], [-83.18422, 8.58232], [-83.18425, 8.58241], [-83.1844, 8.58286], [-83.18457, 8.58341], [-83.18474, 8.58395], [-83.1848, 8.58413], [-83.18494, 8.5845], [-83.1852, 8.58504], [-83.18535, 8.58529], [-83.18553, 8.58558], [-83.1859, 8.58608], [-83.18594, 8.58613], [-83.18638, 8.58667], [-83.18645, 8.58676], [-83.18681, 8.58722], [-83.187, 8.58747], [-83.18721, 8.58776], [-83.18755, 8.58828], [-83.18756, 8.5883], [-83.18784, 8.58885], [-83.18806, 8.58939], [-83.1881, 8.58951], [-83.18821, 8.58993], [-83.1883, 8.59048], [-83.18834, 8.59102], [-83.18834, 8.59157], [-83.1883, 8.59211], [-83.18825, 8.59265], [-83.18818, 8.5932], [-83.18811, 8.59374], [-83.1881, 8.59381], [-83.18803, 8.59429], [-83.18794, 8.59483], [-83.18782, 8.59537], [-83.18768, 8.59592], [-83.18755, 8.59632], [-83.1875, 8.59646], [-83.18729, 8.597], [-83.18706, 8.59755], [-83.187, 8.59768], [-83.18682, 8.59809], [-83.18661, 8.59864], [-83.18647, 8.59918], [-83.18645, 8.59932], [-83.18639, 8.59972], [-83.18635, 8.60027], [-83.18631, 8.60081], [-83.18627, 8.60135], [-83.18622, 8.6019], [-83.18614, 8.60244], [-83.18603, 8.60299], [-83.1859, 8.60341], [-83.18586, 8.60353], [-83.18565, 8.60407], [-83.18537, 8.60462], [-83.18535, 8.60466], [-83.18504, 8.60516], [-83.1848, 8.60551], [-83.18466, 8.60571], [-83.18425, 8.60624], [-83.18424, 8.60625], [-83.18386, 8.60679], [-83.1837, 8.60711], [-83.18359, 8.60734], [-83.18344, 8.60788], [-83.18338, 8.60842], [-83.18338, 8.60897], [-83.18343, 8.60951], [-83.18351, 8.61006], [-83.18358, 8.6106], [-83.18366, 8.61114], [-83.1837, 8.61157], [-83.18371, 8.61169], [-83.18377, 8.61223], [-83.18382, 8.61278], [-83.18391, 8.61332], [-83.18406, 8.61386], [-83.18425, 8.61425], [-83.18436, 8.61441], [-83.1848, 8.6148], [-83.18508, 8.61495], [-83.18535, 8.61505], [-83.1859, 8.6152], [-83.18645, 8.6153], [-83.187, 8.61541], [-83.18738, 8.61549], [-83.18755, 8.61553], [-83.1881, 8.6157], [-83.18865, 8.61592], [-83.18887, 8.61604], [-83.1892, 8.61622], [-83.18975, 8.61658], [-83.18975, 8.61658], [-83.1903, 8.61703], [-83.19041, 8.61713], [-83.19085, 8.61753], [-83.19099, 8.61767], [-83.1914, 8.61804], [-83.19158, 8.61821], [-83.19195, 8.61852], [-83.19224, 8.61876], [-83.1925, 8.61894], [-83.19301, 8.6193], [-83.19305, 8.61932], [-83.1936, 8.61967], [-83.19385, 8.61984], [-83.19415, 8.62002], [-83.1947, 8.62037], [-83.19473, 8.62039], [-83.19525, 8.62068], [-83.19565, 8.62093], [-83.1958, 8.62102], [-83.19635, 8.62134], [-83.19658, 8.62148], [-83.1969, 8.62165], [-83.19745, 8.62195], [-83.19757, 8.62202], [-83.198, 8.62225], [-83.19855, 8.62255], [-83.19858, 8.62256], [-83.1991, 8.62281], [-83.19965, 8.62306], [-83.19977, 8.62311], [-83.2002, 8.62327], [-83.20075, 8.62345], [-83.2013, 8.62362], [-83.20144, 8.62365], [-83.20184, 8.62374], [-83.20239, 8.62384], [-83.20294, 8.62392], [-83.20349, 8.62398], [-83.20404, 8.62402], [-83.20459, 8.62405], [-83.20514, 8.62407], [-83.20569, 8.62408], [-83.20624, 8.62406], [-83.20679, 8.62401], [-83.20734, 8.62394], [-83.20789, 8.62385], [-83.20844, 8.62376], [-83.20899, 8.62366], [-83.20905, 8.62365], [-83.20954, 8.62355], [-83.21009, 8.62344], [-83.21064, 8.62332], [-83.21119, 8.62318], [-83.21145, 8.62311], [-83.21174, 8.623], [-83.21229, 8.62276], [-83.2127, 8.62256], [-83.21284, 8.62247], [-83.21339, 8.6221], [-83.2135, 8.62202], [-83.21394, 8.62161], [-83.21409, 8.62148], [-83.21449, 8.62101], [-83.21455, 8.62093], [-83.21492, 8.62039], [-83.21504, 8.62013], [-83.21516, 8.61984], [-83.21525, 8.6193], [-83.21523, 8.61876], [-83.21518, 8.61821], [-83.21514, 8.61767], [-83.21512, 8.61713], [-83.21513, 8.61658], [-83.2152, 8.61604], [-83.21533, 8.61549], [-83.21549, 8.61495], [-83.21559, 8.61469], [-83.21569, 8.61441], [-83.2159, 8.61386], [-83.21612, 8.61332], [-83.21614, 8.61328], [-83.21636, 8.61278], [-83.2166, 8.61223], [-83.21669, 8.61202], [-83.21684, 8.61169], [-83.21708, 8.61114], [-83.21724, 8.61081], [-83.21735, 8.6106], [-83.21766, 8.61006], [-83.21779, 8.60985], [-83.21802, 8.60951], [-83.21834, 8.60907], [-83.21842, 8.60897], [-83.21888, 8.60842], [-83.21889, 8.60841], [-83.21936, 8.60788], [-83.21944, 8.60779], [-83.21984, 8.60734], [-83.21999, 8.60714], [-83.22028, 8.60679], [-83.22054, 8.60645], [-83.2207, 8.60625], [-83.22109, 8.60574], [-83.22112, 8.60571], [-83.22156, 8.60516], [-83.22164, 8.60507], [-83.22205, 8.60462], [-83.22219, 8.60447], [-83.22262, 8.60407], [-83.22274, 8.60397], [-83.22329, 8.60358], [-83.22338, 8.60353], [-83.22384, 8.60331], [-83.22439, 8.60315], [-83.22494, 8.60306], [-83.22549, 8.60303], [-83.22604, 8.60303], [-83.22659, 8.60305], [-83.22714, 8.60307], [-83.22769, 8.60305], [-83.22824, 8.60303], [-83.22879, 8.60301], [-83.22934, 8.603], [-83.22989, 8.603], [-83.23044, 8.60301], [-83.23099, 8.60303], [-83.23154, 8.60305], [-83.23208, 8.60307], [-83.23263, 8.6031], [-83.23318, 8.60314], [-83.23373, 8.60319], [-83.23428, 8.60324], [-83.23483, 8.60329], [-83.23538, 8.60334], [-83.23593, 8.60339], [-83.23648, 8.60342], [-83.23703, 8.60344], [-83.23758, 8.60344], [-83.23813, 8.60344], [-83.23868, 8.60343], [-83.23923, 8.60343], [-83.23978, 8.60345], [-83.24033, 8.60349], [-83.2406, 8.60353], [-83.24088, 8.60357], [-83.24143, 8.60367], [-83.24198, 8.60378], [-83.24253, 8.6039], [-83.24308, 8.60404], [-83.2432, 8.60407], [-83.24363, 8.6042], [-83.24418, 8.60439], [-83.24473, 8.60461], [-83.24475, 8.60462], [-83.24528, 8.60487], [-83.24582, 8.60516], [-83.24583, 8.60517], [-83.24638, 8.60551], [-83.24666, 8.60571], [-83.24693, 8.6059], [-83.24739, 8.60625], [-83.24748, 8.60632], [-83.24803, 8.60676], [-83.24807, 8.60679], [-83.24858, 8.60724], [-83.24869, 8.60734], [-83.24913, 8.60773], [-83.2493, 8.60788], [-83.24968, 8.60822], [-83.2499, 8.60842], [-83.25023, 8.60874], [-83.25046, 8.60897], [-83.25078, 8.60931], [-83.25097, 8.60951], [-83.25133, 8.60993], [-83.25144, 8.61006], [-83.25185, 8.6106], [-83.25188, 8.61063], [-83.25222, 8.61114], [-83.25243, 8.6115], [-83.25253, 8.61169], [-83.25279, 8.61223], [-83.25298, 8.61273], [-83.25299, 8.61278], [-83.25316, 8.61332], [-83.25328, 8.61386], [-83.25338, 8.61441], [-83.25346, 8.61495], [-83.25352, 8.61549], [-83.25353, 8.61556], [-83.25357, 8.61604], [-83.2536, 8.61658], [-83.25359, 8.61713], [-83.25356, 8.61767], [-83.25353, 8.61812], [-83.25352, 8.61821], [-83.25347, 8.61876], [-83.25342, 8.6193], [-83.25339, 8.61984], [-83.25337, 8.62039], [-83.25336, 8.62093], [-83.25335, 8.62148], [-83.25335, 8.62202], [-83.25335, 8.62256], [-83.25335, 8.62311], [-83.25334, 8.62365], [-83.25333, 8.6242], [-83.25332, 8.62474], [-83.25332, 8.62528], [-83.25331, 8.62583], [-83.25331, 8.62637], [-83.2533, 8.62691], [-83.25329, 8.62746], [-83.25326, 8.628], [-83.25321, 8.62855], [-83.25315, 8.62909], [-83.25307, 8.62963], [-83.25298, 8.63016], [-83.25297, 8.63018], [-83.25288, 8.63072], [-83.25279, 8.63127], [-83.2527, 8.63181], [-83.25261, 8.63235], [-83.25252, 8.6329], [-83.25243, 8.63338], [-83.25242, 8.63344], [-83.2523, 8.63398], [-83.25215, 8.63453], [-83.252, 8.63507], [-83.25188, 8.63552], [-83.25186, 8.63562], [-83.25175, 8.63616], [-83.2517, 8.6367], [-83.2517, 8.63725], [-83.25177, 8.63779], [-83.25188, 8.6382], [-83.25192, 8.63834], [-83.25213, 8.63888], [-83.25239, 8.63942], [-83.25243, 8.63951], [-83.25269, 8.63997], [-83.25298, 8.64049], [-83.25299, 8.64051], [-83.25332, 8.64105], [-83.25353, 8.64146], [-83.25361, 8.6416], [-83.25388, 8.64214], [-83.25408, 8.64256], [-83.25414, 8.64269], [-83.25442, 8.64323], [-83.25463, 8.64366], [-83.25469, 8.64377], [-83.25498, 8.64432], [-83.25518, 8.64471], [-83.25527, 8.64486], [-83.25557, 8.6454], [-83.25573, 8.64569], [-83.25589, 8.64595], [-83.25624, 8.64649], [-83.25628, 8.64655], [-83.25666, 8.64704], [-83.25683, 8.64724], [-83.2572, 8.64758], [-83.25738, 8.64774], [-83.25793, 8.64809], [-83.25801, 8.64812], [-83.25848, 8.64832], [-83.25903, 8.6484], [-83.25958, 8.6483], [-83.25996, 8.64812], [-83.26013, 8.64804], [-83.26068, 8.64766], [-83.26077, 8.64758], [-83.26123, 8.64717], [-83.26137, 8.64704], [-83.26178, 8.64665], [-83.26195, 8.64649], [-83.26232, 8.64615], [-83.26259, 8.64595], [-83.26287, 8.64573], [-83.26333, 8.6454], [-83.26342, 8.64534], [-83.26397, 8.64491], [-83.26404, 8.64486], [-83.26452, 8.64447], [-83.2647, 8.64432], [-83.26507, 8.64401], [-83.26536, 8.64377], [-83.26562, 8.64355], [-83.26602, 8.64323], [-83.26617, 8.64311], [-83.26672, 8.64269], [-83.26673, 8.64269], [-83.26727, 8.64231], [-83.26753, 8.64214], [-83.26782, 8.64195], [-83.26837, 8.6416], [-83.26837, 8.6416], [-83.26892, 8.64126], [-83.26928, 8.64105], [-83.26947, 8.64095], [-83.27002, 8.64068], [-83.27046, 8.64051], [-83.27057, 8.64047], [-83.27112, 8.64031], [-83.27167, 8.64021], [-83.27222, 8.64014], [-83.27277, 8.64007], [-83.27332, 8.64003], [-83.27387, 8.64002], [-83.27442, 8.64006], [-83.27497, 8.64015], [-83.27552, 8.64032], [-83.27595, 8.64051], [-83.27607, 8.64056], [-83.27662, 8.64087], [-83.27691, 8.64105], [-83.27717, 8.64122], [-83.27772, 8.64159], [-83.27773, 8.6416], [-83.27827, 8.64197], [-83.27851, 8.64214], [-83.27882, 8.64234], [-83.27935, 8.64269], [-83.27937, 8.64269], [-83.27992, 8.64304], [-83.28021, 8.64323], [-83.28047, 8.64339], [-83.28101, 8.64377], [-83.28102, 8.64378], [-83.28157, 8.64422], [-83.28167, 8.64432], [-83.28212, 8.64473], [-83.28225, 8.64486], [-83.28267, 8.64531], [-83.28275, 8.6454], [-83.28319, 8.64595], [-83.28322, 8.64598], [-83.2836, 8.64649], [-83.28377, 8.64674], [-83.28399, 8.64704], [-83.28432, 8.64748], [-83.2844, 8.64758], [-83.28485, 8.64812], [-83.28487, 8.64814], [-83.28538, 8.64867], [-83.28542, 8.6487], [-83.28597, 8.6492], [-83.28598, 8.64921], [-83.28652, 8.64962], [-83.28672, 8.64976], [-83.28707, 8.64997], [-83.28762, 8.65023], [-83.28779, 8.6503], [-83.28817, 8.65043], [-83.28872, 8.65057], [-83.28927, 8.65063], [-83.28982, 8.65061], [-83.29037, 8.65051], [-83.29092, 8.65036], [-83.29113, 8.6503], [-83.29147, 8.65021], [-83.29202, 8.65008], [-83.29256, 8.64998], [-83.29311, 8.64992], [-83.29366, 8.64992], [-83.29421, 8.64991], [-83.29476, 8.64988], [-83.29531, 8.64984], [-83.29586, 8.64984], [-83.29641, 8.64989], [-83.29696, 8.65004], [-83.29749, 8.6503], [-83.29751, 8.65032], [-83.29806, 8.65084], [-83.29806, 8.65084], [-83.29838, 8.65139], [-83.29861, 8.65182], [-83.29866, 8.65193], [-83.29887, 8.65247], [-83.29908, 8.65302], [-83.29916, 8.65321], [-83.29929, 8.65356], [-83.29951, 8.65411], [-83.29971, 8.65456], [-83.29975, 8.65465], [-83.30001, 8.65519], [-83.30026, 8.65563], [-83.30033, 8.65574], [-83.30073, 8.65628], [-83.30081, 8.65637], [-83.30128, 8.65683], [-83.30136, 8.6569], [-83.30191, 8.65728], [-83.30207, 8.65737], [-83.30246, 8.65758], [-83.30301, 8.65782], [-83.30325, 8.65791], [-83.30356, 8.65805], [-83.30411, 8.65826], [-83.30466, 8.65846], [-83.30466, 8.65846], [-83.30521, 8.65868], [-83.30576, 8.65891], [-83.30599, 8.659], [-83.30631, 8.65917], [-83.30686, 8.65946], [-83.30701, 8.65954], [-83.30741, 8.65984], [-83.30772, 8.66009], [-83.30796, 8.66032], [-83.30829, 8.66063], [-83.30851, 8.66087], [-83.30882, 8.66118], [-83.30906, 8.66144], [-83.30937, 8.66172], [-83.30961, 8.66194], [-83.31003, 8.66226], [-83.31016, 8.66236], [-83.31071, 8.66269], [-83.31097, 8.66281], [-83.31126, 8.66294], [-83.31181, 8.66313], [-83.31236, 8.66328], [-83.31275, 8.66335], [-83.31291, 8.66339], [-83.31346, 8.66348], [-83.31401, 8.66356], [-83.31456, 8.66362], [-83.31511, 8.66369], [-83.31566, 8.66377], [-83.31621, 8.66385], [-83.31676, 8.66389], [-83.31679, 8.6639], [-83.31731, 8.66393], [-83.31786, 8.66396], [-83.31841, 8.66401], [-83.31896, 8.66408], [-83.31951, 8.66418], [-83.32006, 8.66433], [-83.32037, 8.66444], [-83.32061, 8.66452], [-83.32116, 8.66471], [-83.32171, 8.66491], [-83.3219, 8.66498], [-83.32226, 8.66511], [-83.32281, 8.66533], [-83.32326, 8.66553], [-83.32335, 8.66557], [-83.3239, 8.66583], [-83.32432, 8.66607], [-83.32445, 8.66614], [-83.325, 8.66652], [-83.32513, 8.66661], [-83.32555, 8.66696], [-83.32578, 8.66716], [-83.3261, 8.66746], [-83.32634, 8.6677], [-83.32665, 8.66802], [-83.32687, 8.66825], [-83.3272, 8.66858], [-83.32741, 8.66879], [-83.32775, 8.6691], [-83.32801, 8.66933], [-83.3283, 8.66958], [-83.32865, 8.66988], [-83.32885, 8.67004], [-83.32929, 8.67042], [-83.3294, 8.67052], [-83.32986, 8.67096], [-83.32995, 8.67106], [-83.33037, 8.67151], [-83.3305, 8.67167], [-83.33082, 8.67205], [-83.33105, 8.67235], [-83.33124, 8.6726], [-83.3316, 8.67306], [-83.33167, 8.67314], [-83.33211, 8.67368], [-83.33215, 8.67373], [-83.33259, 8.67423], [-83.3327, 8.67435], [-83.3331, 8.67477], [-83.33325, 8.67494], [-83.33362, 8.67532], [-83.3338, 8.67552], [-83.33411, 8.67586], [-83.33435, 8.67615], [-83.33457, 8.6764], [-83.3349, 8.67684], [-83.33499, 8.67695], [-83.33539, 8.67749], [-83.33545, 8.67758], [-83.3358, 8.67803], [-83.336, 8.67828], [-83.33627, 8.67858], [-83.33655, 8.67887], [-83.33684, 8.67912], [-83.3371, 8.67934], [-83.33758, 8.67967], [-83.33765, 8.67971], [-83.3382, 8.68001], [-83.33868, 8.68021], [-83.33875, 8.68024], [-83.3393, 8.68042], [-83.33985, 8.68057], [-83.3404, 8.68069], [-83.34072, 8.68075], [-83.34095, 8.6808], [-83.3415, 8.68091], [-83.34205, 8.68102], [-83.3426, 8.68113], [-83.34315, 8.68124], [-83.34347, 8.6813], [-83.3437, 8.68134], [-83.34425, 8.68145], [-83.3448, 8.68155], [-83.34535, 8.68163], [-83.3459, 8.6817], [-83.34645, 8.68176], [-83.347, 8.6817], [-83.34755, 8.68149], [-83.34788, 8.6813], [-83.3481, 8.68121], [-83.34865, 8.68099], [-83.3492, 8.68084], [-83.34975, 8.68082], [-83.3503, 8.68101], [-83.35066, 8.6813], [-83.35085, 8.68162], [-83.35092, 8.68184], [-83.35095, 8.68239], [-83.35085, 8.68293], [-83.35085, 8.68293], [-83.35058, 8.68347], [-83.3503, 8.68401], [-83.35029, 8.68402], [-83.34996, 8.68456], [-83.34976, 8.6851], [-83.34975, 8.68521], [-83.34965, 8.68565], [-83.34955, 8.68619], [-83.34942, 8.68674], [-83.34929, 8.68728], [-83.3492, 8.68768], [-83.34916, 8.68782], [-83.34903, 8.68837], [-83.34893, 8.68891], [-83.34886, 8.68945], [-83.34883, 8.69], [-83.34882, 8.69054], [-83.34883, 8.69109], [-83.34885, 8.69163], [-83.34888, 8.69217], [-83.34892, 8.69272], [-83.34897, 8.69326], [-83.34903, 8.69381], [-83.3491, 8.69435], [-83.34918, 8.69489], [-83.3492, 8.69499], [-83.34927, 8.69544], [-83.34938, 8.69598], [-83.34949, 8.69652], [-83.3496, 8.69707], [-83.34972, 8.69761], [-83.34975, 8.69775], [-83.34983, 8.69816], [-83.34995, 8.6987], [-83.35007, 8.69924], [-83.3502, 8.69979], [-83.3503, 8.70015], [-83.35034, 8.70033], [-83.35051, 8.70088], [-83.35069, 8.70142], [-83.35085, 8.70181], [-83.35091, 8.70196], [-83.35116, 8.70251], [-83.3514, 8.70294], [-83.35146, 8.70305], [-83.35179, 8.70359], [-83.35195, 8.70381], [-83.35218, 8.70414], [-83.3525, 8.70455], [-83.3526, 8.70468], [-83.35305, 8.70521], [-83.35306, 8.70523], [-83.35353, 8.70577], [-83.35359, 8.70584], [-83.35402, 8.70631], [-83.35414, 8.70645], [-83.3545, 8.70686], [-83.35469, 8.70707], [-83.35499, 8.7074], [-83.35524, 8.70768], [-83.35548, 8.70795], [-83.35579, 8.70829], [-83.35597, 8.70849], [-83.35634, 8.70892], [-83.35644, 8.70903], [-83.35689, 8.70955], [-83.35692, 8.70958], [-83.35741, 8.71012], [-83.35744, 8.71016], [-83.35791, 8.71066], [-83.35799, 8.71075], [-83.35845, 8.71121], [-83.35854, 8.7113], [-83.35906, 8.71175], [-83.35909, 8.71178], [-83.35964, 8.71219], [-83.3598, 8.7123], [-83.36019, 8.71255], [-83.36069, 8.71284], [-83.36074, 8.71287], [-83.36129, 8.71317], [-83.36173, 8.71338], [-83.36184, 8.71344], [-83.36239, 8.71369], [-83.36294, 8.71391], [-83.36298, 8.71393], [-83.36349, 8.71412], [-83.36404, 8.7143], [-83.36459, 8.71446], [-83.36462, 8.71447], [-83.36514, 8.71461], [-83.36569, 8.71474], [-83.36624, 8.71484], [-83.36679, 8.71492], [-83.36734, 8.71498], [-83.36789, 8.71501], [-83.36844, 8.71501], [-83.36899, 8.715], [-83.36954, 8.71497], [-83.37009, 8.71493], [-83.37064, 8.71487], [-83.37119, 8.71479], [-83.37174, 8.71469], [-83.37229, 8.71459], [-83.3728, 8.71447], [-83.37284, 8.71446], [-83.37339, 8.71433], [-83.37394, 8.71418], [-83.37449, 8.71402], [-83.37479, 8.71393], [-83.37504, 8.71386], [-83.37559, 8.71372], [-83.37614, 8.71358], [-83.37669, 8.71347], [-83.37715, 8.71338], [-83.37724, 8.71337], [-83.37779, 8.71327], [-83.37834, 8.71315], [-83.37889, 8.71304], [-83.37944, 8.71294], [-83.37999, 8.71287], [-83.38048, 8.71284], [-83.38054, 8.71284], [-83.38061, 8.71284], [-83.38109, 8.71286], [-83.38164, 8.71295], [-83.38219, 8.71311], [-83.38274, 8.71336], [-83.38278, 8.71338], [-83.38329, 8.71369], [-83.38362, 8.71393], [-83.38383, 8.7141], [-83.38426, 8.71447], [-83.38438, 8.7146], [-83.3848, 8.71501], [-83.38493, 8.71518], [-83.38527, 8.71556], [-83.38548, 8.71584], [-83.38572, 8.7161], [-83.38603, 8.71651], [-83.38616, 8.71665], [-83.38658, 8.71716], [-83.38661, 8.71719], [-83.38708, 8.71773], [-83.38713, 8.7178], [-83.38759, 8.71828], [-83.38768, 8.71838], [-83.38817, 8.71882], [-83.38823, 8.71888], [-83.38878, 8.71931], [-83.38886, 8.71937], [-83.38933, 8.71969], [-83.38969, 8.71991], [-83.38988, 8.72003], [-83.39043, 8.72033], [-83.39068, 8.72045], [-83.39098, 8.72061], [-83.39153, 8.72087], [-83.39181, 8.721], [-83.39208, 8.72112], [-83.39263, 8.72135], [-83.39318, 8.72154], [-83.39319, 8.72154], [-83.39373, 8.7217], [-83.39428, 8.72183], [-83.39483, 8.72191], [-83.39538, 8.72195], [-83.39593, 8.72197], [-83.39648, 8.72196], [-83.39703, 8.72193], [-83.39758, 8.72189], [-83.39813, 8.72184], [-83.39868, 8.72178], [-83.39923, 8.72173], [-83.39978, 8.72167], [-83.40033, 8.7216], [-83.40085, 8.72154], [-83.40088, 8.72154], [-83.40143, 8.72147], [-83.40198, 8.72138], [-83.40253, 8.72128], [-83.40308, 8.72116], [-83.40363, 8.72101], [-83.40366, 8.721], [-83.40418, 8.72082], [-83.40473, 8.72056], [-83.40493, 8.72045], [-83.40528, 8.72027], [-83.40583, 8.71994], [-83.40587, 8.71991], [-83.40638, 8.71961], [-83.40677, 8.71937], [-83.40693, 8.71928], [-83.40748, 8.71896], [-83.40772, 8.71882], [-83.40803, 8.71865], [-83.40858, 8.71832], [-83.40863, 8.71828], [-83.40913, 8.71791], [-83.40932, 8.71773], [-83.40968, 8.71739], [-83.40985, 8.71719], [-83.41023, 8.71674], [-83.41029, 8.71665], [-83.41071, 8.7161], [-83.41078, 8.71602], [-83.41115, 8.71556], [-83.41133, 8.71537], [-83.4117, 8.71501], [-83.41188, 8.71487], [-83.41242, 8.71447], [-83.41243, 8.71447], [-83.41298, 8.71416], [-83.41344, 8.71393], [-83.41353, 8.71389], [-83.41407, 8.71364], [-83.41462, 8.71341], [-83.41469, 8.71338], [-83.41517, 8.71319], [-83.41572, 8.71297], [-83.41605, 8.71284], [-83.41627, 8.71275], [-83.41682, 8.7125], [-83.41724, 8.7123], [-83.41737, 8.71223], [-83.41792, 8.71191], [-83.41816, 8.71175], [-83.41847, 8.71155], [-83.41896, 8.71121], [-83.41902, 8.71117], [-83.41957, 8.71082], [-83.41983, 8.71066], [-83.42012, 8.7105], [-83.42067, 8.71022], [-83.42087, 8.71012], [-83.42122, 8.70995], [-83.42177, 8.70968], [-83.42194, 8.70958], [-83.42232, 8.70935], [-83.42273, 8.70903], [-83.42287, 8.70891], [-83.42329, 8.70849], [-83.42342, 8.70834], [-83.42374, 8.70795], [-83.42397, 8.70765], [-83.42416, 8.7074], [-83.42452, 8.70699], [-83.42465, 8.70686], [-83.42507, 8.70651], [-83.42535, 8.70631], [-83.42562, 8.70616], [-83.42617, 8.70591], [-83.42656, 8.70577], [-83.42672, 8.70572], [-83.42727, 8.70556], [-83.42782, 8.70543], [-83.42837, 8.70532], [-83.42887, 8.70523], [-83.42892, 8.70522], [-83.42947, 8.70513], [-83.43002, 8.70504], [-83.43057, 8.70495], [-83.43112, 8.70488], [-83.43167, 8.70482], [-83.43222, 8.70478], [-83.43277, 8.70474], [-83.43332, 8.70472], [-83.43387, 8.7047], [-83.43442, 8.70469], [-83.43497, 8.70469], [-83.43552, 8.70471], [-83.43607, 8.70476], [-83.43662, 8.70483], [-83.43717, 8.70492], [-83.43772, 8.70501], [-83.43827, 8.7051], [-83.43882, 8.70518], [-83.43926, 8.70523], [-83.43937, 8.70524], [-83.43992, 8.70529], [-83.44047, 8.70533], [-83.44102, 8.70536], [-83.44157, 8.70538], [-83.44212, 8.70539], [-83.44267, 8.70541], [-83.44322, 8.70542], [-83.44377, 8.70543], [-83.44431, 8.70543], [-83.44486, 8.70541], [-83.44541, 8.70539], [-83.44596, 8.70536], [-83.44651, 8.70532], [-83.44706, 8.70529], [-83.44761, 8.70526], [-83.44816, 8.70524], [-83.44845, 8.70523], [-83.44871, 8.70521], [-83.44926, 8.70518], [-83.44981, 8.70515], [-83.45036, 8.70512], [-83.45091, 8.7051], [-83.45146, 8.70508], [-83.45201, 8.70507], [-83.45256, 8.70508], [-83.45311, 8.70511], [-83.45366, 8.70516], [-83.45408, 8.70523], [-83.45421, 8.70525], [-83.45476, 8.70537], [-83.45531, 8.70557], [-83.45568, 8.70577], [-83.45586, 8.70587], [-83.45641, 8.70629], [-83.45643, 8.70631], [-83.45696, 8.7068], [-83.45701, 8.70686], [-83.45751, 8.70729], [-83.45763, 8.7074], [-83.45806, 8.70771], [-83.45838, 8.70795], [-83.45861, 8.70808], [-83.45916, 8.7084], [-83.45931, 8.70849], [-83.45971, 8.70868], [-83.46026, 8.70893], [-83.46049, 8.70903], [-83.46081, 8.70916], [-83.46136, 8.70934], [-83.46191, 8.7095], [-83.46218, 8.70958], [-83.46246, 8.70964], [-83.46301, 8.70977], [-83.46356, 8.70991], [-83.46411, 8.71005], [-83.46433, 8.71012], [-83.46466, 8.71021], [-83.46521, 8.7104], [-83.46576, 8.71062], [-83.46584, 8.71066], [-83.46631, 8.71088], [-83.46686, 8.71116], [-83.46695, 8.71121], [-83.46741, 8.71142], [-83.46796, 8.71167], [-83.46816, 8.71175], [-83.46851, 8.71188], [-83.46906, 8.71205], [-83.46961, 8.71221], [-83.46988, 8.7123], [-83.47016, 8.71238], [-83.47071, 8.7126], [-83.47116, 8.71284], [-83.47126, 8.71289], [-83.47181, 8.71323], [-83.47203, 8.71338], [-83.47236, 8.71361], [-83.47283, 8.71393], [-83.47291, 8.71397], [-83.47346, 8.71419], [-83.47401, 8.71417], [-83.47447, 8.71393], [-83.47455, 8.71386], [-83.4749, 8.71338], [-83.4751, 8.71297], [-83.47516, 8.71284], [-83.47534, 8.7123], [-83.47555, 8.71175], [-83.47565, 8.71154], [-83.4758, 8.71121], [-83.47609, 8.71066], [-83.4762, 8.71046], [-83.47638, 8.71012], [-83.47664, 8.70958], [-83.47675, 8.7093], [-83.47686, 8.70903], [-83.47702, 8.70849], [-83.47712, 8.70795], [-83.47714, 8.7074], [-83.47706, 8.70686], [-83.47681, 8.70631], [-83.47675, 8.70624], [-83.47635, 8.70577], [-83.4762, 8.70565], [-83.47565, 8.70529], [-83.47552, 8.70523], [-83.4751, 8.70505], [-83.47455, 8.70489], [-83.47401, 8.70478], [-83.47346, 8.70472], [-83.47291, 8.70469], [-83.47236, 8.70468], [-83.47181, 8.70469], [-83.47126, 8.70472], [-83.47071, 8.70475], [-83.47016, 8.70479], [-83.46961, 8.70483], [-83.46906, 8.70489], [-83.46851, 8.70498], [-83.46796, 8.70509], [-83.46741, 8.70521], [-83.46731, 8.70523], [-83.46686, 8.70534], [-83.46631, 8.70546], [-83.46576, 8.70557], [-83.46521, 8.70563], [-83.46466, 8.70565], [-83.46411, 8.70561], [-83.46356, 8.70551], [-83.46301, 8.70533], [-83.46276, 8.70523], [-83.46246, 8.70509], [-83.46191, 8.70475], [-83.46181, 8.70468], [-83.46136, 8.70432], [-83.46111, 8.70414], [-83.46081, 8.70386], [-83.46044, 8.70359], [-83.46026, 8.70343], [-83.45973, 8.70305], [-83.45971, 8.70303], [-83.45916, 8.7027], [-83.45871, 8.70251], [-83.45861, 8.70246], [-83.45806, 8.70228], [-83.45751, 8.70203], [-83.45743, 8.70196], [-83.45696, 8.70155], [-83.45688, 8.70142], [-83.45655, 8.70088], [-83.45641, 8.70063], [-83.45628, 8.70033], [-83.45603, 8.69979], [-83.45586, 8.69938], [-83.45581, 8.69924], [-83.45559, 8.6987], [-83.45539, 8.69816], [-83.45531, 8.69793], [-83.45521, 8.69761], [-83.45504, 8.69707], [-83.45487, 8.69652], [-83.45476, 8.69618], [-83.45471, 8.69598], [-83.45454, 8.69544], [-83.45437, 8.69489], [-83.45421, 8.69445], [-83.45418, 8.69435], [-83.45398, 8.69381], [-83.45377, 8.69326], [-83.45366, 8.69299], [-83.45356, 8.69272], [-83.45335, 8.69217], [-83.45313, 8.69163], [-83.45311, 8.69159], [-83.45291, 8.69109], [-83.45268, 8.69054], [-83.45256, 8.6903], [-83.45244, 8.69], [-83.45219, 8.68945], [-83.45201, 8.68913], [-83.45192, 8.68891], [-83.45167, 8.68837], [-83.45146, 8.68791], [-83.45143, 8.68782], [-83.45125, 8.68728], [-83.4511, 8.68674], [-83.45096, 8.68619], [-83.45091, 8.68601], [-83.45084, 8.68565], [-83.45074, 8.6851], [-83.45063, 8.68456], [-83.45052, 8.68402], [-83.45039, 8.68347], [-83.45036, 8.68339], [-83.45024, 8.68293], [-83.45007, 8.68239], [-83.44986, 8.68184], [-83.44981, 8.68173], [-83.44961, 8.6813], [-83.4493, 8.68075], [-83.44926, 8.6807], [-83.44884, 8.68021], [-83.44871, 8.6801], [-83.44816, 8.67973], [-83.44802, 8.67967], [-83.44761, 8.67951], [-83.44706, 8.67937], [-83.44651, 8.67929], [-83.44596, 8.67924], [-83.44541, 8.67921], [-83.44486, 8.67918], [-83.44431, 8.67914], [-83.44408, 8.67912], [-83.44377, 8.67909], [-83.44322, 8.67902], [-83.44267, 8.67892], [-83.44212, 8.6788], [-83.44157, 8.67866], [-83.44128, 8.67858], [-83.44102, 8.67849], [-83.44047, 8.67829], [-83.43992, 8.67806], [-83.43986, 8.67803], [-83.43937, 8.67778], [-83.43882, 8.67749], [-83.43882, 8.67749], [-83.43827, 8.67717], [-83.43786, 8.67695], [-83.43772, 8.67686], [-83.43717, 8.67653], [-83.43696, 8.6764], [-83.43662, 8.67619], [-83.43609, 8.67586], [-83.43607, 8.67585], [-83.43552, 8.67547], [-83.43532, 8.67532], [-83.43497, 8.67503], [-83.43471, 8.67477], [-83.43442, 8.67444], [-83.43427, 8.67423], [-83.43397, 8.67368], [-83.43387, 8.67344], [-83.43377, 8.67314], [-83.43367, 8.6726], [-83.43365, 8.67205], [-83.43373, 8.67151], [-83.43387, 8.67105], [-83.4339, 8.67096], [-83.43417, 8.67042], [-83.43442, 8.66994], [-83.43446, 8.66988], [-83.43478, 8.66933], [-83.43497, 8.6689], [-83.43502, 8.66879], [-83.43516, 8.66825], [-83.43513, 8.6677], [-83.43497, 8.66723], [-83.43494, 8.66716], [-83.43465, 8.66661], [-83.43442, 8.6663], [-83.43428, 8.66607], [-83.43388, 8.66553], [-83.43387, 8.66551], [-83.43353, 8.66498], [-83.43332, 8.66464], [-83.43321, 8.66444], [-83.43294, 8.6639], [-83.43277, 8.66345], [-83.43273, 8.66335], [-83.43257, 8.66281], [-83.43242, 8.66226], [-83.43227, 8.66172], [-83.43222, 8.66152], [-83.43213, 8.66118], [-83.43196, 8.66063], [-83.43177, 8.66009], [-83.43167, 8.65985], [-83.43153, 8.65954], [-83.43124, 8.659], [-83.43112, 8.65881], [-83.43089, 8.65846], [-83.43057, 8.65803], [-83.43049, 8.65791], [-83.43008, 8.65737], [-83.43002, 8.65728], [-83.42974, 8.65683], [-83.42947, 8.65633], [-83.42945, 8.65628], [-83.42924, 8.65574], [-83.42907, 8.65519], [-83.42894, 8.65465], [-83.42892, 8.65454], [-83.42886, 8.65411], [-83.42881, 8.65356], [-83.42878, 8.65302], [-83.42876, 8.65247], [-83.42874, 8.65193], [-83.42872, 8.65139], [-83.42868, 8.65084], [-83.42862, 8.6503], [-83.42854, 8.64976], [-83.42844, 8.64921], [-83.42837, 8.64886], [-83.42833, 8.64867], [-83.42822, 8.64812], [-83.42811, 8.64758], [-83.42799, 8.64704], [-83.42789, 8.64649], [-83.42782, 8.64604], [-83.42781, 8.64595], [-83.42773, 8.6454], [-83.42767, 8.64486], [-83.42762, 8.64432], [-83.42759, 8.64377], [-83.42756, 8.64323], [-83.42754, 8.64269], [-83.42754, 8.64214], [-83.42755, 8.6416], [-83.42761, 8.64105], [-83.42771, 8.64051], [-83.42782, 8.64001], [-83.42783, 8.63997], [-83.42796, 8.63942], [-83.42807, 8.63888], [-83.42815, 8.63834], [-83.42817, 8.63779], [-83.42812, 8.63725], [-83.42801, 8.6367], [-83.42784, 8.63616], [-83.42782, 8.6361], [-83.42765, 8.63562], [-83.42743, 8.63507], [-83.42727, 8.6347], [-83.4272, 8.63453], [-83.42696, 8.63398], [-83.42672, 8.63346], [-83.42671, 8.63344], [-83.42645, 8.6329], [-83.42617, 8.63239], [-83.42615, 8.63235], [-83.42581, 8.63181], [-83.42562, 8.63153], [-83.42545, 8.63127], [-83.42511, 8.63072], [-83.42507, 8.63066], [-83.4248, 8.63018], [-83.42452, 8.62963], [-83.42452, 8.62963], [-83.42429, 8.62909], [-83.4241, 8.62855], [-83.42397, 8.62809], [-83.42395, 8.628], [-83.42382, 8.62746], [-83.42371, 8.62691], [-83.4236, 8.62637], [-83.42348, 8.62583], [-83.42342, 8.62559], [-83.42334, 8.62528], [-83.42317, 8.62474], [-83.42293, 8.6242], [-83.42287, 8.6241], [-83.42258, 8.62365], [-83.42232, 8.62335], [-83.42207, 8.62311], [-83.42177, 8.62286], [-83.42131, 8.62256], [-83.42122, 8.62251], [-83.42067, 8.62222], [-83.42024, 8.62202], [-83.42012, 8.62197], [-83.41957, 8.62172], [-83.41903, 8.62148], [-83.41902, 8.62148], [-83.41847, 8.6212], [-83.41795, 8.62093], [-83.41792, 8.62092], [-83.41737, 8.62057], [-83.4171, 8.62039], [-83.41682, 8.62018], [-83.41643, 8.61984], [-83.41627, 8.61971], [-83.41586, 8.6193], [-83.41572, 8.61917], [-83.41532, 8.61876], [-83.41517, 8.61861], [-83.4148, 8.61821], [-83.41462, 8.61803], [-83.41427, 8.61767], [-83.41407, 8.61746], [-83.41374, 8.61713], [-83.41353, 8.6169], [-83.41319, 8.61658], [-83.41298, 8.61636], [-83.41263, 8.61604], [-83.41243, 8.61584], [-83.41207, 8.61549], [-83.41188, 8.61532], [-83.41149, 8.61495], [-83.41133, 8.6148], [-83.41088, 8.61441], [-83.41078, 8.61432], [-83.41023, 8.61387], [-83.41022, 8.61386], [-83.40968, 8.61345], [-83.40949, 8.61332], [-83.40913, 8.61307], [-83.40868, 8.61278], [-83.40858, 8.6127], [-83.40803, 8.61235], [-83.40785, 8.61223], [-83.40748, 8.61197], [-83.40709, 8.61169], [-83.40693, 8.61156], [-83.40644, 8.61114], [-83.40638, 8.61109], [-83.40583, 8.61061], [-83.40582, 8.6106], [-83.40528, 8.61013], [-83.4052, 8.61006], [-83.40473, 8.60965], [-83.40456, 8.60951], [-83.40418, 8.60919], [-83.40391, 8.60897], [-83.40363, 8.60873], [-83.40329, 8.60842], [-83.40308, 8.60822], [-83.40276, 8.60788], [-83.40253, 8.60762], [-83.40231, 8.60734], [-83.40198, 8.60688], [-83.40192, 8.60679], [-83.40158, 8.60625], [-83.40143, 8.60598], [-83.40128, 8.60571], [-83.40101, 8.60516], [-83.40088, 8.60488], [-83.40076, 8.60462], [-83.40054, 8.60407], [-83.40033, 8.60355], [-83.40032, 8.60353], [-83.4001, 8.60299], [-83.39987, 8.60244], [-83.39978, 8.60224], [-83.3996, 8.6019], [-83.39931, 8.60135], [-83.39923, 8.60122], [-83.39895, 8.60081], [-83.39868, 8.60045], [-83.39854, 8.60027], [-83.39813, 8.5998], [-83.39806, 8.59972], [-83.39758, 8.59923], [-83.39752, 8.59918], [-83.39703, 8.59872], [-83.39693, 8.59864], [-83.39648, 8.59825], [-83.39629, 8.59809], [-83.39593, 8.5978], [-83.39559, 8.59755], [-83.39538, 8.59739], [-83.39483, 8.59701], [-83.39482, 8.597], [-83.39428, 8.59666], [-83.39396, 8.59646], [-83.39373, 8.59632], [-83.39318, 8.59598], [-83.39307, 8.59592], [-83.39263, 8.59565], [-83.39217, 8.59537], [-83.39208, 8.59532], [-83.39153, 8.59499], [-83.39126, 8.59483], [-83.39098, 8.59467], [-83.39043, 8.59437], [-83.39027, 8.59429], [-83.38988, 8.59411], [-83.38933, 8.59389], [-83.38892, 8.59374], [-83.38878, 8.5937], [-83.38823, 8.59356], [-83.38768, 8.59342], [-83.38713, 8.59328], [-83.38682, 8.5932], [-83.38658, 8.59314], [-83.38603, 8.59298], [-83.38548, 8.59278], [-83.38522, 8.59265], [-83.38493, 8.59252], [-83.38438, 8.59218], [-83.38429, 8.59211], [-83.38383, 8.59174], [-83.38366, 8.59157], [-83.38329, 8.59116], [-83.38317, 8.59102], [-83.38276, 8.59048], [-83.38274, 8.59045], [-83.38234, 8.58993], [-83.38219, 8.58974], [-83.38182, 8.58939], [-83.38164, 8.58924], [-83.38109, 8.58893], [-83.38087, 8.58885], [-83.38054, 8.58874], [-83.37999, 8.58861], [-83.37944, 8.58851], [-83.37889, 8.58843], [-83.37834, 8.58834], [-83.37818, 8.5883], [-83.37779, 8.58823], [-83.37724, 8.58808], [-83.37669, 8.58787], [-83.37645, 8.58776], [-83.37614, 8.5876], [-83.37559, 8.58724], [-83.37555, 8.58722], [-83.37504, 8.58675], [-83.37497, 8.58667], [-83.37452, 8.58613], [-83.37449, 8.58608], [-83.37414, 8.58558], [-83.37394, 8.58531], [-83.37373, 8.58504], [-83.37339, 8.58466], [-83.37322, 8.5845], [-83.37284, 8.58419], [-83.37255, 8.58395], [-83.37229, 8.58375], [-83.37189, 8.58341], [-83.37174, 8.58327], [-83.37133, 8.58286], [-83.37119, 8.58272], [-83.37085, 8.58232], [-83.37064, 8.58205], [-83.37043, 8.58178], [-83.37009, 8.58128], [-83.37005, 8.58123], [-83.36964, 8.58069], [-83.36954, 8.58057], [-83.36906, 8.58015], [-83.36899, 8.5801], [-83.36844, 8.57982], [-83.36789, 8.57963], [-83.36776, 8.5796], [-83.36734, 8.5795], [-83.36679, 8.57941], [-83.36624, 8.57933], [-83.36569, 8.57927], [-83.36514, 8.57922], [-83.36459, 8.57918], [-83.36404, 8.57915], [-83.36349, 8.57912], [-83.36294, 8.57909], [-83.36239, 8.57908], [-83.36184, 8.57907], [-83.36129, 8.57907], [-83.36074, 8.57908], [-83.36019, 8.5791], [-83.35964, 8.57913], [-83.35909, 8.57918], [-83.35854, 8.57925], [-83.35799, 8.57934], [-83.35744, 8.57946], [-83.35692, 8.5796], [-83.35689, 8.57961], [-83.35634, 8.57979], [-83.35579, 8.58], [-83.35546, 8.58015], [-83.35524, 8.58025], [-83.35469, 8.58056], [-83.35451, 8.58069], [-83.35414, 8.58097], [-83.35384, 8.58123], [-83.35359, 8.58142], [-83.35316, 8.58178], [-83.35305, 8.58186], [-83.3525, 8.58224], [-83.35236, 8.58232], [-83.35195, 8.58255], [-83.3514, 8.5828], [-83.35116, 8.58286], [-83.35085, 8.58295], [-83.3503, 8.583], [-83.34975, 8.58298], [-83.3492, 8.5829], [-83.34905, 8.58286], [-83.34865, 8.58275], [-83.3481, 8.58256], [-83.34755, 8.58235], [-83.34748, 8.58232], [-83.347, 8.58211], [-83.34645, 8.58192], [-83.34594, 8.58178], [-83.3459, 8.58176], [-83.34535, 8.58161], [-83.3448, 8.58146], [-83.34425, 8.58132], [-83.34389, 8.58123], [-83.3437, 8.58118], [-83.34315, 8.58103], [-83.3426, 8.58088], [-83.34205, 8.5807], [-83.34202, 8.58069], [-83.3415, 8.58051], [-83.34095, 8.5803], [-83.34054, 8.58015], [-83.3404, 8.58009], [-83.33985, 8.57988], [-83.3393, 8.57967], [-83.33912, 8.5796], [-83.33875, 8.57946], [-83.3382, 8.57924], [-83.33775, 8.57906], [-83.33765, 8.57902], [-83.3371, 8.57877], [-83.3366, 8.57851], [-83.33655, 8.57848], [-83.336, 8.57814], [-83.33575, 8.57797], [-83.33545, 8.57775], [-83.33504, 8.57743], [-83.3349, 8.57731], [-83.3344, 8.57688], [-83.33435, 8.57684], [-83.3338, 8.5764], [-83.3337, 8.57634], [-83.33325, 8.57604], [-83.33277, 8.57579], [-83.3327, 8.57576], [-83.33215, 8.57552], [-83.3316, 8.5753], [-83.33149, 8.57525], [-83.33105, 8.57508], [-83.3305, 8.57486], [-83.33011, 8.57471], [-83.32995, 8.57464], [-83.3294, 8.5744], [-83.32886, 8.57416], [-83.32885, 8.57416], [-83.3283, 8.57395], [-83.32775, 8.5738], [-83.3272, 8.57367], [-83.32698, 8.57362], [-83.32665, 8.57355], [-83.3261, 8.57341], [-83.32555, 8.57323], [-83.32519, 8.57308], [-83.325, 8.57299], [-83.32445, 8.57265], [-83.3243, 8.57253], [-83.3239, 8.57219], [-83.3237, 8.57199], [-83.32335, 8.57159], [-83.32325, 8.57144], [-83.32288, 8.5709], [-83.32281, 8.57078], [-83.32257, 8.57036], [-83.32228, 8.56981], [-83.32226, 8.56976], [-83.32201, 8.56927], [-83.32172, 8.56873], [-83.32171, 8.5687], [-83.32139, 8.56818], [-83.32116, 8.56784], [-83.32101, 8.56764], [-83.32061, 8.56713], [-83.32058, 8.56709], [-83.32008, 8.56655], [-83.32006, 8.56653], [-83.31953, 8.56601], [-83.31951, 8.56598], [-83.31896, 8.56546], [-83.31896, 8.56546], [-83.31841, 8.56493], [-83.31839, 8.56492], [-83.31786, 8.56441], [-83.31782, 8.56437], [-83.31731, 8.5639], [-83.31723, 8.56383], [-83.31676, 8.56341], [-83.3166, 8.56329], [-83.31621, 8.56297], [-83.31588, 8.56274], [-83.31566, 8.56259], [-83.31511, 8.56227], [-83.31496, 8.5622], [-83.31456, 8.562], [-83.31401, 8.56177], [-83.31374, 8.56166], [-83.31346, 8.56153], [-83.31291, 8.56127], [-83.31262, 8.56111], [-83.31236, 8.56096], [-83.31181, 8.56058], [-83.3118, 8.56057], [-83.31126, 8.56011], [-83.31117, 8.56002], [-83.31071, 8.55958], [-83.31061, 8.55948], [-83.31016, 8.55902], [-83.31009, 8.55894], [-83.30961, 8.55843], [-83.30958, 8.55839], [-83.30909, 8.55785], [-83.30906, 8.55781], [-83.30863, 8.5573], [-83.30851, 8.55716], [-83.3082, 8.55676], [-83.30796, 8.55645], [-83.30778, 8.55622], [-83.30741, 8.55571], [-83.30738, 8.55567], [-83.307, 8.55513], [-83.30686, 8.55493], [-83.30663, 8.55459], [-83.30631, 8.55408], [-83.30629, 8.55404], [-83.30598, 8.5535], [-83.30576, 8.55309], [-83.30569, 8.55295], [-83.30543, 8.55241], [-83.30521, 8.55193], [-83.30518, 8.55187], [-83.30495, 8.55132], [-83.3047, 8.55078], [-83.30466, 8.55071], [-83.30443, 8.55023], [-83.30413, 8.54969], [-83.30411, 8.54967], [-83.30379, 8.54915], [-83.30356, 8.54881], [-83.30342, 8.5486], [-83.30302, 8.54806], [-83.30301, 8.54805], [-83.3026, 8.54752], [-83.30246, 8.54735], [-83.30219, 8.54697], [-83.30191, 8.54658], [-83.30181, 8.54643], [-83.30146, 8.54588], [-83.30136, 8.54574], [-83.3011, 8.54534], [-83.30081, 8.54492], [-83.30073, 8.5448], [-83.30037, 8.54425], [-83.30026, 8.5441], [-83.29999, 8.54371], [-83.29971, 8.5433], [-83.29961, 8.54317], [-83.29921, 8.54262], [-83.29916, 8.54256], [-83.29874, 8.54208], [-83.29861, 8.54195], [-83.29808, 8.54153], [-83.29806, 8.54153], [-83.29751, 8.54127], [-83.29696, 8.5411], [-83.2965, 8.54099], [-83.29641, 8.54097], [-83.29586, 8.54088], [-83.29531, 8.54082], [-83.29476, 8.54076], [-83.29421, 8.5407], [-83.29366, 8.54064], [-83.29311, 8.54058], [-83.29256, 8.54053], [-83.29202, 8.54048], [-83.29193, 8.54045], [-83.29162, 8.5403]]}}, {"type": "Feature", "properties": {"depth_m": 50}, "geometry": {"type": "LineString", "coordinates": [[-83.32128, 8.65247], [-83.32116, 8.65259], [-83.32061, 8.65284], [-83.32006, 8.65282], [-83.31951, 8.65257], [-83.3194, 8.65247], [-83.31896, 8.65207], [-83.31885, 8.65193], [-83.31851, 8.65139], [-83.31841, 8.65113], [-83.31832, 8.65084], [-83.31822, 8.6503], [-83.31813, 8.64976], [-83.31804, 8.64921], [-83.31797, 8.64867], [-83.31796, 8.64812], [-83.31803, 8.64758], [-83.31824, 8.64704], [-83.31841, 8.6468], [-83.31872, 8.64649], [-83.31896, 8.64635], [-83.31951, 8.64617], [-83.32006, 8.64618], [-83.32061, 8.6464], [-83.32072, 8.64649], [-83.32116, 8.64694], [-83.32122, 8.64704], [-83.32151, 8.64758], [-83.32171, 8.6481], [-83.32171, 8.64812], [-83.32183, 8.64867], [-83.32191, 8.64921], [-83.32196, 8.64976], [-83.322, 8.6503], [-83.32202, 8.65084], [-83.32193, 8.65139], [-83.32172, 8.65193], [-83.32171, 8.65197], [-83.32128, 8.65247]]}}, {"type": "Feature", "properties": {"depth_m": 50}, "geometry": {"type": "LineString", "coordinates": [[-83.22529, 8.43549], [-83.22494, 8.43562], [-83.22439, 8.43577], [-83.22384, 8.43585], [-83.22329, 8.43587], [-83.22274, 8.43582], [-83.22219, 8.43569], [-83.22164, 8.43552], [-83.22156, 8.43549], [-83.22109, 8.43531], [-83.22054, 8.43508], [-83.22023, 8.43494], [-83.21999, 8.43484], [-83.21944, 8.43457], [-83.21912, 8.4344], [-83.21889, 8.43426], [-83.21834, 8.43388], [-83.21831, 8.43386], [-83.21783, 8.43331], [-83.21779, 8.43324], [-83.21754, 8.43277], [-83.21735, 8.43222], [-83.21725, 8.43168], [-83.21724, 8.43152], [-83.21722, 8.43114], [-83.21724, 8.43081], [-83.21725, 8.43059], [-83.21734, 8.43005], [-83.21749, 8.42951], [-83.2177, 8.42896], [-83.21779, 8.4288], [-83.21803, 8.42842], [-83.21834, 8.42808], [-83.21856, 8.42787], [-83.21889, 8.42763], [-83.21931, 8.42733], [-83.21944, 8.42725], [-83.21999, 8.42686], [-83.22009, 8.42679], [-83.22054, 8.42643], [-83.22076, 8.42624], [-83.22109, 8.42592], [-83.22131, 8.4257], [-83.22164, 8.4253], [-83.22176, 8.42515], [-83.22214, 8.42461], [-83.22219, 8.42454], [-83.22252, 8.42407], [-83.22274, 8.42375], [-83.22297, 8.42352], [-83.22329, 8.42321], [-83.22373, 8.42298], [-83.22384, 8.42292], [-83.22439, 8.42283], [-83.22494, 8.42291], [-83.22509, 8.42298], [-83.22549, 8.42317], [-83.22596, 8.42352], [-83.22604, 8.42359], [-83.22649, 8.42407], [-83.22659, 8.42418], [-83.2269, 8.42461], [-83.22714, 8.42494], [-83.22728, 8.42515], [-83.22764, 8.4257], [-83.22769, 8.42577], [-83.22794, 8.42624], [-83.22822, 8.42679], [-83.22824, 8.42681], [-83.22843, 8.42733], [-83.22861, 8.42787], [-83.22874, 8.42842], [-83.22879, 8.42877], [-83.22881, 8.42896], [-83.22883, 8.42951], [-83.22881, 8.43005], [-83.22879, 8.43031], [-83.22876, 8.43059], [-83.22866, 8.43114], [-83.22853, 8.43168], [-83.22837, 8.43222], [-83.22824, 8.43261], [-83.22817, 8.43277], [-83.2279, 8.43331], [-83.22769, 8.43368], [-83.22755, 8.43386], [-83.22714, 8.43432], [-83.22705, 8.4344], [-83.22659, 8.43478], [-83.22634, 8.43494], [-83.22604, 8.43513], [-83.22549, 8.43541], [-83.22529, 8.43549]]}}, {"type": "Feature", "properties": {"depth_m": 50}, "geometry": {"type": "LineString", "coordinates": [[-83.18027, 8.42026], [-83.18016, 8.4208], [-83.18005, 8.42135], [-83.17996, 8.42189], [-83.17987, 8.42244], [-83.17985, 8.42255], [-83.17979, 8.42298], [-83.17973, 8.42352], [-83.17969, 8.42407], [-83.17968, 8.42461], [-83.17969, 8.42515], [-83.17972, 8.4257], [-83.17977, 8.42624], [-83.17982, 8.42679], [-83.17985, 8.42704], [-83.17988, 8.42733], [-83.17995, 8.42787], [-83.18001, 8.42842], [-83.18007, 8.42896], [-83.18013, 8.42951], [-83.18019, 8.43005], [-83.18026, 8.43059], [-83.18033, 8.43114], [-83.1804, 8.4316], [-83.18041, 8.43168], [-83.1805, 8.43222], [-83.18061, 8.43277], [-83.18072, 8.43331], [-83.18085, 8.43386], [-83.18095, 8.43423], [-83.18099, 8.4344], [-83.18114, 8.43494], [-83.18129, 8.43549], [-83.18143, 8.43603], [-83.1815, 8.4363], [-83.18157, 8.43657], [-83.18169, 8.43712], [-83.1818, 8.43766], [-83.1819, 8.43821], [-83.18198, 8.43875], [-83.18205, 8.43919], [-83.18207, 8.43929], [-83.18214, 8.43984], [-83.18221, 8.44038], [-83.18228, 8.44093], [-83.18234, 8.44147], [-83.1824, 8.44201], [-83.18246, 8.44256], [-83.18252, 8.4431], [-83.18257, 8.44364], [-83.1826, 8.44395], [-83.18263, 8.44419], [-83.18268, 8.44473], [-83.18272, 8.44528], [-83.18276, 8.44582], [-83.1828, 8.44636], [-83.18282, 8.44691], [-83.18284, 8.44745], [-83.18285, 8.448], [-83.18286, 8.44854], [-83.18287, 8.44908], [-83.18287, 8.44963], [-83.18288, 8.45017], [-83.1829, 8.45071], [-83.18291, 8.45126], [-83.18293, 8.4518], [-83.18295, 8.45235], [-83.18297, 8.45289], [-83.18299, 8.45343], [-83.183, 8.45398], [-83.18301, 8.45452], [-83.18302, 8.45507], [-83.18302, 8.45561], [-83.18302, 8.45615], [-83.18302, 8.4567], [-83.18301, 8.45724], [-83.18301, 8.45778], [-83.183, 8.45833], [-83.183, 8.45887], [-83.18301, 8.45942], [-83.18301, 8.45996], [-83.18302, 8.4605], [-83.18302, 8.46105], [-83.18303, 8.46159], [-83.18305, 8.46213], [-83.18306, 8.46268], [-83.18308, 8.46322], [-83.18311, 8.46377], [-83.18313, 8.46431], [-83.18315, 8.46466], [-83.18316, 8.46485], [-83.18319, 8.4654], [-83.18323, 8.46594], [-83.18326, 8.46649], [-83.1833, 8.46703], [-83.18335, 8.46757], [-83.1834, 8.46812], [-83.18346, 8.46866], [-83.18352, 8.4692], [-83.18359, 8.46975], [-83.18367, 8.47029], [-83.1837, 8.47051], [-83.18375, 8.47084], [-83.18385, 8.47138], [-83.18396, 8.47192], [-83.18409, 8.47247], [-83.18423, 8.47301], [-83.18425, 8.47307], [-83.1844, 8.47356], [-83.18459, 8.4741], [-83.18478, 8.47464], [-83.1848, 8.4747], [-83.18498, 8.47519], [-83.18518, 8.47573], [-83.18535, 8.47624], [-83.18536, 8.47627], [-83.18554, 8.47682], [-83.18571, 8.47736], [-83.18587, 8.47791], [-83.1859, 8.47801], [-83.18603, 8.47845], [-83.1862, 8.47899], [-83.18638, 8.47954], [-83.18645, 8.47975], [-83.18657, 8.48008], [-83.18677, 8.48062], [-83.187, 8.48117], [-83.187, 8.48117], [-83.18725, 8.48171], [-83.18753, 8.48226], [-83.18755, 8.48229], [-83.18783, 8.4828], [-83.1881, 8.48328], [-83.18814, 8.48334], [-83.18843, 8.48389], [-83.18865, 8.48433], [-83.1887, 8.48443], [-83.18894, 8.48498], [-83.18915, 8.48552], [-83.1892, 8.48568], [-83.18932, 8.48606], [-83.18948, 8.48661], [-83.18963, 8.48715], [-83.18975, 8.48764], [-83.18976, 8.48769], [-83.18989, 8.48824], [-83.19001, 8.48878], [-83.19011, 8.48933], [-83.19021, 8.48987], [-83.19029, 8.49041], [-83.1903, 8.49049], [-83.19035, 8.49096], [-83.19039, 8.4915], [-83.19041, 8.49205], [-83.19043, 8.49259], [-83.19043, 8.49313], [-83.19044, 8.49368], [-83.19044, 8.49422], [-83.19046, 8.49476], [-83.19049, 8.49531], [-83.19052, 8.49585], [-83.19054, 8.4964], [-83.19053, 8.49694], [-83.19049, 8.49748], [-83.19039, 8.49803], [-83.1903, 8.49834], [-83.19023, 8.49857], [-83.19, 8.49912], [-83.18975, 8.49958], [-83.18971, 8.49966], [-83.18935, 8.5002], [-83.1892, 8.50041], [-83.18894, 8.50075], [-83.18865, 8.5011], [-83.18849, 8.50129], [-83.1881, 8.50173], [-83.18801, 8.50183], [-83.18755, 8.50235], [-83.18753, 8.50238], [-83.18705, 8.50292], [-83.187, 8.50298], [-83.18657, 8.50347], [-83.18645, 8.50359], [-83.18606, 8.50401], [-83.1859, 8.50418], [-83.18554, 8.50455], [-83.18535, 8.50474], [-83.185, 8.5051], [-83.1848, 8.50529], [-83.18445, 8.50564], [-83.18425, 8.50583], [-83.1839, 8.50618], [-83.1837, 8.50638], [-83.18336, 8.50673], [-83.18315, 8.50694], [-83.18286, 8.50727], [-83.1826, 8.50755], [-83.18237, 8.50782], [-83.18205, 8.50817], [-83.18189, 8.50836], [-83.1815, 8.5088], [-83.18141, 8.5089], [-83.18095, 8.50942], [-83.18093, 8.50945], [-83.18041, 8.50999], [-83.1804, 8.51], [-83.17985, 8.51052], [-83.17983, 8.51054], [-83.1793, 8.51096], [-83.17914, 8.51108], [-83.17875, 8.51134], [-83.17832, 8.51162], [-83.1782, 8.51169], [-83.17765, 8.51199], [-83.17731, 8.51217], [-83.1771, 8.51226], [-83.17655, 8.51249], [-83.176, 8.5127], [-83.17597, 8.51271], [-83.17545, 8.51287], [-83.1749, 8.51302], [-83.17435, 8.51313], [-83.1738, 8.51322], [-83.1735, 8.51325], [-83.17325, 8.51328], [-83.1727, 8.51333], [-83.17215, 8.51337], [-83.1716, 8.51341], [-83.17106, 8.51345], [-83.17051, 8.5135], [-83.16996, 8.51354], [-83.16941, 8.51357], [-83.16886, 8.51358], [-83.16831, 8.5136], [-83.16776, 8.51364], [-83.16721, 8.5137], [-83.16666, 8.5138], [-83.16665, 8.5138], [-83.16611, 8.51394], [-83.16556, 8.51415], [-83.16516, 8.51434], [-83.16501, 8.51442], [-83.16446, 8.51475], [-83.16426, 8.51489], [-83.16391, 8.51513], [-83.16352, 8.51543], [-83.16336, 8.51555], [-83.16283, 8.51597], [-83.16281, 8.51599], [-83.16226, 8.5164], [-83.16209, 8.51652], [-83.16171, 8.51676], [-83.16123, 8.51706], [-83.16116, 8.51711], [-83.16061, 8.51747], [-83.16041, 8.51761], [-83.16006, 8.51785], [-83.15964, 8.51815], [-83.15951, 8.51825], [-83.15896, 8.51868], [-83.15894, 8.51869], [-83.15841, 8.51915], [-83.15831, 8.51924], [-83.15786, 8.51971], [-83.1578, 8.51978], [-83.15739, 8.52032], [-83.15731, 8.52047], [-83.15708, 8.52087], [-83.15683, 8.52141], [-83.15676, 8.52159], [-83.15663, 8.52196], [-83.15648, 8.5225], [-83.15639, 8.52304], [-83.15635, 8.52359], [-83.15637, 8.52413], [-83.15645, 8.52468], [-83.15661, 8.52522], [-83.15676, 8.52557], [-83.15684, 8.52576], [-83.1571, 8.52631], [-83.15731, 8.52674], [-83.15736, 8.52685], [-83.15759, 8.52739], [-83.1578, 8.52794], [-83.15786, 8.5281], [-83.15797, 8.52848], [-83.1581, 8.52903], [-83.15821, 8.52957], [-83.15833, 8.53011], [-83.15841, 8.5305], [-83.15844, 8.53066], [-83.15854, 8.5312], [-83.15864, 8.53174], [-83.15875, 8.53229], [-83.15886, 8.53283], [-83.15896, 8.5333], [-83.15898, 8.53338], [-83.1591, 8.53392], [-83.15925, 8.53446], [-83.15943, 8.53501], [-83.15951, 8.53522], [-83.15964, 8.53555], [-83.15989, 8.5361], [-83.16006, 8.53642], [-83.16019, 8.53664], [-83.16053, 8.53718], [-83.16061, 8.5373], [-83.16092, 8.53773], [-83.16116, 8.53805], [-83.16135, 8.53827], [-83.16171, 8.53867], [-83.16186, 8.53881], [-83.16226, 8.5392], [-83.16245, 8.53936], [-83.16281, 8.53967], [-83.16311, 8.5399], [-83.16336, 8.54009], [-83.16384, 8.54045], [-83.16391, 8.54049], [-83.16446, 8.54089], [-83.16459, 8.54099], [-83.16501, 8.54129], [-83.16531, 8.54153], [-83.16556, 8.54173], [-83.16597, 8.54208], [-83.16611, 8.5422], [-83.16656, 8.54262], [-83.16666, 8.54271], [-83.16709, 8.54317], [-83.16721, 8.54328], [-83.16758, 8.54371], [-83.16776, 8.54392], [-83.16802, 8.54425], [-83.16831, 8.54464], [-83.16842, 8.5448], [-83.1688, 8.54534], [-83.16886, 8.54543], [-83.16916, 8.54588], [-83.16941, 8.54626], [-83.16952, 8.54643], [-83.1699, 8.54697], [-83.16996, 8.54705], [-83.17029, 8.54752], [-83.17051, 8.54781], [-83.17068, 8.54806], [-83.17105, 8.5486], [-83.17106, 8.54861], [-83.17137, 8.54915], [-83.1716, 8.54957], [-83.17167, 8.54969], [-83.17193, 8.55023], [-83.17215, 8.55074], [-83.17217, 8.55078], [-83.17241, 8.55132], [-83.17266, 8.55187], [-83.1727, 8.55197], [-83.17291, 8.55241], [-83.17319, 8.55295], [-83.17325, 8.55307], [-83.17349, 8.5535], [-83.1738, 8.55401], [-83.17382, 8.55404], [-83.17419, 8.55459], [-83.17435, 8.55482], [-83.17459, 8.55513], [-83.1749, 8.55551], [-83.17504, 8.55567], [-83.17545, 8.55612], [-83.17555, 8.55622], [-83.176, 8.5567], [-83.17606, 8.55676], [-83.17655, 8.55727], [-83.17658, 8.5573], [-83.17709, 8.55785], [-83.1771, 8.55786], [-83.17757, 8.55839], [-83.17765, 8.55849], [-83.17803, 8.55894], [-83.1782, 8.55916], [-83.17845, 8.55948], [-83.17875, 8.55991], [-83.17884, 8.56002], [-83.1792, 8.56057], [-83.1793, 8.56072], [-83.17955, 8.56111], [-83.17985, 8.56161], [-83.17988, 8.56166], [-83.18021, 8.5622], [-83.1804, 8.56251], [-83.18054, 8.56274], [-83.18089, 8.56329], [-83.18095, 8.56338], [-83.18126, 8.56383], [-83.1815, 8.56414], [-83.18168, 8.56437], [-83.18205, 8.56483], [-83.18212, 8.56492], [-83.18256, 8.56546], [-83.1826, 8.56552], [-83.18296, 8.56601], [-83.18315, 8.56631], [-83.1833, 8.56655], [-83.18358, 8.56709], [-83.1837, 8.56745], [-83.18376, 8.56764], [-83.18384, 8.56818], [-83.18379, 8.56873], [-83.1837, 8.56901], [-83.18363, 8.56927], [-83.18341, 8.56981], [-83.18315, 8.57035], [-83.18315, 8.57036], [-83.18291, 8.5709], [-83.18271, 8.57144], [-83.1826, 8.57191], [-83.18258, 8.57199], [-83.18255, 8.57253], [-83.18259, 8.57308], [-83.1826, 8.57311], [-83.1827, 8.57362], [-83.18286, 8.57416], [-83.18308, 8.57471], [-83.18315, 8.57486], [-83.18337, 8.57525], [-83.1837, 8.57579], [-83.1837, 8.57579], [-83.18409, 8.57634], [-83.18425, 8.57657], [-83.18448, 8.57688], [-83.1848, 8.57728], [-83.18492, 8.57743], [-83.18535, 8.57789], [-83.18543, 8.57797], [-83.1859, 8.57845], [-83.18597, 8.57851], [-83.18645, 8.57898], [-83.18653, 8.57906], [-83.187, 8.57952], [-83.18708, 8.5796], [-83.18755, 8.58008], [-83.18761, 8.58015], [-83.1881, 8.58069], [-83.1881, 8.58069], [-83.18853, 8.58123], [-83.18865, 8.58139], [-83.18892, 8.58178], [-83.1892, 8.5822], [-83.18928, 8.58232], [-83.1896, 8.58286], [-83.18975, 8.58312], [-83.18991, 8.58341], [-83.1902, 8.58395], [-83.1903, 8.58413], [-83.19049, 8.5845], [-83.19077, 8.58504], [-83.19085, 8.5852], [-83.19105, 8.58558], [-83.19133, 8.58613], [-83.1914, 8.58627], [-83.1916, 8.58667], [-83.19187, 8.58722], [-83.19195, 8.58739], [-83.19212, 8.58776], [-83.19235, 8.5883], [-83.1925, 8.58872], [-83.19254, 8.58885], [-83.19271, 8.58939], [-83.19283, 8.58993], [-83.19292, 8.59048], [-83.19298, 8.59102], [-83.19301, 8.59157], [-83.19302, 8.59211], [-83.19302, 8.59265], [-83.19302, 8.5932], [-83.19302, 8.59374], [-83.19302, 8.59429], [-83.19302, 8.59483], [-83.193, 8.59537], [-83.19298, 8.59592], [-83.19295, 8.59646], [-83.19293, 8.597], [-83.19293, 8.59755], [-83.19295, 8.59809], [-83.193, 8.59864], [-83.19305, 8.599], [-83.19307, 8.59918], [-83.19317, 8.59972], [-83.19329, 8.60027], [-83.19342, 8.60081], [-83.19356, 8.60135], [-83.1936, 8.6015], [-83.1937, 8.6019], [-83.19383, 8.60244], [-83.19396, 8.60299], [-83.19414, 8.60353], [-83.19415, 8.60356], [-83.19432, 8.60407], [-83.19451, 8.60462], [-83.19469, 8.60516], [-83.1947, 8.60519], [-83.19483, 8.60571], [-83.19494, 8.60625], [-83.195, 8.60679], [-83.19498, 8.60734], [-83.19487, 8.60788], [-83.1947, 8.60835], [-83.19467, 8.60842], [-83.19435, 8.60897], [-83.19415, 8.60927], [-83.19394, 8.60951], [-83.1936, 8.60989], [-83.1934, 8.61006], [-83.19305, 8.61038], [-83.19271, 8.6106], [-83.1925, 8.61082], [-83.19195, 8.61105], [-83.1914, 8.61088], [-83.19112, 8.6106], [-83.19085, 8.61044], [-83.19041, 8.61006], [-83.1903, 8.60998], [-83.18975, 8.60957], [-83.18965, 8.60951], [-83.1892, 8.60927], [-83.18865, 8.60916], [-83.1881, 8.60942], [-83.18802, 8.60951], [-83.18773, 8.61006], [-83.18764, 8.6106], [-83.18776, 8.61114], [-83.1881, 8.61168], [-83.18811, 8.61169], [-83.18865, 8.61203], [-83.1892, 8.61221], [-83.18934, 8.61223], [-83.18975, 8.61228], [-83.1903, 8.61227], [-83.1908, 8.61223], [-83.19085, 8.61222], [-83.1914, 8.61217], [-83.19151, 8.61223], [-83.19195, 8.61244], [-83.19213, 8.61278], [-83.19249, 8.61332], [-83.1925, 8.61333], [-83.19282, 8.61386], [-83.19305, 8.61417], [-83.1932, 8.61441], [-83.1936, 8.61491], [-83.19363, 8.61495], [-83.19412, 8.61549], [-83.19415, 8.61552], [-83.19462, 8.61604], [-83.1947, 8.61614], [-83.19504, 8.61658], [-83.19525, 8.61688], [-83.1954, 8.61713], [-83.19574, 8.61767], [-83.1958, 8.61775], [-83.19611, 8.61821], [-83.19635, 8.6185], [-83.19654, 8.61876], [-83.1969, 8.61912], [-83.19706, 8.6193], [-83.19745, 8.61962], [-83.1977, 8.61984], [-83.198, 8.62005], [-83.19847, 8.62039], [-83.19855, 8.62044], [-83.1991, 8.62077], [-83.19938, 8.62093], [-83.19965, 8.62107], [-83.2002, 8.62134], [-83.20052, 8.62148], [-83.20075, 8.62156], [-83.2013, 8.62174], [-83.20184, 8.62186], [-83.20239, 8.62194], [-83.20294, 8.62197], [-83.20349, 8.62196], [-83.20404, 8.62192], [-83.20459, 8.62186], [-83.20514, 8.62177], [-83.20569, 8.62169], [-83.20624, 8.62159], [-83.20675, 8.62148], [-83.20679, 8.62147], [-83.20734, 8.62131], [-83.20789, 8.62113], [-83.20843, 8.62093], [-83.20844, 8.62093], [-83.20899, 8.6207], [-83.20954, 8.62045], [-83.20966, 8.62039], [-83.21009, 8.62015], [-83.21054, 8.61984], [-83.21064, 8.61976], [-83.2111, 8.6193], [-83.21119, 8.61918], [-83.21147, 8.61876], [-83.21174, 8.61821], [-83.21174, 8.6182], [-83.21195, 8.61767], [-83.21215, 8.61713], [-83.21229, 8.61676], [-83.21236, 8.61658], [-83.21259, 8.61604], [-83.21284, 8.61553], [-83.21286, 8.61549], [-83.21315, 8.61495], [-83.21339, 8.61451], [-83.21345, 8.61441], [-83.21375, 8.61386], [-83.21394, 8.61351], [-83.21404, 8.61332], [-83.21433, 8.61278], [-83.21449, 8.61247], [-83.21461, 8.61223], [-83.21487, 8.61169], [-83.21504, 8.6113], [-83.2151, 8.61114], [-83.21534, 8.6106], [-83.21559, 8.61006], [-83.21559, 8.61005], [-83.21585, 8.60951], [-83.21612, 8.60897], [-83.21614, 8.60893], [-83.21641, 8.60842], [-83.21669, 8.60791], [-83.21671, 8.60788], [-83.21701, 8.60734], [-83.21724, 8.60692], [-83.21731, 8.60679], [-83.21761, 8.60625], [-83.21779, 8.60591], [-83.21791, 8.60571], [-83.21821, 8.60516], [-83.21834, 8.60493], [-83.21852, 8.60462], [-83.21885, 8.60407], [-83.21889, 8.60401], [-83.2192, 8.60353], [-83.21944, 8.60319], [-83.21958, 8.60299], [-83.21999, 8.60244], [-83.21999, 8.60244], [-83.22044, 8.6019], [-83.22054, 8.60179], [-83.22096, 8.60135], [-83.22109, 8.60123], [-83.22159, 8.60081], [-83.22164, 8.60077], [-83.22219, 8.60038], [-83.22239, 8.60027], [-83.22274, 8.60007], [-83.22329, 8.59981], [-83.22351, 8.59972], [-83.22384, 8.5996], [-83.22439, 8.59944], [-83.22494, 8.5993], [-83.22549, 8.59919], [-83.22556, 8.59918], [-83.22604, 8.5991], [-83.22659, 8.59902], [-83.22714, 8.59896], [-83.22769, 8.5989], [-83.22824, 8.59886], [-83.22879, 8.59885], [-83.22934, 8.59886], [-83.22989, 8.59888], [-83.23044, 8.59891], [-83.23099, 8.59895], [-83.23154, 8.59898], [-83.23208, 8.599], [-83.23263, 8.59902], [-83.23318, 8.59904], [-83.23373, 8.59906], [-83.23428, 8.59908], [-83.23483, 8.59911], [-83.23538, 8.59914], [-83.23593, 8.59917], [-83.23612, 8.59918], [-83.23648, 8.5992], [-83.23703, 8.59924], [-83.23758, 8.59927], [-83.23813, 8.5993], [-83.23868, 8.59933], [-83.23923, 8.59937], [-83.23978, 8.59942], [-83.24033, 8.59949], [-83.24088, 8.59958], [-83.24143, 8.59968], [-83.24163, 8.59972], [-83.24198, 8.5998], [-83.24253, 8.59992], [-83.24308, 8.60006], [-83.24363, 8.60022], [-83.24379, 8.60027], [-83.24418, 8.60039], [-83.24473, 8.60059], [-83.24526, 8.60081], [-83.24528, 8.60082], [-83.24583, 8.60109], [-83.24632, 8.60135], [-83.24638, 8.60139], [-83.24693, 8.60173], [-83.24718, 8.6019], [-83.24748, 8.60211], [-83.24794, 8.60244], [-83.24803, 8.60251], [-83.24858, 8.60292], [-83.24866, 8.60299], [-83.24913, 8.60334], [-83.24938, 8.60353], [-83.24968, 8.60375], [-83.25011, 8.60407], [-83.25023, 8.60416], [-83.25078, 8.60458], [-83.25082, 8.60462], [-83.25133, 8.60502], [-83.2515, 8.60516], [-83.25188, 8.60547], [-83.25216, 8.60571], [-83.25243, 8.60593], [-83.2528, 8.60625], [-83.25298, 8.60641], [-83.2534, 8.60679], [-83.25353, 8.60691], [-83.25398, 8.60734], [-83.25408, 8.60743], [-83.25454, 8.60788], [-83.25463, 8.60797], [-83.25508, 8.60842], [-83.25518, 8.60853], [-83.25559, 8.60897], [-83.25573, 8.60913], [-83.25606, 8.60951], [-83.25628, 8.60978], [-83.2565, 8.61006], [-83.25683, 8.6105], [-83.2569, 8.6106], [-83.25725, 8.61114], [-83.25738, 8.61137], [-83.25755, 8.61169], [-83.2578, 8.61223], [-83.25793, 8.61256], [-83.25801, 8.61278], [-83.25818, 8.61332], [-83.25833, 8.61386], [-83.25846, 8.61441], [-83.25848, 8.61446], [-83.25859, 8.61495], [-83.25871, 8.61549], [-83.25884, 8.61604], [-83.25896, 8.61658], [-83.25903, 8.61697], [-83.25906, 8.61713], [-83.25915, 8.61767], [-83.25924, 8.61821], [-83.25932, 8.61876], [-83.25941, 8.6193], [-83.2595, 8.61984], [-83.25958, 8.62027], [-83.2596, 8.62039], [-83.25971, 8.62093], [-83.25982, 8.62148], [-83.25993, 8.62202], [-83.26003, 8.62256], [-83.26013, 8.62308], [-83.26013, 8.62311], [-83.26022, 8.62365], [-83.2603, 8.6242], [-83.26037, 8.62474], [-83.26042, 8.62528], [-83.26044, 8.62583], [-83.26046, 8.62637], [-83.26046, 8.62691], [-83.26046, 8.62746], [-83.26047, 8.628], [-83.26048, 8.62855], [-83.26052, 8.62909], [-83.26055, 8.62963], [-83.26059, 8.63018], [-83.26063, 8.63072], [-83.26068, 8.63105], [-83.26071, 8.63127], [-83.26085, 8.63181], [-83.26111, 8.63235], [-83.26123, 8.6325], [-83.26168, 8.6329], [-83.26178, 8.63295], [-83.26232, 8.63319], [-83.26287, 8.63337], [-83.26322, 8.63344], [-83.26342, 8.63347], [-83.26397, 8.63348], [-83.26452, 8.63345], [-83.26461, 8.63344], [-83.26507, 8.6334], [-83.26562, 8.63335], [-83.26617, 8.63332], [-83.26672, 8.63332], [-83.26727, 8.63336], [-83.26782, 8.63339], [-83.26837, 8.63341], [-83.26892, 8.63344], [-83.269, 8.63344], [-83.26947, 8.63347], [-83.27002, 8.63352], [-83.27057, 8.63361], [-83.27112, 8.63374], [-83.27167, 8.63391], [-83.2719, 8.63398], [-83.27222, 8.63409], [-83.27277, 8.63427], [-83.27332, 8.63445], [-83.27353, 8.63453], [-83.27387, 8.63465], [-83.27442, 8.63487], [-83.27483, 8.63507], [-83.27497, 8.63513], [-83.27552, 8.63544], [-83.27577, 8.63562], [-83.27607, 8.63581], [-83.27651, 8.63616], [-83.27662, 8.63625], [-83.27713, 8.6367], [-83.27717, 8.63674], [-83.27768, 8.63725], [-83.27772, 8.63728], [-83.2782, 8.63779], [-83.27827, 8.63786], [-83.27871, 8.63834], [-83.27882, 8.63846], [-83.2792, 8.63888], [-83.27937, 8.63906], [-83.2797, 8.63942], [-83.27992, 8.63966], [-83.2802, 8.63997], [-83.28047, 8.64024], [-83.28071, 8.64051], [-83.28102, 8.64083], [-83.28122, 8.64105], [-83.28157, 8.64143], [-83.28172, 8.6416], [-83.28212, 8.64203], [-83.28222, 8.64214], [-83.28267, 8.64261], [-83.28274, 8.64269], [-83.28322, 8.64318], [-83.28326, 8.64323], [-83.28377, 8.64376], [-83.28379, 8.64377], [-83.28431, 8.64432], [-83.28432, 8.64433], [-83.28485, 8.64486], [-83.28487, 8.64488], [-83.28539, 8.6454], [-83.28542, 8.64543], [-83.28592, 8.64595], [-83.28597, 8.646], [-83.28645, 8.64649], [-83.28652, 8.64656], [-83.28702, 8.64704], [-83.28707, 8.64708], [-83.28762, 8.64751], [-83.28771, 8.64758], [-83.28817, 8.64787], [-83.28867, 8.64812], [-83.28872, 8.64814], [-83.28927, 8.64834], [-83.28982, 8.64845], [-83.29037, 8.64849], [-83.29092, 8.64849], [-83.29147, 8.64847], [-83.29202, 8.64845], [-83.29256, 8.64844], [-83.29311, 8.64845], [-83.29366, 8.64849], [-83.29421, 8.64853], [-83.29476, 8.64855], [-83.29531, 8.64856], [-83.29586, 8.64859], [-83.29641, 8.64866], [-83.29646, 8.64867], [-83.29696, 8.64878], [-83.29751, 8.64898], [-83.2979, 8.64921], [-83.29806, 8.64932], [-83.29847, 8.64976], [-83.29861, 8.64994], [-83.29881, 8.6503], [-83.29907, 8.65084], [-83.29916, 8.65106], [-83.29928, 8.65139], [-83.29948, 8.65193], [-83.29968, 8.65247], [-83.29971, 8.65256], [-83.29988, 8.65302], [-83.3001, 8.65356], [-83.30026, 8.65392], [-83.30035, 8.65411], [-83.30062, 8.65465], [-83.30081, 8.65499], [-83.30094, 8.65519], [-83.30136, 8.65574], [-83.30136, 8.65574], [-83.30191, 8.65625], [-83.30196, 8.65628], [-83.30246, 8.6566], [-83.30292, 8.65683], [-83.30301, 8.65687], [-83.30356, 8.6571], [-83.30411, 8.6573], [-83.30432, 8.65737], [-83.30466, 8.65749], [-83.30521, 8.65767], [-83.30576, 8.65784], [-83.30601, 8.65791], [-83.30631, 8.65802], [-83.30686, 8.6582], [-83.30741, 8.6584], [-83.30755, 8.65846], [-83.30796, 8.65865], [-83.30851, 8.65893], [-83.30864, 8.659], [-83.30906, 8.65927], [-83.30951, 8.65954], [-83.30961, 8.65961], [-83.31016, 8.65996], [-83.3104, 8.66009], [-83.31071, 8.66027], [-83.31126, 8.6605], [-83.31177, 8.66063], [-83.31181, 8.66064], [-83.31236, 8.66073], [-83.31291, 8.66076], [-83.31346, 8.66074], [-83.31401, 8.66069], [-83.31447, 8.66063], [-83.31456, 8.66062], [-83.31511, 8.66055], [-83.31566, 8.6605], [-83.31621, 8.66045], [-83.31676, 8.66036], [-83.31731, 8.66023], [-83.31784, 8.66009], [-83.31786, 8.66008], [-83.31841, 8.65992], [-83.31896, 8.65978], [-83.31951, 8.6597], [-83.32006, 8.65973], [-83.32061, 8.65986], [-83.32116, 8.66009], [-83.32116, 8.66009], [-83.32171, 8.66035], [-83.32218, 8.66063], [-83.32226, 8.66067], [-83.32281, 8.66102], [-83.32302, 8.66118], [-83.32335, 8.6614], [-83.32378, 8.66172], [-83.3239, 8.66181], [-83.32445, 8.66225], [-83.32447, 8.66226], [-83.325, 8.66272], [-83.3251, 8.66281], [-83.32555, 8.66322], [-83.32569, 8.66335], [-83.3261, 8.66374], [-83.32625, 8.6639], [-83.32665, 8.66428], [-83.32681, 8.66444], [-83.3272, 8.66483], [-83.32735, 8.66498], [-83.32775, 8.66541], [-83.32786, 8.66553], [-83.3283, 8.666], [-83.32836, 8.66607], [-83.32885, 8.6666], [-83.32887, 8.66661], [-83.32938, 8.66716], [-83.3294, 8.66718], [-83.32989, 8.6677], [-83.32995, 8.66777], [-83.3304, 8.66825], [-83.3305, 8.66835], [-83.33092, 8.66879], [-83.33105, 8.66892], [-83.33144, 8.66933], [-83.3316, 8.66951], [-83.33193, 8.66988], [-83.33215, 8.67013], [-83.33241, 8.67042], [-83.3327, 8.67076], [-83.33288, 8.67096], [-83.33325, 8.67139], [-83.33336, 8.67151], [-83.3338, 8.67199], [-83.33386, 8.67205], [-83.33435, 8.67257], [-83.33438, 8.6726], [-83.3349, 8.67311], [-83.33493, 8.67314], [-83.33545, 8.67364], [-83.3355, 8.67368], [-83.336, 8.67415], [-83.33609, 8.67423], [-83.33655, 8.67465], [-83.33669, 8.67477], [-83.3371, 8.67514], [-83.33732, 8.67532], [-83.33765, 8.67559], [-83.33802, 8.67586], [-83.3382, 8.67599], [-83.33875, 8.67634], [-83.33886, 8.6764], [-83.3393, 8.67665], [-83.33985, 8.67691], [-83.33993, 8.67695], [-83.3404, 8.67715], [-83.34095, 8.67737], [-83.34127, 8.67749], [-83.3415, 8.67758], [-83.34205, 8.67778], [-83.3426, 8.67797], [-83.34281, 8.67803], [-83.34315, 8.67814], [-83.3437, 8.6783], [-83.34425, 8.67844], [-83.3448, 8.67858], [-83.3448, 8.67858], [-83.34535, 8.67871], [-83.3459, 8.67882], [-83.34645, 8.67893], [-83.347, 8.67899], [-83.34755, 8.67899], [-83.3481, 8.67897], [-83.34865, 8.67897], [-83.3492, 8.67899], [-83.34975, 8.67905], [-83.35007, 8.67912], [-83.3503, 8.67917], [-83.35085, 8.67939], [-83.35134, 8.67967], [-83.3514, 8.67971], [-83.35195, 8.68018], [-83.35197, 8.68021], [-83.35237, 8.68075], [-83.3525, 8.681], [-83.35262, 8.6813], [-83.35276, 8.68184], [-83.35281, 8.68239], [-83.3528, 8.68293], [-83.35274, 8.68347], [-83.35265, 8.68402], [-83.35256, 8.68456], [-83.3525, 8.6851], [-83.3525, 8.68526], [-83.35248, 8.68565], [-83.35245, 8.68619], [-83.35241, 8.68674], [-83.35236, 8.68728], [-83.35231, 8.68782], [-83.35227, 8.68837], [-83.35224, 8.68891], [-83.35223, 8.68945], [-83.35224, 8.69], [-83.35227, 8.69054], [-83.35232, 8.69109], [-83.35239, 8.69163], [-83.35247, 8.69217], [-83.3525, 8.69234], [-83.35256, 8.69272], [-83.35266, 8.69326], [-83.35277, 8.69381], [-83.35288, 8.69435], [-83.353, 8.69489], [-83.35305, 8.69506], [-83.35314, 8.69544], [-83.35329, 8.69598], [-83.35345, 8.69652], [-83.35359, 8.69698], [-83.35362, 8.69707], [-83.35381, 8.69761], [-83.35402, 8.69816], [-83.35414, 8.69845], [-83.35425, 8.6987], [-83.35451, 8.69924], [-83.35469, 8.69961], [-83.35478, 8.69979], [-83.35509, 8.70033], [-83.35524, 8.7006], [-83.35541, 8.70088], [-83.35575, 8.70142], [-83.35579, 8.70149], [-83.3561, 8.70196], [-83.35634, 8.70233], [-83.35646, 8.70251], [-83.35684, 8.70305], [-83.35689, 8.70313], [-83.35723, 8.70359], [-83.35744, 8.70387], [-83.35765, 8.70414], [-83.35799, 8.70456], [-83.3581, 8.70468], [-83.35854, 8.7052], [-83.35856, 8.70523], [-83.35906, 8.70577], [-83.35909, 8.7058], [-83.35961, 8.70631], [-83.35964, 8.70635], [-83.36019, 8.70686], [-83.36019, 8.70686], [-83.36074, 8.70734], [-83.36082, 8.7074], [-83.36129, 8.70778], [-83.36151, 8.70795], [-83.36184, 8.70818], [-83.36231, 8.70849], [-83.36239, 8.70854], [-83.36294, 8.70887], [-83.36324, 8.70903], [-83.36349, 8.70917], [-83.36404, 8.70944], [-83.36434, 8.70958], [-83.36459, 8.70969], [-83.36514, 8.70993], [-83.36561, 8.71012], [-83.36569, 8.71015], [-83.36624, 8.71036], [-83.36679, 8.71055], [-83.36717, 8.71066], [-83.36734, 8.71071], [-83.36789, 8.71085], [-83.36844, 8.71096], [-83.36899, 8.71104], [-83.36954, 8.71109], [-83.37009, 8.71112], [-83.37064, 8.71113], [-83.37119, 8.71114], [-83.37174, 8.71113], [-83.37229, 8.71112], [-83.37284, 8.71111], [-83.37339, 8.71108], [-83.37394, 8.71105], [-83.37449, 8.711], [-83.37504, 8.71096], [-83.37559, 8.71091], [-83.37614, 8.71087], [-83.37669, 8.71084], [-83.37724, 8.71082], [-83.37779, 8.71079], [-83.37834, 8.71076], [-83.37889, 8.71072], [-83.37944, 8.71069], [-83.37999, 8.71068], [-83.38054, 8.71069], [-83.38109, 8.71075], [-83.38164, 8.71084], [-83.38219, 8.711], [-83.38274, 8.7112], [-83.38275, 8.71121], [-83.38329, 8.71146], [-83.38381, 8.71175], [-83.38383, 8.71176], [-83.38438, 8.7121], [-83.38469, 8.7123], [-83.38493, 8.71246], [-83.38548, 8.71284], [-83.38548, 8.71284], [-83.38603, 8.71321], [-83.3863, 8.71338], [-83.38658, 8.71358], [-83.38709, 8.71393], [-83.38713, 8.71396], [-83.38768, 8.71436], [-83.38784, 8.71447], [-83.38823, 8.71476], [-83.38858, 8.71501], [-83.38878, 8.71517], [-83.38933, 8.71556], [-83.38933, 8.71556], [-83.38988, 8.71595], [-83.39011, 8.7161], [-83.39043, 8.71632], [-83.39098, 8.71665], [-83.39098, 8.71665], [-83.39153, 8.71696], [-83.39197, 8.71719], [-83.39208, 8.71725], [-83.39263, 8.71752], [-83.39311, 8.71773], [-83.39318, 8.71777], [-83.39373, 8.71799], [-83.39428, 8.71819], [-83.39456, 8.71828], [-83.39483, 8.71836], [-83.39538, 8.71851], [-83.39593, 8.71863], [-83.39648, 8.71873], [-83.39703, 8.71881], [-83.39716, 8.71882], [-83.39758, 8.71887], [-83.39813, 8.71891], [-83.39868, 8.71894], [-83.39923, 8.71895], [-83.39978, 8.71896], [-83.40033, 8.71897], [-83.40088, 8.71897], [-83.40143, 8.71895], [-83.40198, 8.71892], [-83.40253, 8.71886], [-83.40276, 8.71882], [-83.40308, 8.71877], [-83.40363, 8.71864], [-83.40418, 8.71848], [-83.4047, 8.71828], [-83.40473, 8.71827], [-83.40528, 8.71804], [-83.40583, 8.71779], [-83.40594, 8.71773], [-83.40638, 8.71753], [-83.40693, 8.71725], [-83.40704, 8.71719], [-83.40748, 8.71695], [-83.40798, 8.71665], [-83.40803, 8.71662], [-83.40858, 8.71622], [-83.4087, 8.7161], [-83.40913, 8.71571], [-83.40927, 8.71556], [-83.40968, 8.71515], [-83.40981, 8.71501], [-83.41023, 8.71461], [-83.41037, 8.71447], [-83.41078, 8.71412], [-83.41101, 8.71393], [-83.41133, 8.71368], [-83.41176, 8.71338], [-83.41188, 8.71331], [-83.41243, 8.71299], [-83.41273, 8.71284], [-83.41298, 8.71272], [-83.41353, 8.71246], [-83.4139, 8.7123], [-83.41407, 8.71221], [-83.41462, 8.71197], [-83.41512, 8.71175], [-83.41517, 8.71173], [-83.41572, 8.71147], [-83.41625, 8.71121], [-83.41627, 8.71119], [-83.41682, 8.71091], [-83.41725, 8.71066], [-83.41737, 8.7106], [-83.41792, 8.71028], [-83.41819, 8.71012], [-83.41847, 8.70997], [-83.41902, 8.70967], [-83.41921, 8.70958], [-83.41957, 8.7094], [-83.42012, 8.70914], [-83.42034, 8.70903], [-83.42067, 8.70887], [-83.42122, 8.70859], [-83.4214, 8.70849], [-83.42177, 8.70825], [-83.42216, 8.70795], [-83.42232, 8.70781], [-83.42273, 8.7074], [-83.42287, 8.70726], [-83.42324, 8.70686], [-83.42342, 8.70668], [-83.4238, 8.70631], [-83.42397, 8.70616], [-83.42447, 8.70577], [-83.42452, 8.70573], [-83.42507, 8.70539], [-83.42539, 8.70523], [-83.42562, 8.70512], [-83.42617, 8.70491], [-83.42672, 8.70472], [-83.42687, 8.70468], [-83.42727, 8.70457], [-83.42782, 8.70443], [-83.42837, 8.70429], [-83.42892, 8.70417], [-83.42906, 8.70414], [-83.42947, 8.70404], [-83.43002, 8.70392], [-83.43057, 8.7038], [-83.43112, 8.7037], [-83.43167, 8.7036], [-83.4317, 8.70359], [-83.43222, 8.7035], [-83.43277, 8.70341], [-83.43332, 8.70333], [-83.43387, 8.70324], [-83.43442, 8.70316], [-83.43497, 8.70308], [-83.43517, 8.70305], [-83.43552, 8.703], [-83.43607, 8.70293], [-83.43662, 8.70286], [-83.43717, 8.70279], [-83.43772, 8.70272], [-83.43827, 8.70264], [-83.43882, 8.70254], [-83.439, 8.70251], [-83.43937, 8.70243], [-83.43992, 8.70231], [-83.44047, 8.70218], [-83.44102, 8.70205], [-83.44134, 8.70196], [-83.44157, 8.7019], [-83.44212, 8.70174], [-83.44267, 8.70157], [-83.44308, 8.70142], [-83.44322, 8.70137], [-83.44377, 8.70114], [-83.44431, 8.70088], [-83.44433, 8.70088], [-83.44486, 8.70059], [-83.44529, 8.70033], [-83.44541, 8.70025], [-83.44596, 8.69986], [-83.44607, 8.69979], [-83.44651, 8.69941], [-83.44669, 8.69924], [-83.44706, 8.69886], [-83.4472, 8.6987], [-83.44761, 8.69816], [-83.44761, 8.69815], [-83.44794, 8.69761], [-83.44816, 8.69716], [-83.44821, 8.69707], [-83.44842, 8.69652], [-83.44861, 8.69598], [-83.44871, 8.69564], [-83.44877, 8.69544], [-83.44891, 8.69489], [-83.44903, 8.69435], [-83.44913, 8.69381], [-83.44922, 8.69326], [-83.44926, 8.69291], [-83.44929, 8.69272], [-83.44934, 8.69217], [-83.44938, 8.69163], [-83.44941, 8.69109], [-83.44943, 8.69054], [-83.44944, 8.69], [-83.44944, 8.68945], [-83.44945, 8.68891], [-83.44946, 8.68837], [-83.44946, 8.68782], [-83.44946, 8.68728], [-83.44944, 8.68674], [-83.44941, 8.68619], [-83.44935, 8.68565], [-83.44927, 8.6851], [-83.44926, 8.68509], [-83.44914, 8.68456], [-83.44897, 8.68402], [-83.44876, 8.68347], [-83.44871, 8.68336], [-83.44847, 8.68293], [-83.44816, 8.68247], [-83.44809, 8.68239], [-83.44761, 8.68193], [-83.44746, 8.68184], [-83.44706, 8.6816], [-83.44651, 8.68139], [-83.44619, 8.6813], [-83.44596, 8.68124], [-83.44541, 8.68115], [-83.44486, 8.68107], [-83.44431, 8.68101], [-83.44377, 8.68093], [-83.44322, 8.68082], [-83.44291, 8.68075], [-83.44267, 8.68071], [-83.44212, 8.68061], [-83.44157, 8.68052], [-83.44102, 8.68041], [-83.44047, 8.68028], [-83.44019, 8.68021], [-83.43992, 8.68014], [-83.43937, 8.67997], [-83.43882, 8.67976], [-83.43859, 8.67967], [-83.43827, 8.67953], [-83.43772, 8.67928], [-83.4374, 8.67912], [-83.43717, 8.67901], [-83.43662, 8.67873], [-83.43634, 8.67858], [-83.43607, 8.67843], [-83.43552, 8.67811], [-83.43539, 8.67803], [-83.43497, 8.67776], [-83.43461, 8.67749], [-83.43442, 8.67734], [-83.434, 8.67695], [-83.43387, 8.6768], [-83.43355, 8.6764], [-83.43332, 8.67607], [-83.43319, 8.67586], [-83.43289, 8.67532], [-83.43277, 8.67505], [-83.43266, 8.67477], [-83.43249, 8.67423], [-83.43237, 8.67368], [-83.43229, 8.67314], [-83.43225, 8.6726], [-83.43227, 8.67205], [-83.43235, 8.67151], [-83.4325, 8.67096], [-83.43269, 8.67042], [-83.43277, 8.67021], [-83.4329, 8.66988], [-83.4331, 8.66933], [-83.43325, 8.66879], [-83.43332, 8.66829], [-83.43333, 8.66825], [-83.43332, 8.66812], [-83.4333, 8.6677], [-83.43316, 8.66716], [-83.43294, 8.66661], [-83.43277, 8.66627], [-83.43267, 8.66607], [-83.43237, 8.66553], [-83.43222, 8.66527], [-83.43205, 8.66498], [-83.43175, 8.66444], [-83.43167, 8.66429], [-83.43146, 8.6639], [-83.43122, 8.66335], [-83.43112, 8.66309], [-83.431, 8.66281], [-83.43077, 8.66226], [-83.43057, 8.6618], [-83.43053, 8.66172], [-83.43026, 8.66118], [-83.43002, 8.66069], [-83.42999, 8.66063], [-83.4297, 8.66009], [-83.42947, 8.65965], [-83.42942, 8.65954], [-83.42915, 8.659], [-83.42892, 8.65855], [-83.42888, 8.65846], [-83.42863, 8.65791], [-83.42841, 8.65737], [-83.42837, 8.65728], [-83.42821, 8.65683], [-83.42805, 8.65628], [-83.4279, 8.65574], [-83.42782, 8.65536], [-83.42778, 8.65519], [-83.42768, 8.65465], [-83.42759, 8.65411], [-83.42751, 8.65356], [-83.42743, 8.65302], [-83.42735, 8.65247], [-83.42727, 8.65194], [-83.42727, 8.65193], [-83.42717, 8.65139], [-83.42706, 8.65084], [-83.42693, 8.6503], [-83.42678, 8.64976], [-83.42672, 8.64956], [-83.42661, 8.64921], [-83.42641, 8.64867], [-83.4262, 8.64812], [-83.42617, 8.64805], [-83.42596, 8.64758], [-83.42572, 8.64704], [-83.42562, 8.64679], [-83.42548, 8.64649], [-83.42525, 8.64595], [-83.42507, 8.64549], [-83.42503, 8.6454], [-83.42482, 8.64486], [-83.42463, 8.64432], [-83.42452, 8.64396], [-83.42446, 8.64377], [-83.42431, 8.64323], [-83.4242, 8.64269], [-83.42411, 8.64214], [-83.42408, 8.6416], [-83.42411, 8.64105], [-83.42421, 8.64051], [-83.42434, 8.63997], [-83.42447, 8.63942], [-83.42452, 8.63917], [-83.42458, 8.63888], [-83.42466, 8.63834], [-83.42469, 8.63779], [-83.42465, 8.63725], [-83.42458, 8.6367], [-83.42452, 8.6364], [-83.42448, 8.63616], [-83.42436, 8.63562], [-83.42423, 8.63507], [-83.42408, 8.63453], [-83.42397, 8.63418], [-83.42392, 8.63398], [-83.42375, 8.63344], [-83.42356, 8.6329], [-83.42342, 8.63254], [-83.42335, 8.63235], [-83.42311, 8.63181], [-83.42287, 8.63131], [-83.42285, 8.63127], [-83.42258, 8.63072], [-83.42232, 8.63018], [-83.42232, 8.63018], [-83.42206, 8.62963], [-83.42182, 8.62909], [-83.42177, 8.62897], [-83.42159, 8.62855], [-83.42138, 8.628], [-83.42122, 8.62753], [-83.4212, 8.62746], [-83.42099, 8.62691], [-83.42077, 8.62637], [-83.42067, 8.62618], [-83.42048, 8.62583], [-83.42012, 8.62531], [-83.4201, 8.62528], [-83.41957, 8.62475], [-83.41956, 8.62474], [-83.41902, 8.62435], [-83.41878, 8.6242], [-83.41847, 8.62402], [-83.41792, 8.62373], [-83.41779, 8.62365], [-83.41737, 8.62344], [-83.41682, 8.62314], [-83.41677, 8.62311], [-83.41627, 8.62282], [-83.41589, 8.62256], [-83.41572, 8.62245], [-83.41517, 8.62203], [-83.41517, 8.62202], [-83.41462, 8.62153], [-83.41457, 8.62148], [-83.41407, 8.62095], [-83.41406, 8.62093], [-83.41358, 8.62039], [-83.41353, 8.62032], [-83.41309, 8.61984], [-83.41298, 8.61973], [-83.41252, 8.6193], [-83.41243, 8.61922], [-83.41188, 8.61877], [-83.41186, 8.61876], [-83.41133, 8.61832], [-83.41119, 8.61821], [-83.41078, 8.61785], [-83.41058, 8.61767], [-83.41023, 8.61734], [-83.41002, 8.61713], [-83.40968, 8.61678], [-83.40949, 8.61658], [-83.40913, 8.61621], [-83.40895, 8.61604], [-83.40858, 8.6157], [-83.40833, 8.61549], [-83.40803, 8.61528], [-83.4075, 8.61495], [-83.40748, 8.61493], [-83.40693, 8.61464], [-83.40647, 8.61441], [-83.40638, 8.61436], [-83.40583, 8.61407], [-83.40546, 8.61386], [-83.40528, 8.61375], [-83.40473, 8.61338], [-83.40464, 8.61332], [-83.40418, 8.61296], [-83.40396, 8.61278], [-83.40363, 8.61248], [-83.40337, 8.61223], [-83.40308, 8.61196], [-83.40282, 8.61169], [-83.40253, 8.6114], [-83.40229, 8.61114], [-83.40198, 8.61083], [-83.40176, 8.6106], [-83.40143, 8.61025], [-83.40124, 8.61006], [-83.40088, 8.60966], [-83.40074, 8.60951], [-83.40033, 8.60904], [-83.40026, 8.60897], [-83.3998, 8.60842], [-83.39978, 8.60839], [-83.39935, 8.60788], [-83.39923, 8.60772], [-83.39892, 8.60734], [-83.39868, 8.60701], [-83.39852, 8.60679], [-83.39817, 8.60625], [-83.39813, 8.60619], [-83.39784, 8.60571], [-83.39758, 8.60522], [-83.39755, 8.60516], [-83.39725, 8.60462], [-83.39703, 8.6042], [-83.39696, 8.60407], [-83.39663, 8.60353], [-83.39648, 8.6033], [-83.39625, 8.60299], [-83.39593, 8.60259], [-83.39579, 8.60244], [-83.39538, 8.60205], [-83.3952, 8.6019], [-83.39483, 8.60161], [-83.39442, 8.60135], [-83.39428, 8.60127], [-83.39373, 8.601], [-83.39327, 8.60081], [-83.39318, 8.60077], [-83.39263, 8.60057], [-83.39208, 8.60038], [-83.39178, 8.60027], [-83.39153, 8.60018], [-83.39098, 8.59995], [-83.39048, 8.59972], [-83.39043, 8.5997], [-83.38988, 8.59942], [-83.38941, 8.59918], [-83.38933, 8.59914], [-83.38878, 8.59884], [-83.3884, 8.59864], [-83.38823, 8.59855], [-83.38768, 8.59824], [-83.38742, 8.59809], [-83.38713, 8.59792], [-83.38658, 8.5976], [-83.3865, 8.59755], [-83.38603, 8.59726], [-83.38563, 8.597], [-83.38548, 8.59691], [-83.38493, 8.59657], [-83.38476, 8.59646], [-83.38438, 8.59624], [-83.38387, 8.59592], [-83.38383, 8.5959], [-83.38329, 8.59556], [-83.383, 8.59537], [-83.38274, 8.5952], [-83.38219, 8.59483], [-83.38219, 8.59483], [-83.38164, 8.59444], [-83.38143, 8.59429], [-83.38109, 8.59403], [-83.38071, 8.59374], [-83.38054, 8.5936], [-83.38005, 8.5932], [-83.37999, 8.59314], [-83.37944, 8.59266], [-83.37943, 8.59265], [-83.37889, 8.59219], [-83.37879, 8.59211], [-83.37834, 8.59176], [-83.37808, 8.59157], [-83.37779, 8.59138], [-83.37727, 8.59102], [-83.37724, 8.591], [-83.37669, 8.59067], [-83.37636, 8.59048], [-83.37614, 8.59037], [-83.37559, 8.59008], [-83.37531, 8.58993], [-83.37504, 8.5898], [-83.37449, 8.58949], [-83.37433, 8.58939], [-83.37394, 8.58912], [-83.3736, 8.58885], [-83.37339, 8.58865], [-83.37307, 8.5883], [-83.37284, 8.58801], [-83.37266, 8.58776], [-83.37231, 8.58722], [-83.37229, 8.58719], [-83.37198, 8.58667], [-83.37174, 8.5863], [-83.37164, 8.58613], [-83.37126, 8.58558], [-83.37119, 8.5855], [-83.37082, 8.58504], [-83.37064, 8.58484], [-83.37034, 8.5845], [-83.37009, 8.58422], [-83.36985, 8.58395], [-83.36954, 8.5836], [-83.36937, 8.58341], [-83.36899, 8.58297], [-83.36888, 8.58286], [-83.36844, 8.58242], [-83.36832, 8.58232], [-83.36789, 8.582], [-83.36754, 8.58178], [-83.36734, 8.58166], [-83.36679, 8.5814], [-83.36635, 8.58123], [-83.36624, 8.5812], [-83.36569, 8.58106], [-83.36514, 8.58094], [-83.36459, 8.58084], [-83.36404, 8.58075], [-83.36368, 8.58069], [-83.36349, 8.58067], [-83.36294, 8.58061], [-83.36239, 8.58056], [-83.36184, 8.58053], [-83.36129, 8.58051], [-83.36074, 8.58052], [-83.36019, 8.58056], [-83.35964, 8.58062], [-83.35928, 8.58069], [-83.35909, 8.58073], [-83.35854, 8.5809], [-83.35799, 8.58111], [-83.35773, 8.58123], [-83.35744, 8.58137], [-83.35689, 8.58165], [-83.35665, 8.58178], [-83.35634, 8.58193], [-83.35579, 8.5822], [-83.35554, 8.58232], [-83.35524, 8.58246], [-83.35469, 8.58274], [-83.35449, 8.58286], [-83.35414, 8.58307], [-83.3536, 8.58341], [-83.35359, 8.58341], [-83.35305, 8.58376], [-83.35273, 8.58395], [-83.3525, 8.5841], [-83.35195, 8.5844], [-83.35172, 8.5845], [-83.3514, 8.58465], [-83.35085, 8.58482], [-83.3503, 8.58491], [-83.34975, 8.58494], [-83.3492, 8.58492], [-83.34865, 8.58487], [-83.3481, 8.58478], [-83.34755, 8.58468], [-83.347, 8.58456], [-83.34663, 8.5845], [-83.34645, 8.58446], [-83.3459, 8.58437], [-83.34535, 8.58427], [-83.3448, 8.58415], [-83.34425, 8.58403], [-83.3439, 8.58395], [-83.3437, 8.5839], [-83.34315, 8.58377], [-83.3426, 8.58362], [-83.34205, 8.58346], [-83.34188, 8.58341], [-83.3415, 8.58328], [-83.34095, 8.58309], [-83.3404, 8.58288], [-83.34037, 8.58286], [-83.33985, 8.58265], [-83.3393, 8.58242], [-83.33907, 8.58232], [-83.33875, 8.58218], [-83.3382, 8.58194], [-83.33782, 8.58178], [-83.33765, 8.58171], [-83.3371, 8.58148], [-83.33655, 8.58125], [-83.33652, 8.58123], [-83.336, 8.58101], [-83.33545, 8.58077], [-83.33528, 8.58069], [-83.3349, 8.58052], [-83.33435, 8.58025], [-83.33413, 8.58015], [-83.3338, 8.57997], [-83.33325, 8.57969], [-83.33306, 8.5796], [-83.3327, 8.57942], [-83.33215, 8.57917], [-83.33189, 8.57906], [-83.3316, 8.57893], [-83.33105, 8.57872], [-83.3305, 8.57851], [-83.3305, 8.57851], [-83.32995, 8.57832], [-83.3294, 8.57812], [-83.32903, 8.57797], [-83.32885, 8.5779], [-83.3283, 8.57769], [-83.32775, 8.57749], [-83.32758, 8.57743], [-83.3272, 8.57729], [-83.32665, 8.57708], [-83.32615, 8.57688], [-83.3261, 8.57687], [-83.32555, 8.57662], [-83.325, 8.57634], [-83.325, 8.57634], [-83.32445, 8.57602], [-83.32413, 8.57579], [-83.3239, 8.57565], [-83.32336, 8.57525], [-83.32335, 8.57524], [-83.32281, 8.5748], [-83.3227, 8.57471], [-83.32226, 8.57432], [-83.32209, 8.57416], [-83.32171, 8.57378], [-83.32155, 8.57362], [-83.32116, 8.57318], [-83.32106, 8.57308], [-83.32062, 8.57253], [-83.32061, 8.57251], [-83.32023, 8.57199], [-83.32006, 8.57171], [-83.31989, 8.57144], [-83.31956, 8.5709], [-83.31951, 8.5708], [-83.31925, 8.57036], [-83.31896, 8.56986], [-83.31893, 8.56981], [-83.31858, 8.56927], [-83.31841, 8.56902], [-83.31819, 8.56873], [-83.31786, 8.56831], [-83.31775, 8.56818], [-83.31731, 8.5677], [-83.31724, 8.56764], [-83.31676, 8.56716], [-83.31668, 8.56709], [-83.31621, 8.56668], [-83.31605, 8.56655], [-83.31566, 8.56623], [-83.31534, 8.56601], [-83.31511, 8.56584], [-83.31456, 8.56551], [-83.31447, 8.56546], [-83.31401, 8.56522], [-83.31346, 8.56496], [-83.31338, 8.56492], [-83.31291, 8.5647], [-83.31236, 8.56444], [-83.31223, 8.56437], [-83.31181, 8.56415], [-83.3113, 8.56383], [-83.31126, 8.56381], [-83.31071, 8.56338], [-83.3106, 8.56329], [-83.31016, 8.56288], [-83.31003, 8.56274], [-83.30961, 8.5623], [-83.30952, 8.5622], [-83.30906, 8.56167], [-83.30905, 8.56166], [-83.3086, 8.56111], [-83.30851, 8.561], [-83.30816, 8.56057], [-83.30796, 8.56033], [-83.30771, 8.56002], [-83.30741, 8.55967], [-83.30725, 8.55948], [-83.30686, 8.55902], [-83.30679, 8.55894], [-83.30634, 8.55839], [-83.30631, 8.55835], [-83.30592, 8.55785], [-83.30576, 8.55763], [-83.30552, 8.5573], [-83.30521, 8.55686], [-83.30514, 8.55676], [-83.30478, 8.55622], [-83.30466, 8.55603], [-83.30444, 8.55567], [-83.30411, 8.55513], [-83.30411, 8.55513], [-83.3038, 8.55459], [-83.30356, 8.5541], [-83.30353, 8.55404], [-83.30328, 8.5535], [-83.30304, 8.55295], [-83.30301, 8.55288], [-83.3028, 8.55241], [-83.30256, 8.55187], [-83.30246, 8.55167], [-83.30228, 8.55132], [-83.30196, 8.55078], [-83.30191, 8.5507], [-83.30161, 8.55023], [-83.30136, 8.54986], [-83.30125, 8.54969], [-83.30091, 8.54915], [-83.30081, 8.54898], [-83.3006, 8.5486], [-83.30031, 8.54806], [-83.30026, 8.54797], [-83.30004, 8.54752], [-83.29978, 8.54697], [-83.29971, 8.54683], [-83.29951, 8.54643], [-83.29921, 8.54588], [-83.29916, 8.54581], [-83.29885, 8.54534], [-83.29861, 8.54502], [-83.29841, 8.5448], [-83.29806, 8.54443], [-83.29784, 8.54425], [-83.29751, 8.544], [-83.29703, 8.54371], [-83.29696, 8.54367], [-83.29641, 8.54342], [-83.29586, 8.54322], [-83.29569, 8.54317], [-83.29531, 8.54306], [-83.29476, 8.54292], [-83.29421, 8.54279], [-83.29366, 8.54266], [-83.29349, 8.54262], [-83.29311, 8.54254], [-83.29256, 8.54242], [-83.29202, 8.54232], [-83.29147, 8.54222], [-83.29092, 8.54214], [-83.29048, 8.54208], [-83.29037, 8.54205], [-83.28982, 8.54194], [-83.28927, 8.54201], [-83.2892, 8.54208], [-83.28872, 8.54247], [-83.28817, 8.54246], [-83.28762, 8.54246], [-83.28713, 8.54208], [-83.28707, 8.54176], [-83.28652, 8.54173], [-83.28597, 8.54169], [-83.28542, 8.54165], [-83.28487, 8.5416], [-83.28432, 8.54157], [-83.28377, 8.54156], [-83.28322, 8.54155], [-83.28267, 8.54154], [-83.28259, 8.54153], [-83.28212, 8.5415], [-83.28157, 8.54143], [-83.28102, 8.5413], [-83.28047, 8.54109], [-83.28028, 8.54099], [-83.27992, 8.54079], [-83.27944, 8.54045], [-83.27937, 8.54039], [-83.27883, 8.5399], [-83.27882, 8.53989], [-83.27833, 8.53936], [-83.27827, 8.53929], [-83.2779, 8.53881], [-83.27772, 8.53856], [-83.27751, 8.53827], [-83.27719, 8.53773], [-83.27717, 8.53769], [-83.27689, 8.53718], [-83.27662, 8.53666], [-83.27661, 8.53664], [-83.27629, 8.5361], [-83.27607, 8.53573], [-83.27596, 8.53555], [-83.27559, 8.53501], [-83.27552, 8.53491], [-83.27522, 8.53446], [-83.27497, 8.53411], [-83.27483, 8.53392], [-83.27446, 8.53338], [-83.27442, 8.53332], [-83.27411, 8.53283], [-83.27387, 8.53243], [-83.27378, 8.53229], [-83.27348, 8.53174], [-83.27332, 8.53146], [-83.27317, 8.5312], [-83.27286, 8.53066], [-83.27277, 8.5305], [-83.27253, 8.53011], [-83.27222, 8.52964], [-83.27217, 8.52957], [-83.27176, 8.52903], [-83.27167, 8.52892], [-83.27131, 8.52848], [-83.27112, 8.52826], [-83.27085, 8.52794], [-83.27057, 8.5276], [-83.2704, 8.52739], [-83.27002, 8.52695], [-83.26994, 8.52685], [-83.26947, 8.52632], [-83.26946, 8.52631], [-83.26898, 8.52576], [-83.26892, 8.5257], [-83.26849, 8.52522], [-83.26837, 8.52509], [-83.26799, 8.52468], [-83.26782, 8.52448], [-83.2675, 8.52413], [-83.26727, 8.52388], [-83.267, 8.52359], [-83.26672, 8.52328], [-83.2665, 8.52304], [-83.26617, 8.52269], [-83.26598, 8.5225], [-83.26562, 8.52214], [-83.26542, 8.52196], [-83.26507, 8.52164], [-83.26481, 8.52141], [-83.26452, 8.52118], [-83.26411, 8.52087], [-83.26397, 8.52076], [-83.26342, 8.52039], [-83.26333, 8.52032], [-83.26287, 8.52004], [-83.26243, 8.51978], [-83.26232, 8.51972], [-83.26178, 8.51942], [-83.2614, 8.51924], [-83.26123, 8.51915], [-83.26068, 8.51891], [-83.26013, 8.5187], [-83.2601, 8.51869], [-83.25958, 8.51852], [-83.25903, 8.51836], [-83.25848, 8.51821], [-83.2582, 8.51815], [-83.25793, 8.51808], [-83.25738, 8.51797], [-83.25683, 8.51786], [-83.25628, 8.51776], [-83.25573, 8.51766], [-83.25542, 8.51761], [-83.25518, 8.51756], [-83.25463, 8.51745], [-83.25408, 8.51734], [-83.25353, 8.51718], [-83.25322, 8.51706], [-83.25298, 8.51695], [-83.25243, 8.51659], [-83.25234, 8.51652], [-83.25188, 8.51606], [-83.2518, 8.51597], [-83.25137, 8.51543], [-83.25133, 8.51538], [-83.25093, 8.51489], [-83.25078, 8.5147], [-83.25045, 8.51434], [-83.25023, 8.5141], [-83.24986, 8.5138], [-83.24968, 8.51364], [-83.24913, 8.51329], [-83.24905, 8.51325], [-83.24858, 8.51299], [-83.24803, 8.51273], [-83.24799, 8.51271], [-83.24748, 8.51248], [-83.24693, 8.51227], [-83.24659, 8.51217], [-83.24638, 8.51208], [-83.24583, 8.51192], [-83.24528, 8.51184], [-83.24484, 8.51217], [-83.24473, 8.5123], [-83.24461, 8.51271], [-83.24452, 8.51325], [-83.24449, 8.5138], [-83.24451, 8.51434], [-83.24458, 8.51489], [-83.2447, 8.51543], [-83.24473, 8.51552], [-83.24493, 8.51597], [-83.24528, 8.51646], [-83.24533, 8.51652], [-83.24583, 8.51697], [-83.24593, 8.51706], [-83.24638, 8.51743], [-83.24658, 8.51761], [-83.24693, 8.5179], [-83.24721, 8.51815], [-83.24748, 8.51843], [-83.24771, 8.51869], [-83.24803, 8.51919], [-83.24806, 8.51924], [-83.24822, 8.51978], [-83.2482, 8.52032], [-83.24809, 8.52087], [-83.24803, 8.52106], [-83.24793, 8.52141], [-83.24772, 8.52196], [-83.24748, 8.52246], [-83.24746, 8.5225], [-83.24711, 8.52304], [-83.24693, 8.52328], [-83.24667, 8.52359], [-83.24638, 8.52387], [-83.24608, 8.52413], [-83.24583, 8.52431], [-83.24528, 8.52464], [-83.24521, 8.52468], [-83.24473, 8.52486], [-83.24418, 8.525], [-83.24363, 8.52509], [-83.24308, 8.52513], [-83.24253, 8.52516], [-83.24198, 8.52517], [-83.24143, 8.52517], [-83.24088, 8.52519], [-83.24033, 8.52522], [-83.24029, 8.52522], [-83.23978, 8.52524], [-83.23923, 8.52527], [-83.23868, 8.52528], [-83.23813, 8.52528], [-83.23758, 8.52526], [-83.23713, 8.52522], [-83.23703, 8.52521], [-83.23648, 8.52511], [-83.23593, 8.52498], [-83.23538, 8.5248], [-83.23508, 8.52468], [-83.23483, 8.52455], [-83.23428, 8.52424], [-83.23411, 8.52413], [-83.23373, 8.52385], [-83.23341, 8.52359], [-83.23318, 8.52338], [-83.23283, 8.52304], [-83.23263, 8.52283], [-83.23234, 8.5225], [-83.23208, 8.52219], [-83.23191, 8.52196], [-83.23154, 8.52141], [-83.23154, 8.5214], [-83.23124, 8.52087], [-83.23099, 8.52034], [-83.23098, 8.52032], [-83.23074, 8.51978], [-83.23052, 8.51924], [-83.23044, 8.519], [-83.23032, 8.51869], [-83.23014, 8.51815], [-83.22999, 8.51761], [-83.22989, 8.51706], [-83.22989, 8.51705], [-83.22984, 8.51652], [-83.22988, 8.51597], [-83.22989, 8.51597], [-83.23004, 8.51543], [-83.23031, 8.51489], [-83.23044, 8.51471], [-83.23071, 8.51434], [-83.23099, 8.51403], [-83.2312, 8.5138], [-83.23154, 8.51348], [-83.23178, 8.51325], [-83.23208, 8.513], [-83.23243, 8.51271], [-83.23263, 8.51254], [-83.23308, 8.51217], [-83.23318, 8.51208], [-83.23373, 8.51163], [-83.23375, 8.51162], [-83.23428, 8.51122], [-83.23449, 8.51108], [-83.23483, 8.51087], [-83.23538, 8.51057], [-83.23545, 8.51054], [-83.23593, 8.51032], [-83.23648, 8.51011], [-83.23689, 8.50999], [-83.23703, 8.50995], [-83.23758, 8.50981], [-83.23813, 8.5097], [-83.23868, 8.50959], [-83.23923, 8.50949], [-83.23947, 8.50945], [-83.23978, 8.50938], [-83.24033, 8.50923], [-83.24088, 8.50901], [-83.24113, 8.5089], [-83.24143, 8.50874], [-83.24198, 8.50839], [-83.24202, 8.50836], [-83.24253, 8.50784], [-83.24255, 8.50782], [-83.24291, 8.50727], [-83.24308, 8.507], [-83.24323, 8.50673], [-83.24356, 8.50618], [-83.24363, 8.50607], [-83.24388, 8.50564], [-83.24418, 8.50512], [-83.24419, 8.5051], [-83.24448, 8.50455], [-83.24473, 8.50402], [-83.24473, 8.50401], [-83.24494, 8.50347], [-83.2451, 8.50292], [-83.24522, 8.50238], [-83.24528, 8.50206], [-83.24532, 8.50183], [-83.24542, 8.50129], [-83.24551, 8.50075], [-83.24559, 8.5002], [-83.24566, 8.49966], [-83.2457, 8.49912], [-83.2457, 8.49857], [-83.24568, 8.49803], [-83.24563, 8.49748], [-83.24557, 8.49694], [-83.24548, 8.4964], [-83.24537, 8.49585], [-83.24528, 8.49556], [-83.24521, 8.49531], [-83.24503, 8.49476], [-83.24481, 8.49422], [-83.24473, 8.49406], [-83.24456, 8.49368], [-83.2443, 8.49313], [-83.24418, 8.4929], [-83.24404, 8.49259], [-83.24376, 8.49205], [-83.24363, 8.4918], [-83.24348, 8.4915], [-83.2432, 8.49096], [-83.24308, 8.49073], [-83.24293, 8.49041], [-83.24266, 8.48987], [-83.24253, 8.48961], [-83.2424, 8.48933], [-83.24213, 8.48878], [-83.24198, 8.48849], [-83.24187, 8.48824], [-83.24163, 8.48769], [-83.24143, 8.48715], [-83.24143, 8.48715], [-83.24127, 8.48661], [-83.24114, 8.48606], [-83.24107, 8.48552], [-83.24102, 8.48498], [-83.24097, 8.48443], [-83.24093, 8.48389], [-83.24092, 8.48334], [-83.24093, 8.4828], [-83.24098, 8.48226], [-83.24108, 8.48171], [-83.24125, 8.48117], [-83.24143, 8.48084], [-83.24154, 8.48062], [-83.24198, 8.48008], [-83.24198, 8.48008], [-83.24253, 8.47964], [-83.24269, 8.47954], [-83.24308, 8.47934], [-83.24363, 8.47912], [-83.24405, 8.47899], [-83.24418, 8.47896], [-83.24473, 8.47884], [-83.24528, 8.47875], [-83.24583, 8.47868], [-83.24638, 8.47863], [-83.24693, 8.47857], [-83.24748, 8.47853], [-83.24803, 8.47849], [-83.24857, 8.47845], [-83.24858, 8.47845], [-83.24913, 8.47841], [-83.24968, 8.47837], [-83.25023, 8.47834], [-83.25078, 8.47831], [-83.25133, 8.47827], [-83.25188, 8.47823], [-83.25243, 8.47816], [-83.25298, 8.47807], [-83.25353, 8.47792], [-83.25357, 8.47791], [-83.25408, 8.47765], [-83.2545, 8.47736], [-83.25463, 8.47721], [-83.25492, 8.47682], [-83.2551, 8.47627], [-83.25515, 8.47573], [-83.25512, 8.47519], [-83.25504, 8.47464], [-83.2549, 8.4741], [-83.25474, 8.47356], [-83.25463, 8.47325], [-83.25455, 8.47301], [-83.25435, 8.47247], [-83.25413, 8.47192], [-83.25408, 8.47182], [-83.25388, 8.47138], [-83.25361, 8.47084], [-83.25353, 8.47069], [-83.25333, 8.47029], [-83.25305, 8.46975], [-83.25298, 8.46962], [-83.25277, 8.4692], [-83.25249, 8.46866], [-83.25243, 8.46854], [-83.25221, 8.46812], [-83.25191, 8.46757], [-83.25188, 8.46752], [-83.25158, 8.46703], [-83.25133, 8.46667], [-83.25119, 8.46649], [-83.25078, 8.46598], [-83.25074, 8.46594], [-83.25023, 8.4654], [-83.25022, 8.4654], [-83.24968, 8.4649], [-83.24963, 8.46485], [-83.24913, 8.46442], [-83.249, 8.46431], [-83.24858, 8.46392], [-83.24841, 8.46377], [-83.24803, 8.4634], [-83.24785, 8.46322], [-83.24748, 8.46286], [-83.2473, 8.46268], [-83.24693, 8.46231], [-83.24675, 8.46213], [-83.24638, 8.46176], [-83.24621, 8.46159], [-83.24583, 8.46121], [-83.24567, 8.46105], [-83.24528, 8.46065], [-83.24513, 8.4605], [-83.24473, 8.46007], [-83.24463, 8.45996], [-83.24419, 8.45942], [-83.24418, 8.45941], [-83.24378, 8.45887], [-83.24363, 8.45866], [-83.24341, 8.45833], [-83.24308, 8.45779], [-83.24308, 8.45778], [-83.24278, 8.45724], [-83.24253, 8.4567], [-83.24253, 8.4567], [-83.24231, 8.45615], [-83.24212, 8.45561], [-83.24198, 8.45511], [-83.24197, 8.45507], [-83.24182, 8.45452], [-83.24168, 8.45398], [-83.24156, 8.45343], [-83.24145, 8.45289], [-83.24143, 8.45274], [-83.24137, 8.45235], [-83.24131, 8.4518], [-83.24129, 8.45126], [-83.24132, 8.45071], [-83.24141, 8.45017], [-83.24143, 8.4501], [-83.24156, 8.44963], [-83.24177, 8.44908], [-83.24198, 8.44867], [-83.24205, 8.44854], [-83.2424, 8.448], [-83.24253, 8.44782], [-83.24283, 8.44745], [-83.24308, 8.44717], [-83.24333, 8.44691], [-83.24363, 8.44661], [-83.24389, 8.44636], [-83.24418, 8.4461], [-83.24452, 8.44582], [-83.24473, 8.44566], [-83.24527, 8.44528], [-83.24528, 8.44527], [-83.24583, 8.44488], [-83.24604, 8.44473], [-83.24638, 8.44449], [-83.2468, 8.44419], [-83.24693, 8.44409], [-83.24748, 8.44368], [-83.24753, 8.44364], [-83.24803, 8.44325], [-83.24822, 8.4431], [-83.24858, 8.44279], [-83.24885, 8.44256], [-83.24913, 8.44229], [-83.24942, 8.44201], [-83.24968, 8.44173], [-83.2499, 8.44147], [-83.25023, 8.44106], [-83.25033, 8.44093], [-83.25069, 8.44038], [-83.25078, 8.44023], [-83.251, 8.43984], [-83.25129, 8.43929], [-83.25133, 8.43921], [-83.25154, 8.43875], [-83.25176, 8.43821], [-83.25188, 8.4379], [-83.25197, 8.43766], [-83.25214, 8.43712], [-83.25229, 8.43657], [-83.25242, 8.43603], [-83.25243, 8.43598], [-83.25253, 8.43549], [-83.25265, 8.43494], [-83.25276, 8.4344], [-83.25289, 8.43386], [-83.25298, 8.43351], [-83.25303, 8.43331], [-83.25319, 8.43277], [-83.25335, 8.43222], [-83.2535, 8.43168], [-83.25353, 8.43157], [-83.25365, 8.43114], [-83.25381, 8.43059], [-83.25398, 8.43005], [-83.25408, 8.42976], [-83.25416, 8.42951], [-83.25437, 8.42896], [-83.25458, 8.42842], [-83.25463, 8.4283], [-83.25479, 8.42787], [-83.25501, 8.42733], [-83.25518, 8.42691], [-83.25523, 8.42679], [-83.25545, 8.42624], [-83.25567, 8.4257], [-83.25573, 8.42557], [-83.2559, 8.42515], [-83.25615, 8.42461], [-83.25628, 8.42434], [-83.2564, 8.42407], [-83.25666, 8.42352], [-83.25683, 8.42318], [-83.25692, 8.42298], [-83.25719, 8.42244], [-83.25738, 8.42208], [-83.25747, 8.42189], [-83.25776, 8.42135], [-83.25793, 8.42104], [-83.25805, 8.4208], [-83.25835, 8.42026]]}}, {"type": "Feature", "properties": {"depth_m": 75}, "geometry": {"type": "LineString", "coordinates": [[-83.40308, 8.71671], [-83.40342, 8.71665], [-83.40363, 8.71661], [-83.40418, 8.71647], [-83.40473, 8.71631], [-83.40528, 8.71611], [-83.4053, 8.7161], [-83.40583, 8.71589], [-83.40638, 8.71564], [-83.40653, 8.71556], [-83.40693, 8.71536], [-83.40748, 8.71504], [-83.40752, 8.71501], [-83.40803, 8.71471], [-83.40836, 8.71447], [-83.40858, 8.71432], [-83.40907, 8.71393], [-83.40913, 8.71389], [-83.40968, 8.71344], [-83.40975, 8.71338], [-83.41023, 8.71301], [-83.41045, 8.71284], [-83.41078, 8.7126], [-83.41122, 8.7123], [-83.41133, 8.71222], [-83.41188, 8.71187], [-83.41208, 8.71175], [-83.41243, 8.71155], [-83.41298, 8.71125], [-83.41306, 8.71121], [-83.41353, 8.71097], [-83.41407, 8.7107], [-83.41415, 8.71066], [-83.41462, 8.71044], [-83.41517, 8.71018], [-83.4153, 8.71012], [-83.41572, 8.70992], [-83.41627, 8.70966], [-83.41643, 8.70958], [-83.41682, 8.70939], [-83.41737, 8.70911], [-83.41753, 8.70903], [-83.41792, 8.70885], [-83.41847, 8.7086], [-83.41873, 8.70849], [-83.41902, 8.70836], [-83.41957, 8.70813], [-83.41999, 8.70795], [-83.42012, 8.70789], [-83.42067, 8.70762], [-83.42105, 8.7074], [-83.42122, 8.7073], [-83.42177, 8.7069], [-83.42182, 8.70686], [-83.42232, 8.70644], [-83.42246, 8.70631], [-83.42287, 8.70596], [-83.42309, 8.70577], [-83.42342, 8.70551], [-83.42379, 8.70523], [-83.42397, 8.7051], [-83.42452, 8.70474], [-83.42462, 8.70468], [-83.42507, 8.70443], [-83.42562, 8.70419], [-83.42575, 8.70414], [-83.42617, 8.70398], [-83.42672, 8.70379], [-83.42727, 8.70361], [-83.42733, 8.70359], [-83.42782, 8.70343], [-83.42837, 8.70326], [-83.42892, 8.70308], [-83.42902, 8.70305], [-83.42947, 8.70289], [-83.43002, 8.7027], [-83.43057, 8.70252], [-83.4306, 8.70251], [-83.43112, 8.70233], [-83.43167, 8.70215], [-83.43222, 8.70198], [-83.43226, 8.70196], [-83.43277, 8.7018], [-83.43332, 8.70161], [-83.43387, 8.70143], [-83.43389, 8.70142], [-83.43442, 8.70122], [-83.43497, 8.70102], [-83.43541, 8.70088], [-83.43552, 8.70083], [-83.43607, 8.70065], [-83.43662, 8.70047], [-83.43707, 8.70033], [-83.43717, 8.7003], [-83.43772, 8.70011], [-83.43827, 8.69992], [-83.43859, 8.69979], [-83.43882, 8.69969], [-83.43937, 8.69943], [-83.43974, 8.69924], [-83.43992, 8.69914], [-83.44047, 8.69882], [-83.44066, 8.6987], [-83.44102, 8.69845], [-83.44141, 8.69816], [-83.44157, 8.69803], [-83.44203, 8.69761], [-83.44212, 8.69753], [-83.44256, 8.69707], [-83.44267, 8.69694], [-83.44301, 8.69652], [-83.44322, 8.69623], [-83.44339, 8.69598], [-83.44373, 8.69544], [-83.44377, 8.69537], [-83.44403, 8.69489], [-83.4443, 8.69435], [-83.44431, 8.69431], [-83.44454, 8.69381], [-83.44478, 8.69326], [-83.44486, 8.69304], [-83.445, 8.69272], [-83.4452, 8.69217], [-83.4454, 8.69163], [-83.44541, 8.69159], [-83.44559, 8.69109], [-83.44577, 8.69054], [-83.44595, 8.69], [-83.44596, 8.68996], [-83.44614, 8.68945], [-83.4464, 8.68891], [-83.44651, 8.68872], [-83.44671, 8.68837], [-83.44703, 8.68782], [-83.44706, 8.68775], [-83.44726, 8.68728], [-83.44742, 8.68674], [-83.44749, 8.68619], [-83.44745, 8.68565], [-83.44725, 8.6851], [-83.44706, 8.68481], [-83.44682, 8.68456], [-83.44651, 8.68433], [-83.44596, 8.68409], [-83.44565, 8.68402], [-83.44541, 8.68397], [-83.44486, 8.68391], [-83.44431, 8.68386], [-83.44377, 8.68377], [-83.44322, 8.68361], [-83.44285, 8.68347], [-83.44267, 8.68341], [-83.44212, 8.68325], [-83.44157, 8.68309], [-83.44102, 8.68294], [-83.44098, 8.68293], [-83.44047, 8.68279], [-83.43992, 8.68263], [-83.43937, 8.68245], [-83.43921, 8.68239], [-83.43882, 8.68224], [-83.43827, 8.68199], [-83.43797, 8.68184], [-83.43772, 8.68172], [-83.43717, 8.68141], [-83.43698, 8.6813], [-83.43662, 8.68108], [-83.4361, 8.68075], [-83.43607, 8.68073], [-83.43552, 8.68038], [-83.43526, 8.68021], [-83.43497, 8.68002], [-83.43443, 8.67967], [-83.43442, 8.67966], [-83.43387, 8.67926], [-83.4337, 8.67912], [-83.43332, 8.67881], [-83.43307, 8.67858], [-83.43277, 8.67828], [-83.43254, 8.67803], [-83.43222, 8.67765], [-83.4321, 8.67749], [-83.43175, 8.67695], [-83.43167, 8.67679], [-83.43148, 8.6764], [-83.43128, 8.67586], [-83.43113, 8.67532], [-83.43112, 8.67527], [-83.43102, 8.67477], [-83.43095, 8.67423], [-83.43092, 8.67368], [-83.43091, 8.67314], [-83.43092, 8.6726], [-83.43097, 8.67205], [-83.43108, 8.67151], [-83.43112, 8.67138], [-83.43124, 8.67096], [-83.43143, 8.67042], [-83.43162, 8.66988], [-83.43167, 8.66974], [-83.4318, 8.66933], [-83.43193, 8.66879], [-83.43199, 8.66825], [-83.43195, 8.6677], [-83.43181, 8.66716], [-83.43167, 8.66682], [-83.43158, 8.66661], [-83.4313, 8.66607], [-83.43112, 8.66577], [-83.43096, 8.66553], [-83.4306, 8.66498], [-83.43057, 8.66494], [-83.43019, 8.66444], [-83.43002, 8.66418], [-83.42981, 8.6639], [-83.42947, 8.66336], [-83.42946, 8.66335], [-83.42914, 8.66281], [-83.42892, 8.6624], [-83.42885, 8.66226], [-83.42857, 8.66172], [-83.42837, 8.66129], [-83.42832, 8.66118], [-83.42808, 8.66063], [-83.42787, 8.66009], [-83.42782, 8.65996], [-83.42767, 8.65954], [-83.42748, 8.659], [-83.42731, 8.65846], [-83.42727, 8.65831], [-83.42715, 8.65791], [-83.42701, 8.65737], [-83.42688, 8.65683], [-83.42677, 8.65628], [-83.42672, 8.65605], [-83.42665, 8.65574], [-83.42654, 8.65519], [-83.42643, 8.65465], [-83.42631, 8.65411], [-83.42618, 8.65356], [-83.42617, 8.65352], [-83.42602, 8.65302], [-83.42584, 8.65247], [-83.42565, 8.65193], [-83.42562, 8.65184], [-83.42542, 8.65139], [-83.42517, 8.65084], [-83.42507, 8.65062], [-83.4249, 8.6503], [-83.4246, 8.64976], [-83.42452, 8.64962], [-83.42426, 8.64921], [-83.42397, 8.6488], [-83.42388, 8.64867], [-83.42346, 8.64812], [-83.42342, 8.64807], [-83.42304, 8.64758], [-83.42287, 8.64736], [-83.42262, 8.64704], [-83.42232, 8.64661], [-83.42224, 8.64649], [-83.42191, 8.64595], [-83.42177, 8.6457], [-83.42162, 8.6454], [-83.42136, 8.64486], [-83.42122, 8.64455], [-83.42113, 8.64432], [-83.42093, 8.64377], [-83.42077, 8.64323], [-83.42067, 8.6428], [-83.42065, 8.64269], [-83.42056, 8.64214], [-83.42053, 8.6416], [-83.42058, 8.64105], [-83.42067, 8.64067], [-83.42071, 8.64051], [-83.4209, 8.63997], [-83.42112, 8.63942], [-83.42122, 8.63917], [-83.42133, 8.63888], [-83.42151, 8.63834], [-83.42162, 8.63779], [-83.42165, 8.63725], [-83.42162, 8.6367], [-83.42157, 8.63616], [-83.42148, 8.63562], [-83.42137, 8.63507], [-83.42123, 8.63453], [-83.42122, 8.63449], [-83.42105, 8.63398], [-83.42085, 8.63344], [-83.42067, 8.63302], [-83.42061, 8.6329], [-83.42031, 8.63235], [-83.42012, 8.63205], [-83.41996, 8.63181], [-83.41958, 8.63127], [-83.41957, 8.63125], [-83.41918, 8.63072], [-83.41902, 8.63051], [-83.41877, 8.63018], [-83.41847, 8.62977], [-83.41837, 8.62963], [-83.41798, 8.62909], [-83.41792, 8.62902], [-83.41758, 8.62855], [-83.41737, 8.62827], [-83.41718, 8.628], [-83.41682, 8.62754], [-83.41676, 8.62746], [-83.41629, 8.62691], [-83.41627, 8.6269], [-83.41574, 8.62637], [-83.41572, 8.62636], [-83.41517, 8.6259], [-83.41508, 8.62583], [-83.41462, 8.62548], [-83.41437, 8.62528], [-83.41407, 8.62507], [-83.41365, 8.62474], [-83.41353, 8.62464], [-83.41298, 8.6242], [-83.41298, 8.6242], [-83.41243, 8.62371], [-83.41237, 8.62365], [-83.41188, 8.62319], [-83.41179, 8.62311], [-83.41133, 8.62266], [-83.41123, 8.62256], [-83.41078, 8.62215], [-83.41063, 8.62202], [-83.41023, 8.62168], [-83.40998, 8.62148], [-83.40968, 8.62124], [-83.40928, 8.62093], [-83.40913, 8.62081], [-83.40858, 8.62039], [-83.40858, 8.62038], [-83.40803, 8.61992], [-83.40794, 8.61984], [-83.40748, 8.61942], [-83.40734, 8.6193], [-83.40693, 8.61893], [-83.40672, 8.61876], [-83.40638, 8.61847], [-83.40603, 8.61821], [-83.40583, 8.61807], [-83.40528, 8.61771], [-83.40521, 8.61767], [-83.40473, 8.61739], [-83.40428, 8.61713], [-83.40418, 8.61707], [-83.40363, 8.61672], [-83.40342, 8.61658], [-83.40308, 8.61635], [-83.40267, 8.61604], [-83.40253, 8.61593], [-83.40201, 8.61549], [-83.40198, 8.61547], [-83.40143, 8.61496], [-83.40142, 8.61495], [-83.40089, 8.61441], [-83.40088, 8.6144], [-83.40039, 8.61386], [-83.40033, 8.6138], [-83.3999, 8.61332], [-83.39978, 8.61318], [-83.39941, 8.61278], [-83.39923, 8.61257], [-83.39891, 8.61223], [-83.39868, 8.61199], [-83.39839, 8.61169], [-83.39813, 8.61143], [-83.39783, 8.61114], [-83.39758, 8.61091], [-83.39724, 8.6106], [-83.39703, 8.61041], [-83.39662, 8.61006], [-83.39648, 8.60993], [-83.396, 8.60951], [-83.39593, 8.60945], [-83.39538, 8.60897], [-83.39538, 8.60897], [-83.39483, 8.60849], [-83.39476, 8.60842], [-83.39428, 8.60802], [-83.39411, 8.60788], [-83.39373, 8.60758], [-83.3934, 8.60734], [-83.39318, 8.60717], [-83.39263, 8.6068], [-83.39262, 8.60679], [-83.39208, 8.60644], [-83.39176, 8.60625], [-83.39153, 8.60611], [-83.39098, 8.60579], [-83.39084, 8.60571], [-83.39043, 8.60546], [-83.38994, 8.60516], [-83.38988, 8.60513], [-83.38933, 8.60482], [-83.38897, 8.60462], [-83.38878, 8.60452], [-83.38823, 8.60423], [-83.38794, 8.60407], [-83.38768, 8.60394], [-83.38713, 8.60365], [-83.38691, 8.60353], [-83.38658, 8.60335], [-83.38603, 8.60304], [-83.38593, 8.60299], [-83.38548, 8.60273], [-83.385, 8.60244], [-83.38493, 8.6024], [-83.38438, 8.60207], [-83.38411, 8.6019], [-83.38383, 8.60173], [-83.38329, 8.60138], [-83.38325, 8.60135], [-83.38274, 8.60102], [-83.38242, 8.60081], [-83.38219, 8.60065], [-83.38164, 8.60027], [-83.38164, 8.60026], [-83.38109, 8.59986], [-83.38091, 8.59972], [-83.38054, 8.59944], [-83.38021, 8.59918], [-83.37999, 8.599], [-83.37954, 8.59864], [-83.37944, 8.59855], [-83.37889, 8.5981], [-83.37887, 8.59809], [-83.37834, 8.59766], [-83.3782, 8.59755], [-83.37779, 8.59721], [-83.37754, 8.597], [-83.37724, 8.59676], [-83.37689, 8.59646], [-83.37669, 8.59628], [-83.37629, 8.59592], [-83.37614, 8.59578], [-83.37572, 8.59537], [-83.37559, 8.59524], [-83.37517, 8.59483], [-83.37504, 8.5947], [-83.37461, 8.59429], [-83.37449, 8.59417], [-83.37401, 8.59374], [-83.37394, 8.59368], [-83.37339, 8.59323], [-83.37334, 8.5932], [-83.37284, 8.59284], [-83.37258, 8.59265], [-83.37229, 8.59245], [-83.37184, 8.59211], [-83.37174, 8.59203], [-83.3712, 8.59157], [-83.37119, 8.59155], [-83.37067, 8.59102], [-83.37064, 8.59099], [-83.37022, 8.59048], [-83.37009, 8.59029], [-83.36983, 8.58993], [-83.36954, 8.58945], [-83.3695, 8.58939], [-83.3692, 8.58885], [-83.36899, 8.58838], [-83.36895, 8.5883], [-83.36867, 8.58776], [-83.36844, 8.58731], [-83.36838, 8.58722], [-83.36799, 8.58667], [-83.36789, 8.58655], [-83.36743, 8.58613], [-83.36734, 8.58606], [-83.36679, 8.58574], [-83.36642, 8.58558], [-83.36624, 8.58551], [-83.36569, 8.58534], [-83.36514, 8.58518], [-83.36471, 8.58504], [-83.36459, 8.585], [-83.36404, 8.58476], [-83.36353, 8.5845], [-83.36349, 8.58448], [-83.36294, 8.58417], [-83.36253, 8.58395], [-83.36239, 8.58388], [-83.36184, 8.58365], [-83.36129, 8.58348], [-83.36095, 8.58341], [-83.36074, 8.58338], [-83.36019, 8.58335], [-83.35964, 8.58339], [-83.35955, 8.58341], [-83.35909, 8.58349], [-83.35854, 8.58362], [-83.35799, 8.58375], [-83.35744, 8.58389], [-83.35723, 8.58395], [-83.35689, 8.58405], [-83.35634, 8.58421], [-83.35579, 8.58438], [-83.35548, 8.5845], [-83.35524, 8.58458], [-83.35469, 8.58486], [-83.35439, 8.58504], [-83.35414, 8.58522], [-83.35367, 8.58558], [-83.35359, 8.58565], [-83.35305, 8.58613], [-83.35305, 8.58613], [-83.3525, 8.58659], [-83.35238, 8.58667], [-83.35195, 8.58696], [-83.35141, 8.58722], [-83.3514, 8.58722], [-83.35085, 8.58738], [-83.3503, 8.58744], [-83.34975, 8.58745], [-83.3492, 8.58742], [-83.34865, 8.58737], [-83.3481, 8.58729], [-83.34763, 8.58722], [-83.34755, 8.5872], [-83.347, 8.58711], [-83.34645, 8.58702], [-83.3459, 8.58694], [-83.34535, 8.58683], [-83.3448, 8.58672], [-83.34457, 8.58667], [-83.34425, 8.5866], [-83.3437, 8.58647], [-83.34315, 8.58634], [-83.3426, 8.5862], [-83.34231, 8.58613], [-83.34205, 8.58606], [-83.3415, 8.58591], [-83.34095, 8.58575], [-83.34042, 8.58558], [-83.3404, 8.58558], [-83.33985, 8.58539], [-83.3393, 8.58519], [-83.33888, 8.58504], [-83.33875, 8.58499], [-83.3382, 8.58478], [-83.33765, 8.58456], [-83.33749, 8.5845], [-83.3371, 8.58434], [-83.33655, 8.58413], [-83.33612, 8.58395], [-83.336, 8.5839], [-83.33545, 8.58368], [-83.3349, 8.58346], [-83.33477, 8.58341], [-83.33435, 8.58324], [-83.3338, 8.58302], [-83.33343, 8.58286], [-83.33325, 8.58279], [-83.3327, 8.58256], [-83.33215, 8.58233], [-83.33213, 8.58232], [-83.3316, 8.5821], [-83.33105, 8.58187], [-83.33083, 8.58178], [-83.3305, 8.58164], [-83.32995, 8.58141], [-83.32952, 8.58123], [-83.3294, 8.58118], [-83.32885, 8.58095], [-83.3283, 8.58074], [-83.32816, 8.58069], [-83.32775, 8.58055], [-83.3272, 8.58036], [-83.32665, 8.58017], [-83.32658, 8.58015], [-83.3261, 8.57997], [-83.32555, 8.57974], [-83.32528, 8.5796], [-83.325, 8.57947], [-83.32445, 8.57914], [-83.32433, 8.57906], [-83.3239, 8.57877], [-83.32358, 8.57851], [-83.32335, 8.57834], [-83.32292, 8.57797], [-83.32281, 8.57787], [-83.32231, 8.57743], [-83.32226, 8.57738], [-83.32173, 8.57688], [-83.32171, 8.57686], [-83.32116, 8.57634], [-83.32116, 8.57633], [-83.32061, 8.57579], [-83.32061, 8.57579], [-83.32008, 8.57525], [-83.32006, 8.57523], [-83.31959, 8.57471], [-83.31951, 8.57462], [-83.31914, 8.57416], [-83.31896, 8.57394], [-83.31872, 8.57362], [-83.31841, 8.57318], [-83.31833, 8.57308], [-83.31796, 8.57253], [-83.31786, 8.57237], [-83.31761, 8.57199], [-83.31731, 8.57153], [-83.31725, 8.57144], [-83.31688, 8.5709], [-83.31676, 8.57074], [-83.31647, 8.57036], [-83.31621, 8.57004], [-83.31601, 8.56981], [-83.31566, 8.56944], [-83.31549, 8.56927], [-83.31511, 8.5689], [-83.31491, 8.56873], [-83.31456, 8.56842], [-83.31427, 8.56818], [-83.31401, 8.56798], [-83.31354, 8.56764], [-83.31346, 8.56758], [-83.31291, 8.56722], [-83.31271, 8.56709], [-83.31236, 8.56688], [-83.31181, 8.56655], [-83.3118, 8.56655], [-83.31126, 8.56622], [-83.31092, 8.56601], [-83.31071, 8.56587], [-83.31016, 8.56549], [-83.31012, 8.56546], [-83.30961, 8.56508], [-83.30941, 8.56492], [-83.30906, 8.56463], [-83.30877, 8.56437], [-83.30851, 8.56413], [-83.3082, 8.56383], [-83.30796, 8.56359], [-83.30767, 8.56329], [-83.30741, 8.56301], [-83.30716, 8.56274], [-83.30686, 8.56242], [-83.30666, 8.5622], [-83.30631, 8.56181], [-83.30617, 8.56166], [-83.30576, 8.56117], [-83.30571, 8.56111], [-83.30527, 8.56057], [-83.30521, 8.5605], [-83.30484, 8.56002], [-83.30466, 8.5598], [-83.30442, 8.55948], [-83.30411, 8.55908], [-83.304, 8.55894], [-83.30359, 8.55839], [-83.30356, 8.55835], [-83.30319, 8.55785], [-83.30301, 8.5576], [-83.30279, 8.5573], [-83.30246, 8.55685], [-83.3024, 8.55676], [-83.30201, 8.55622], [-83.30191, 8.55606], [-83.30165, 8.55567], [-83.30136, 8.55522], [-83.3013, 8.55513], [-83.30098, 8.55459], [-83.30081, 8.55429], [-83.30067, 8.55404], [-83.30037, 8.5535], [-83.30026, 8.55329], [-83.30007, 8.55295], [-83.29977, 8.55241], [-83.29971, 8.55231], [-83.29945, 8.55187], [-83.29916, 8.55138], [-83.29913, 8.55132], [-83.2988, 8.55078], [-83.29861, 8.55044], [-83.2985, 8.55023], [-83.29824, 8.54969], [-83.29806, 8.54924], [-83.29802, 8.54915], [-83.29781, 8.5486], [-83.2976, 8.54806], [-83.29751, 8.54785], [-83.29736, 8.54752], [-83.29706, 8.54697], [-83.29696, 8.54683], [-83.29665, 8.54643], [-83.29641, 8.54619], [-83.29608, 8.54588], [-83.29586, 8.54573], [-83.29531, 8.54538], [-83.29524, 8.54534], [-83.29476, 8.54511], [-83.29421, 8.54487], [-83.29405, 8.5448], [-83.29366, 8.54465], [-83.29311, 8.54446], [-83.29256, 8.54429], [-83.29245, 8.54425], [-83.29202, 8.54413], [-83.29147, 8.544], [-83.29092, 8.54388], [-83.29037, 8.54377], [-83.29004, 8.54371], [-83.28982, 8.54367], [-83.28927, 8.54358], [-83.28872, 8.54351], [-83.28817, 8.54344], [-83.28762, 8.54339], [-83.28707, 8.54334], [-83.28652, 8.5433], [-83.28597, 8.54325], [-83.28542, 8.5432], [-83.28509, 8.54317], [-83.28487, 8.54314], [-83.28432, 8.54309], [-83.28377, 8.54305], [-83.28322, 8.54302], [-83.28267, 8.54299], [-83.28212, 8.54294], [-83.28157, 8.54286], [-83.28102, 8.54274], [-83.28065, 8.54262], [-83.28047, 8.54256], [-83.27992, 8.54228], [-83.27963, 8.54208], [-83.27937, 8.54188], [-83.27898, 8.54153], [-83.27882, 8.54139], [-83.27842, 8.54099], [-83.27827, 8.54084], [-83.2779, 8.54045], [-83.27772, 8.54024], [-83.27742, 8.5399], [-83.27717, 8.5396], [-83.27697, 8.53936], [-83.27662, 8.53892], [-83.27653, 8.53881], [-83.27611, 8.53827], [-83.27607, 8.53822], [-83.27572, 8.53773], [-83.27552, 8.53742], [-83.27537, 8.53718], [-83.27502, 8.53664], [-83.27497, 8.53657], [-83.27465, 8.5361], [-83.27442, 8.53578], [-83.27425, 8.53555], [-83.27387, 8.53508], [-83.27381, 8.53501], [-83.27334, 8.53446], [-83.27332, 8.53445], [-83.27283, 8.53392], [-83.27277, 8.53386], [-83.2723, 8.53338], [-83.27222, 8.53328], [-83.27178, 8.53283], [-83.27167, 8.53271], [-83.27125, 8.53229], [-83.27112, 8.53215], [-83.27073, 8.53174], [-83.27057, 8.53157], [-83.27023, 8.5312], [-83.27002, 8.53096], [-83.26975, 8.53066], [-83.26947, 8.53034], [-83.26927, 8.53011], [-83.26892, 8.52972], [-83.26878, 8.52957], [-83.26837, 8.52913], [-83.26827, 8.52903], [-83.26782, 8.52857], [-83.26773, 8.52848], [-83.26727, 8.52807], [-83.26712, 8.52794], [-83.26672, 8.5276], [-83.26648, 8.52739], [-83.26617, 8.52715], [-83.2658, 8.52685], [-83.26562, 8.52671], [-83.26509, 8.52631], [-83.26507, 8.52629], [-83.26452, 8.52589], [-83.26434, 8.52576], [-83.26397, 8.5255], [-83.26356, 8.52522], [-83.26342, 8.52513], [-83.26287, 8.52477], [-83.26272, 8.52468], [-83.26232, 8.52442], [-83.26185, 8.52413], [-83.26178, 8.52409], [-83.26123, 8.52376], [-83.26091, 8.52359], [-83.26068, 8.52346], [-83.26013, 8.52319], [-83.25978, 8.52304], [-83.25958, 8.52296], [-83.25903, 8.52276], [-83.25848, 8.52262], [-83.25793, 8.52251], [-83.25781, 8.5225], [-83.25738, 8.52244], [-83.25683, 8.52241], [-83.25628, 8.52241], [-83.25573, 8.52246], [-83.25551, 8.5225], [-83.25518, 8.52256], [-83.25463, 8.52273], [-83.25408, 8.52297], [-83.25396, 8.52304], [-83.25353, 8.52334], [-83.25326, 8.52359], [-83.25298, 8.52387], [-83.25276, 8.52413], [-83.25243, 8.52454], [-83.25233, 8.52468], [-83.25191, 8.52522], [-83.25188, 8.52526], [-83.25148, 8.52576], [-83.25133, 8.52594], [-83.25099, 8.52631], [-83.25078, 8.52652], [-83.25041, 8.52685], [-83.25023, 8.527], [-83.24968, 8.52738], [-83.24966, 8.52739], [-83.24913, 8.52771], [-83.24874, 8.52794], [-83.24858, 8.52803], [-83.24803, 8.52833], [-83.24774, 8.52848], [-83.24748, 8.52862], [-83.24693, 8.52887], [-83.24654, 8.52903], [-83.24638, 8.52909], [-83.24583, 8.52926], [-83.24528, 8.52938], [-83.24473, 8.52945], [-83.24418, 8.52948], [-83.24363, 8.52947], [-83.24308, 8.52943], [-83.24253, 8.52938], [-83.24198, 8.5293], [-83.24143, 8.52923], [-83.24088, 8.52915], [-83.24033, 8.52907], [-83.24011, 8.52903], [-83.23978, 8.52897], [-83.23923, 8.52886], [-83.23868, 8.52874], [-83.23813, 8.52863], [-83.23758, 8.52852], [-83.23738, 8.52848], [-83.23703, 8.52842], [-83.23648, 8.52833], [-83.23593, 8.52825], [-83.23538, 8.52816], [-83.23483, 8.52807], [-83.23428, 8.52798], [-83.23409, 8.52794], [-83.23373, 8.52787], [-83.23318, 8.52776], [-83.23263, 8.52763], [-83.23208, 8.52749], [-83.23176, 8.52739], [-83.23154, 8.52733], [-83.23099, 8.52714], [-83.23044, 8.52691], [-83.23031, 8.52685], [-83.22989, 8.52664], [-83.22934, 8.52632], [-83.22931, 8.52631], [-83.22879, 8.52595], [-83.22852, 8.52576], [-83.22824, 8.52554], [-83.22783, 8.52522], [-83.22769, 8.52509], [-83.22717, 8.52468], [-83.22714, 8.52465], [-83.22659, 8.5242], [-83.2265, 8.52413], [-83.22604, 8.52373], [-83.22587, 8.52359], [-83.22549, 8.52322], [-83.22531, 8.52304], [-83.22494, 8.52261], [-83.22485, 8.5225], [-83.22448, 8.52196], [-83.22439, 8.5218], [-83.22418, 8.52141], [-83.22395, 8.52087], [-83.22384, 8.52055], [-83.22376, 8.52032], [-83.22362, 8.51978], [-83.22352, 8.51924], [-83.22344, 8.51869], [-83.2234, 8.51815], [-83.22338, 8.51761], [-83.22338, 8.51706], [-83.2234, 8.51652], [-83.22344, 8.51597], [-83.22349, 8.51543], [-83.22358, 8.51489], [-83.22369, 8.51434], [-83.22384, 8.5138], [-83.22384, 8.51379], [-83.224, 8.51325], [-83.22421, 8.51271], [-83.22439, 8.51231], [-83.22445, 8.51217], [-83.22472, 8.51162], [-83.22494, 8.51127], [-83.22505, 8.51108], [-83.22549, 8.51055], [-83.2255, 8.51054], [-83.22604, 8.51002], [-83.22607, 8.50999], [-83.22659, 8.50959], [-83.22678, 8.50945], [-83.22714, 8.50919], [-83.22756, 8.5089], [-83.22769, 8.50882], [-83.22824, 8.50841], [-83.2283, 8.50836], [-83.22879, 8.50792], [-83.22889, 8.50782], [-83.22934, 8.50728], [-83.22934, 8.50727], [-83.22966, 8.50673], [-83.22989, 8.50624], [-83.22991, 8.50618], [-83.2301, 8.50564], [-83.23025, 8.5051], [-83.23037, 8.50455], [-83.23044, 8.50421], [-83.23048, 8.50401], [-83.2306, 8.50347], [-83.23074, 8.50292], [-83.23091, 8.50238], [-83.23099, 8.50208], [-83.23105, 8.50183], [-83.23117, 8.50129], [-83.23127, 8.50075], [-83.23137, 8.5002], [-83.23146, 8.49966], [-83.23154, 8.49926], [-83.23156, 8.49912], [-83.23169, 8.49857], [-83.23185, 8.49803], [-83.23203, 8.49748], [-83.23208, 8.49732], [-83.23221, 8.49694], [-83.2324, 8.4964], [-83.23259, 8.49585], [-83.23263, 8.49573], [-83.23277, 8.49531], [-83.23294, 8.49476], [-83.2331, 8.49422], [-83.23318, 8.49384], [-83.23322, 8.49368], [-83.23328, 8.49313], [-83.23332, 8.49259], [-83.23334, 8.49205], [-83.23336, 8.4915], [-83.2334, 8.49096], [-83.23346, 8.49041], [-83.23356, 8.48987], [-83.23373, 8.48933], [-83.23373, 8.48931], [-83.23394, 8.48878], [-83.23418, 8.48824], [-83.23428, 8.48804], [-83.23444, 8.48769], [-83.23467, 8.48715], [-83.23483, 8.48675], [-83.23488, 8.48661], [-83.23503, 8.48606], [-83.23512, 8.48552], [-83.23513, 8.48498], [-83.23508, 8.48443], [-83.23498, 8.48389], [-83.23487, 8.48334], [-83.23483, 8.48315], [-83.23476, 8.4828], [-83.23467, 8.48226], [-83.23463, 8.48171], [-83.23467, 8.48117], [-83.23481, 8.48062], [-83.23483, 8.48056], [-83.23503, 8.48008], [-83.23535, 8.47954], [-83.23538, 8.47948], [-83.23575, 8.47899], [-83.23593, 8.47878], [-83.23625, 8.47845], [-83.23648, 8.47822], [-83.23684, 8.47791], [-83.23703, 8.47774], [-83.23748, 8.47736], [-83.23758, 8.47727], [-83.23811, 8.47682], [-83.23813, 8.4768], [-83.23868, 8.47635], [-83.2388, 8.47627], [-83.23923, 8.47599], [-83.23978, 8.47577], [-83.23998, 8.47573], [-83.24033, 8.47566], [-83.24088, 8.47566], [-83.2411, 8.47573], [-83.24143, 8.47581], [-83.24198, 8.47605], [-83.24244, 8.47627], [-83.24253, 8.47631], [-83.24308, 8.47649], [-83.24363, 8.47664], [-83.24418, 8.47675], [-83.24473, 8.47681], [-83.24528, 8.47681], [-83.24583, 8.47678], [-83.24638, 8.47673], [-83.24693, 8.47667], [-83.24748, 8.47658], [-83.24803, 8.47646], [-83.24858, 8.47631], [-83.24868, 8.47627], [-83.24913, 8.47599], [-83.24944, 8.47573], [-83.24968, 8.47519], [-83.24968, 8.47519], [-83.24968, 8.47516], [-83.24963, 8.47464], [-83.2494, 8.4741], [-83.24913, 8.47363], [-83.24908, 8.47356], [-83.24874, 8.47301], [-83.24858, 8.47261], [-83.24852, 8.47247], [-83.24838, 8.47192], [-83.24823, 8.47138], [-83.24804, 8.47084], [-83.24803, 8.47082], [-83.24779, 8.47029], [-83.24751, 8.46975], [-83.24748, 8.4697], [-83.24715, 8.4692], [-83.24693, 8.46891], [-83.24673, 8.46866], [-83.24638, 8.46827], [-83.24622, 8.46812], [-83.24583, 8.46778], [-83.24557, 8.46757], [-83.24528, 8.46738], [-83.24473, 8.46706], [-83.24466, 8.46703], [-83.24418, 8.46683], [-83.24363, 8.46664], [-83.24313, 8.46649], [-83.24308, 8.46647], [-83.24253, 8.46634], [-83.24198, 8.46621], [-83.24143, 8.46608], [-83.24092, 8.46594], [-83.24088, 8.46593], [-83.24033, 8.46579], [-83.23978, 8.46568], [-83.23923, 8.46559], [-83.23868, 8.46553], [-83.23813, 8.46548], [-83.23758, 8.46542], [-83.2374, 8.4654], [-83.23703, 8.46534], [-83.23648, 8.46518], [-83.23593, 8.46495], [-83.23571, 8.46485], [-83.23538, 8.46469], [-83.23483, 8.46439], [-83.23468, 8.46431], [-83.23428, 8.46409], [-83.23373, 8.46378], [-83.23371, 8.46377], [-83.23318, 8.46348], [-83.2327, 8.46322], [-83.23263, 8.46319], [-83.23208, 8.46288], [-83.23164, 8.46268], [-83.23154, 8.46263], [-83.23099, 8.4625], [-83.23044, 8.46244], [-83.22989, 8.46242], [-83.22934, 8.46239], [-83.22879, 8.46232], [-83.22824, 8.46218], [-83.22812, 8.46213], [-83.22769, 8.46195], [-83.22715, 8.46159], [-83.22714, 8.46158], [-83.22659, 8.46107], [-83.22657, 8.46105], [-83.22613, 8.4605], [-83.22604, 8.46038], [-83.22576, 8.45996], [-83.22549, 8.45955], [-83.22541, 8.45942], [-83.22506, 8.45887], [-83.22494, 8.45867], [-83.22471, 8.45833], [-83.22439, 8.45788], [-83.22431, 8.45778], [-83.22384, 8.45727], [-83.22381, 8.45724], [-83.22329, 8.45686], [-83.22302, 8.4567], [-83.22274, 8.45655], [-83.22219, 8.45627], [-83.22192, 8.45615], [-83.22164, 8.45604], [-83.22109, 8.45588], [-83.22054, 8.45578], [-83.21999, 8.45575], [-83.21944, 8.45581], [-83.21889, 8.45595], [-83.21849, 8.45615], [-83.21834, 8.45623], [-83.21779, 8.45664], [-83.21773, 8.4567], [-83.21724, 8.45721], [-83.21721, 8.45724], [-83.21682, 8.45778], [-83.21669, 8.45798], [-83.2165, 8.45833], [-83.21625, 8.45887], [-83.21614, 8.45919], [-83.21607, 8.45942], [-83.21594, 8.45996], [-83.21584, 8.4605], [-83.21577, 8.46105], [-83.21571, 8.46159], [-83.21566, 8.46213], [-83.21562, 8.46268], [-83.21559, 8.46295], [-83.21556, 8.46322], [-83.2155, 8.46377], [-83.21544, 8.46431], [-83.21537, 8.46485], [-83.21531, 8.4654], [-83.21525, 8.46594], [-83.21519, 8.46649], [-83.21513, 8.46703], [-83.21507, 8.46757], [-83.21504, 8.4678], [-83.215, 8.46812], [-83.21494, 8.46866], [-83.21487, 8.4692], [-83.21481, 8.46975], [-83.21473, 8.47029], [-83.21465, 8.47084], [-83.21456, 8.47138], [-83.21449, 8.47174], [-83.21446, 8.47192], [-83.21434, 8.47247], [-83.21422, 8.47301], [-83.21409, 8.47356], [-83.21395, 8.4741], [-83.21394, 8.47415], [-83.21382, 8.47464], [-83.21368, 8.47519], [-83.21352, 8.47573], [-83.21339, 8.47617], [-83.21336, 8.47627], [-83.21317, 8.47682], [-83.21295, 8.47736], [-83.21284, 8.4776], [-83.21268, 8.47791], [-83.21232, 8.47845], [-83.21229, 8.47848], [-83.21178, 8.47899], [-83.21174, 8.47903], [-83.21119, 8.47938], [-83.21082, 8.47954], [-83.21064, 8.47961], [-83.21009, 8.47976], [-83.20954, 8.47981], [-83.20899, 8.47976], [-83.20844, 8.47964], [-83.20812, 8.47954], [-83.20789, 8.47947], [-83.20734, 8.47928], [-83.20679, 8.47909], [-83.20637, 8.47899], [-83.20624, 8.47896], [-83.20569, 8.47897], [-83.20558, 8.47899], [-83.20514, 8.47912], [-83.20459, 8.47944], [-83.20449, 8.47954], [-83.20404, 8.48007], [-83.20404, 8.48008], [-83.20371, 8.48062], [-83.20349, 8.48093], [-83.20334, 8.48117], [-83.20294, 8.48159], [-83.20283, 8.48171], [-83.20239, 8.48206], [-83.20216, 8.48226], [-83.20184, 8.48248], [-83.20147, 8.4828], [-83.2013, 8.48295], [-83.20095, 8.48334], [-83.20075, 8.48361], [-83.20059, 8.48389], [-83.20037, 8.48443], [-83.20026, 8.48498], [-83.20026, 8.48552], [-83.20037, 8.48606], [-83.20058, 8.48661], [-83.20075, 8.48694], [-83.20087, 8.48715], [-83.20125, 8.48769], [-83.2013, 8.48776], [-83.20169, 8.48824], [-83.20184, 8.48845], [-83.2021, 8.48878], [-83.20239, 8.48931], [-83.2024, 8.48933], [-83.20261, 8.48987], [-83.20275, 8.49041], [-83.20287, 8.49096], [-83.20294, 8.49136], [-83.20297, 8.4915], [-83.20306, 8.49205], [-83.20313, 8.49259], [-83.20317, 8.49313], [-83.20319, 8.49368], [-83.20318, 8.49422], [-83.20313, 8.49476], [-83.20306, 8.49531], [-83.20296, 8.49585], [-83.20294, 8.49591], [-83.20284, 8.4964], [-83.20271, 8.49694], [-83.20256, 8.49748], [-83.2024, 8.49803], [-83.20239, 8.49806], [-83.20225, 8.49857], [-83.20209, 8.49912], [-83.20192, 8.49966], [-83.20184, 8.4999], [-83.20175, 8.5002], [-83.20157, 8.50075], [-83.20136, 8.50129], [-83.2013, 8.50145], [-83.20114, 8.50183], [-83.20087, 8.50238], [-83.20075, 8.5026], [-83.20057, 8.50292], [-83.2002, 8.50347], [-83.2002, 8.50347], [-83.19977, 8.50401], [-83.19965, 8.50414], [-83.19924, 8.50455], [-83.1991, 8.50468], [-83.19862, 8.5051], [-83.19855, 8.50515], [-83.198, 8.50557], [-83.1979, 8.50564], [-83.19745, 8.50597], [-83.19714, 8.50618], [-83.1969, 8.50636], [-83.19639, 8.50673], [-83.19635, 8.50676], [-83.1958, 8.50718], [-83.19568, 8.50727], [-83.19525, 8.50761], [-83.19497, 8.50782], [-83.1947, 8.50801], [-83.19417, 8.50836], [-83.19415, 8.50838], [-83.1936, 8.5087], [-83.19324, 8.5089], [-83.19305, 8.509], [-83.1925, 8.50928], [-83.19216, 8.50945], [-83.19195, 8.50955], [-83.1914, 8.50979], [-83.19096, 8.50999], [-83.19085, 8.51004], [-83.1903, 8.51028], [-83.18975, 8.51053], [-83.18973, 8.51054], [-83.1892, 8.51078], [-83.18865, 8.51105], [-83.1886, 8.51108], [-83.1881, 8.51134], [-83.18758, 8.51162], [-83.18755, 8.51164], [-83.187, 8.51195], [-83.18663, 8.51217], [-83.18645, 8.51227], [-83.1859, 8.51261], [-83.18573, 8.51271], [-83.18535, 8.51294], [-83.18484, 8.51325], [-83.1848, 8.51328], [-83.18425, 8.51361], [-83.18394, 8.5138], [-83.1837, 8.51393], [-83.18315, 8.51425], [-83.183, 8.51434], [-83.1826, 8.51457], [-83.18205, 8.51488], [-83.18205, 8.51489], [-83.1815, 8.51518], [-83.18099, 8.51543], [-83.18095, 8.51545], [-83.1804, 8.5157], [-83.17985, 8.51593], [-83.17973, 8.51597], [-83.1793, 8.51613], [-83.17875, 8.51631], [-83.1782, 8.51648], [-83.17807, 8.51652], [-83.17765, 8.51664], [-83.1771, 8.51678], [-83.17655, 8.5169], [-83.176, 8.51702], [-83.17577, 8.51706], [-83.17545, 8.51712], [-83.1749, 8.5172], [-83.17435, 8.51727], [-83.1738, 8.51733], [-83.17325, 8.51737], [-83.1727, 8.51741], [-83.17215, 8.51744], [-83.1716, 8.51747], [-83.17106, 8.5175], [-83.17051, 8.51753], [-83.16996, 8.51754], [-83.16941, 8.51752], [-83.16886, 8.51749], [-83.16831, 8.51747], [-83.16776, 8.51746], [-83.16721, 8.51749], [-83.16666, 8.51756], [-83.16649, 8.51761], [-83.16611, 8.5177], [-83.16556, 8.51791], [-83.16505, 8.51815], [-83.16501, 8.51817], [-83.16446, 8.51848], [-83.1641, 8.51869], [-83.16391, 8.51882], [-83.16336, 8.51919], [-83.16329, 8.51924], [-83.16281, 8.51962], [-83.1626, 8.51978], [-83.16226, 8.52012], [-83.16206, 8.52032], [-83.16171, 8.5208], [-83.16166, 8.52087], [-83.16139, 8.52141], [-83.16118, 8.52196], [-83.16116, 8.52205], [-83.16105, 8.5225], [-83.16094, 8.52304], [-83.16084, 8.52359], [-83.16074, 8.52413], [-83.16062, 8.52468], [-83.16061, 8.52473], [-83.16051, 8.52522], [-83.16043, 8.52576], [-83.16037, 8.52631], [-83.16033, 8.52685], [-83.16031, 8.52739], [-83.16031, 8.52794], [-83.16033, 8.52848], [-83.16036, 8.52903], [-83.16041, 8.52957], [-83.16046, 8.53011], [-83.16053, 8.53066], [-83.16061, 8.5312], [-83.16061, 8.53122], [-83.16071, 8.53174], [-83.16084, 8.53229], [-83.161, 8.53283], [-83.16116, 8.53329], [-83.1612, 8.53338], [-83.1615, 8.53392], [-83.16171, 8.53421], [-83.16196, 8.53446], [-83.16226, 8.53472], [-83.16271, 8.53501], [-83.16281, 8.53507], [-83.16336, 8.53531], [-83.16391, 8.5355], [-83.16407, 8.53555], [-83.16446, 8.53567], [-83.16501, 8.53586], [-83.16555, 8.5361], [-83.16556, 8.5361], [-83.16611, 8.53642], [-83.16644, 8.53664], [-83.16666, 8.53679], [-83.1672, 8.53718], [-83.16721, 8.53719], [-83.16776, 8.53762], [-83.16789, 8.53773], [-83.16831, 8.5381], [-83.16848, 8.53827], [-83.16886, 8.53866], [-83.16899, 8.53881], [-83.16941, 8.53932], [-83.16943, 8.53936], [-83.16981, 8.5399], [-83.16996, 8.54012], [-83.17016, 8.54045], [-83.17048, 8.54099], [-83.17051, 8.54103], [-83.17078, 8.54153], [-83.17106, 8.54202], [-83.17108, 8.54208], [-83.17137, 8.54262], [-83.1716, 8.5431], [-83.17163, 8.54317], [-83.17189, 8.54371], [-83.17214, 8.54425], [-83.17215, 8.54428], [-83.17239, 8.5448], [-83.17263, 8.54534], [-83.1727, 8.5455], [-83.17288, 8.54588], [-83.17312, 8.54643], [-83.17325, 8.54674], [-83.17335, 8.54697], [-83.17357, 8.54752], [-83.17378, 8.54806], [-83.1738, 8.54813], [-83.17398, 8.5486], [-83.17418, 8.54915], [-83.17435, 8.5496], [-83.17439, 8.54969], [-83.17463, 8.55023], [-83.17488, 8.55078], [-83.1749, 8.55082], [-83.1752, 8.55132], [-83.17545, 8.55172], [-83.17555, 8.55187], [-83.17595, 8.55241], [-83.176, 8.55249], [-83.17637, 8.55295], [-83.17655, 8.55317], [-83.17683, 8.5535], [-83.1771, 8.55382], [-83.17729, 8.55404], [-83.17765, 8.55446], [-83.17776, 8.55459], [-83.1782, 8.5551], [-83.17823, 8.55513], [-83.17871, 8.55567], [-83.17875, 8.55571], [-83.17923, 8.55622], [-83.1793, 8.5563], [-83.17975, 8.55676], [-83.17985, 8.55687], [-83.18027, 8.5573], [-83.1804, 8.55745], [-83.18076, 8.55785], [-83.18095, 8.55808], [-83.18121, 8.55839], [-83.1815, 8.55878], [-83.18162, 8.55894], [-83.18198, 8.55948], [-83.18205, 8.5596], [-83.1823, 8.56002], [-83.18259, 8.56057], [-83.1826, 8.56059], [-83.18286, 8.56111], [-83.18311, 8.56166], [-83.18315, 8.56175], [-83.18336, 8.5622], [-83.18362, 8.56274], [-83.1837, 8.5629], [-83.18389, 8.56329], [-83.18418, 8.56383], [-83.18425, 8.56394], [-83.18451, 8.56437], [-83.1848, 8.56482], [-83.18486, 8.56492], [-83.1852, 8.56546], [-83.18535, 8.56574], [-83.1855, 8.56601], [-83.18575, 8.56655], [-83.1859, 8.56696], [-83.18595, 8.56709], [-83.18609, 8.56764], [-83.18616, 8.56818], [-83.18615, 8.56873], [-83.18606, 8.56927], [-83.18592, 8.56981], [-83.1859, 8.56987], [-83.18574, 8.57036], [-83.18555, 8.5709], [-83.1854, 8.57144], [-83.18535, 8.57177], [-83.18532, 8.57199], [-83.18535, 8.57231], [-83.18537, 8.57253], [-83.18556, 8.57308], [-83.18584, 8.57362], [-83.1859, 8.5737], [-83.18623, 8.57416], [-83.18645, 8.57443], [-83.1867, 8.57471], [-83.187, 8.57503], [-83.18722, 8.57525], [-83.18755, 8.57558], [-83.18777, 8.57579], [-83.1881, 8.57612], [-83.18833, 8.57634], [-83.18865, 8.57665], [-83.18889, 8.57688], [-83.1892, 8.57717], [-83.18948, 8.57743], [-83.18975, 8.57767], [-83.19008, 8.57797], [-83.1903, 8.57816], [-83.19068, 8.57851], [-83.19085, 8.57867], [-83.19124, 8.57906], [-83.1914, 8.57922], [-83.19176, 8.5796], [-83.19195, 8.57981], [-83.19224, 8.58015], [-83.1925, 8.58048], [-83.19266, 8.58069], [-83.19303, 8.58123], [-83.19305, 8.58126], [-83.19336, 8.58178], [-83.1936, 8.58218], [-83.19367, 8.58232], [-83.19397, 8.58286], [-83.19415, 8.58322], [-83.19424, 8.58341], [-83.19451, 8.58395], [-83.1947, 8.58436], [-83.19476, 8.5845], [-83.195, 8.58504], [-83.19524, 8.58558], [-83.19525, 8.5856], [-83.19547, 8.58613], [-83.19569, 8.58667], [-83.1958, 8.58695], [-83.1959, 8.58722], [-83.1961, 8.58776], [-83.19629, 8.5883], [-83.19635, 8.58847], [-83.19647, 8.58885], [-83.19664, 8.58939], [-83.19679, 8.58993], [-83.1969, 8.59036], [-83.19693, 8.59048], [-83.19706, 8.59102], [-83.19717, 8.59157], [-83.19728, 8.59211], [-83.19737, 8.59265], [-83.19745, 8.59311], [-83.19746, 8.5932], [-83.19754, 8.59374], [-83.1976, 8.59429], [-83.19765, 8.59483], [-83.19767, 8.59537], [-83.19769, 8.59592], [-83.1977, 8.59646], [-83.19771, 8.597], [-83.19772, 8.59755], [-83.19775, 8.59809], [-83.19779, 8.59864], [-83.19783, 8.59918], [-83.19787, 8.59972], [-83.19792, 8.60027], [-83.19797, 8.60081], [-83.198, 8.60104], [-83.19803, 8.60135], [-83.19809, 8.6019], [-83.19815, 8.60244], [-83.19823, 8.60299], [-83.19832, 8.60353], [-83.19842, 8.60407], [-83.19853, 8.60462], [-83.19855, 8.60472], [-83.19863, 8.60516], [-83.19873, 8.60571], [-83.19882, 8.60625], [-83.1989, 8.60679], [-83.19897, 8.60734], [-83.19903, 8.60788], [-83.1991, 8.60839], [-83.1991, 8.60842], [-83.19917, 8.60897], [-83.19925, 8.60951], [-83.19935, 8.61006], [-83.19948, 8.6106], [-83.19963, 8.61114], [-83.19965, 8.61118], [-83.19981, 8.61169], [-83.20001, 8.61223], [-83.2002, 8.61269], [-83.20023, 8.61278], [-83.20047, 8.61332], [-83.20074, 8.61386], [-83.20075, 8.61387], [-83.20105, 8.61441], [-83.2013, 8.61479], [-83.20141, 8.61495], [-83.20183, 8.61549], [-83.20184, 8.61552], [-83.20227, 8.61604], [-83.20239, 8.61623], [-83.20269, 8.61658], [-83.20294, 8.61692], [-83.20323, 8.61713], [-83.20349, 8.61728], [-83.20404, 8.6174], [-83.20459, 8.61741], [-83.20514, 8.61734], [-83.20569, 8.61723], [-83.20609, 8.61713], [-83.20624, 8.61709], [-83.20679, 8.61692], [-83.20734, 8.61673], [-83.20766, 8.61658], [-83.20789, 8.61649], [-83.20844, 8.61622], [-83.20874, 8.61604], [-83.20899, 8.61591], [-83.20954, 8.61556], [-83.20962, 8.61549], [-83.21009, 8.61517], [-83.21034, 8.61495], [-83.21064, 8.6147], [-83.21093, 8.61441], [-83.21119, 8.61415], [-83.21143, 8.61386], [-83.21174, 8.61348], [-83.21186, 8.61332], [-83.21222, 8.61278], [-83.21229, 8.61267], [-83.21254, 8.61223], [-83.21281, 8.61169], [-83.21284, 8.61161], [-83.21304, 8.61114], [-83.21325, 8.6106], [-83.21339, 8.61023], [-83.21346, 8.61006], [-83.21367, 8.60951], [-83.21389, 8.60897], [-83.21394, 8.60884], [-83.21412, 8.60842], [-83.21436, 8.60788], [-83.21449, 8.60759], [-83.21461, 8.60734], [-83.21485, 8.60679], [-83.21504, 8.60638], [-83.2151, 8.60625], [-83.21534, 8.60571], [-83.21558, 8.60516], [-83.21559, 8.60515], [-83.21582, 8.60462], [-83.21606, 8.60407], [-83.21614, 8.60388], [-83.21629, 8.60353], [-83.21653, 8.60299], [-83.21669, 8.60262], [-83.21677, 8.60244], [-83.21702, 8.6019], [-83.21724, 8.60143], [-83.21728, 8.60135], [-83.21756, 8.60081], [-83.21779, 8.60039], [-83.21786, 8.60027], [-83.21822, 8.59972], [-83.21834, 8.59955], [-83.21864, 8.59918], [-83.21889, 8.59889], [-83.21915, 8.59864], [-83.21944, 8.59836], [-83.21974, 8.59809], [-83.21999, 8.59788], [-83.22042, 8.59755], [-83.22054, 8.59746], [-83.22109, 8.59709], [-83.22123, 8.597], [-83.22164, 8.59677], [-83.22219, 8.59648], [-83.22223, 8.59646], [-83.22274, 8.59623], [-83.22329, 8.59602], [-83.22362, 8.59592], [-83.22384, 8.59585], [-83.22439, 8.5957], [-83.22494, 8.59559], [-83.22549, 8.59549], [-83.22604, 8.59542], [-83.22645, 8.59537], [-83.22659, 8.59536], [-83.22714, 8.59531], [-83.22769, 8.59526], [-83.22824, 8.59523], [-83.22879, 8.59521], [-83.22934, 8.5952], [-83.22989, 8.59521], [-83.23044, 8.59522], [-83.23099, 8.59523], [-83.23154, 8.59525], [-83.23208, 8.59527], [-83.23263, 8.5953], [-83.23318, 8.59533], [-83.23373, 8.59537], [-83.23382, 8.59537], [-83.23428, 8.59541], [-83.23483, 8.59545], [-83.23538, 8.59549], [-83.23593, 8.59554], [-83.23648, 8.59558], [-83.23703, 8.59561], [-83.23758, 8.59564], [-83.23813, 8.59566], [-83.23868, 8.59569], [-83.23923, 8.59573], [-83.23978, 8.59578], [-83.24033, 8.59585], [-83.24076, 8.59592], [-83.24088, 8.59594], [-83.24143, 8.59605], [-83.24198, 8.59618], [-83.24253, 8.59632], [-83.24303, 8.59646], [-83.24308, 8.59647], [-83.24363, 8.59664], [-83.24418, 8.59682], [-83.24472, 8.597], [-83.24473, 8.59701], [-83.24528, 8.59722], [-83.24583, 8.59745], [-83.24605, 8.59755], [-83.24638, 8.5977], [-83.24693, 8.59798], [-83.24713, 8.59809], [-83.24748, 8.59829], [-83.24803, 8.59862], [-83.24806, 8.59864], [-83.24858, 8.59896], [-83.24891, 8.59918], [-83.24913, 8.59932], [-83.24968, 8.59969], [-83.24973, 8.59972], [-83.25023, 8.60006], [-83.25051, 8.60027], [-83.25078, 8.60047], [-83.25123, 8.60081], [-83.25133, 8.60089], [-83.25188, 8.60132], [-83.25192, 8.60135], [-83.25243, 8.60176], [-83.2526, 8.6019], [-83.25298, 8.60221], [-83.25327, 8.60244], [-83.25353, 8.60264], [-83.25397, 8.60299], [-83.25408, 8.60307], [-83.25463, 8.60348], [-83.2547, 8.60353], [-83.25518, 8.60388], [-83.25544, 8.60407], [-83.25573, 8.60429], [-83.25617, 8.60462], [-83.25628, 8.6047], [-83.25683, 8.60512], [-83.25688, 8.60516], [-83.25738, 8.60556], [-83.25756, 8.60571], [-83.25793, 8.60601], [-83.25821, 8.60625], [-83.25848, 8.60648], [-83.25883, 8.60679], [-83.25903, 8.60698], [-83.2594, 8.60734], [-83.25958, 8.60751], [-83.25995, 8.60788], [-83.26013, 8.60807], [-83.26046, 8.60842], [-83.26068, 8.60867], [-83.26094, 8.60897], [-83.26123, 8.60932], [-83.26138, 8.60951], [-83.26178, 8.61003], [-83.2618, 8.61006], [-83.26218, 8.6106], [-83.26232, 8.61081], [-83.26256, 8.61114], [-83.26287, 8.61163], [-83.26291, 8.61169], [-83.26326, 8.61223], [-83.26342, 8.6125], [-83.2636, 8.61278], [-83.26393, 8.61332], [-83.26397, 8.61339], [-83.26426, 8.61386], [-83.26452, 8.6143], [-83.26459, 8.61441], [-83.26493, 8.61495], [-83.26507, 8.61519], [-83.26527, 8.61549], [-83.26561, 8.61604], [-83.26562, 8.61606], [-83.26596, 8.61658], [-83.26617, 8.61691], [-83.26631, 8.61713], [-83.26666, 8.61767], [-83.26672, 8.61778], [-83.26699, 8.61821], [-83.26727, 8.61867], [-83.26733, 8.61876], [-83.26765, 8.6193], [-83.26782, 8.61959], [-83.26798, 8.61984], [-83.2683, 8.62039], [-83.26837, 8.62051], [-83.26861, 8.62093], [-83.26892, 8.62148], [-83.26892, 8.62149], [-83.26921, 8.62202], [-83.26947, 8.62247], [-83.26952, 8.62256], [-83.26985, 8.62311], [-83.27002, 8.62337], [-83.27021, 8.62365], [-83.27057, 8.62415], [-83.2706, 8.6242], [-83.27104, 8.62474], [-83.27112, 8.62483], [-83.27151, 8.62528], [-83.27167, 8.62546], [-83.27201, 8.62583], [-83.27222, 8.62604], [-83.27255, 8.62637], [-83.27277, 8.62657], [-83.27313, 8.62691], [-83.27332, 8.62709], [-83.27372, 8.62746], [-83.27387, 8.62759], [-83.2743, 8.628], [-83.27442, 8.62811], [-83.27485, 8.62855], [-83.27497, 8.62867], [-83.27536, 8.62909], [-83.27552, 8.62927], [-83.27582, 8.62963], [-83.27607, 8.62993], [-83.27625, 8.63018], [-83.27662, 8.63066], [-83.27666, 8.63072], [-83.27704, 8.63127], [-83.27717, 8.63144], [-83.27742, 8.63181], [-83.27772, 8.63223], [-83.2778, 8.63235], [-83.27818, 8.6329], [-83.27827, 8.63301], [-83.27857, 8.63344], [-83.27882, 8.63378], [-83.27896, 8.63398], [-83.27936, 8.63453], [-83.27937, 8.63454], [-83.27975, 8.63507], [-83.27992, 8.6353], [-83.28014, 8.63562], [-83.28047, 8.63606], [-83.28054, 8.63616], [-83.28092, 8.6367], [-83.28102, 8.63684], [-83.2813, 8.63725], [-83.28157, 8.63764], [-83.28167, 8.63779], [-83.28204, 8.63834], [-83.28212, 8.63845], [-83.28241, 8.63888], [-83.28267, 8.63924], [-83.28279, 8.63942], [-83.28319, 8.63997], [-83.28322, 8.64001], [-83.28359, 8.64051], [-83.28377, 8.64074], [-83.28401, 8.64105], [-83.28432, 8.64144], [-83.28444, 8.6416], [-83.28487, 8.6421], [-83.2849, 8.64214], [-83.28539, 8.64269], [-83.28542, 8.64272], [-83.28588, 8.64323], [-83.28597, 8.64332], [-83.2864, 8.64377], [-83.28652, 8.64389], [-83.28694, 8.64432], [-83.28707, 8.64444], [-83.28753, 8.64486], [-83.28762, 8.64494], [-83.28817, 8.64539], [-83.28818, 8.6454], [-83.28872, 8.64579], [-83.28897, 8.64595], [-83.28927, 8.64613], [-83.28982, 8.64638], [-83.29014, 8.64649], [-83.29037, 8.64657], [-83.29092, 8.64669], [-83.29147, 8.64679], [-83.29202, 8.64687], [-83.29256, 8.64695], [-83.29311, 8.64703], [-83.29315, 8.64704], [-83.29366, 8.64712], [-83.29421, 8.64721], [-83.29476, 8.64728], [-83.29531, 8.64734], [-83.29586, 8.64741], [-83.29641, 8.6475], [-83.29676, 8.64758], [-83.29696, 8.64763], [-83.29751, 8.64781], [-83.29806, 8.64808], [-83.29812, 8.64812], [-83.29861, 8.64852], [-83.29873, 8.64867], [-83.29912, 8.64921], [-83.29916, 8.64928], [-83.2994, 8.64976], [-83.29962, 8.6503], [-83.29971, 8.65055], [-83.29981, 8.65084], [-83.29999, 8.65139], [-83.30019, 8.65193], [-83.30026, 8.65214], [-83.30039, 8.65247], [-83.30062, 8.65302], [-83.30081, 8.65344], [-83.30088, 8.65356], [-83.30118, 8.65411], [-83.30136, 8.65441], [-83.30153, 8.65465], [-83.30191, 8.65514], [-83.30197, 8.65519], [-83.30246, 8.65561], [-83.30266, 8.65574], [-83.30301, 8.65594], [-83.30356, 8.6562], [-83.30375, 8.65628], [-83.30411, 8.65643], [-83.30466, 8.65662], [-83.30521, 8.65679], [-83.30532, 8.65683], [-83.30576, 8.65696], [-83.30631, 8.65711], [-83.30686, 8.65727], [-83.30721, 8.65737], [-83.30741, 8.65743], [-83.30796, 8.65761], [-83.30851, 8.65781], [-83.30881, 8.65791], [-83.30906, 8.65801], [-83.30961, 8.65823], [-83.31016, 8.65842], [-83.31028, 8.65846], [-83.31071, 8.6586], [-83.31126, 8.65873], [-83.31181, 8.65879], [-83.31236, 8.65877], [-83.31291, 8.65868], [-83.31346, 8.65853], [-83.31364, 8.65846], [-83.31401, 8.65831], [-83.31456, 8.65804], [-83.31481, 8.65791], [-83.31511, 8.65774], [-83.31566, 8.65742], [-83.31575, 8.65737], [-83.31621, 8.65705], [-83.31647, 8.65683], [-83.31676, 8.65651], [-83.31694, 8.65628], [-83.31723, 8.65574], [-83.31731, 8.6555], [-83.3174, 8.65519], [-83.31743, 8.65465], [-83.31734, 8.65411], [-83.31731, 8.65401], [-83.31718, 8.65356], [-83.317, 8.65302], [-83.31682, 8.65247], [-83.31676, 8.65227], [-83.31667, 8.65193], [-83.31655, 8.65139], [-83.31647, 8.65084], [-83.31642, 8.6503], [-83.31637, 8.64976], [-83.31629, 8.64921], [-83.31622, 8.64867], [-83.31621, 8.64855], [-83.31617, 8.64812], [-83.31616, 8.64758], [-83.31621, 8.64724], [-83.31623, 8.64704], [-83.31642, 8.64649], [-83.31676, 8.64598], [-83.31678, 8.64595], [-83.31731, 8.64548], [-83.3174, 8.6454], [-83.31786, 8.64515], [-83.31841, 8.64492], [-83.31864, 8.64486], [-83.31896, 8.64479], [-83.31951, 8.64474], [-83.32006, 8.64476], [-83.32049, 8.64486], [-83.32061, 8.64489], [-83.32116, 8.64514], [-83.32157, 8.6454], [-83.32171, 8.64551], [-83.32218, 8.64595], [-83.32226, 8.64605], [-83.32259, 8.64649], [-83.32281, 8.64686], [-83.32291, 8.64704], [-83.32317, 8.64758], [-83.32335, 8.64806], [-83.32338, 8.64812], [-83.32357, 8.64867], [-83.32374, 8.64921], [-83.32389, 8.64976], [-83.3239, 8.64981], [-83.32406, 8.6503], [-83.32421, 8.65084], [-83.32431, 8.65139], [-83.32436, 8.65193], [-83.32436, 8.65247], [-83.32434, 8.65302], [-83.32431, 8.65356], [-83.3243, 8.65411], [-83.32435, 8.65465], [-83.32445, 8.65505], [-83.32449, 8.65519], [-83.32467, 8.65574], [-83.32487, 8.65628], [-83.325, 8.65659], [-83.3251, 8.65683], [-83.32533, 8.65737], [-83.32555, 8.65782], [-83.3256, 8.65791], [-83.32588, 8.65846], [-83.3261, 8.65884], [-83.3262, 8.659], [-83.32654, 8.65954], [-83.32665, 8.6597], [-83.32692, 8.66009], [-83.3272, 8.66047], [-83.32732, 8.66063], [-83.32774, 8.66118], [-83.32775, 8.66119], [-83.32817, 8.66172], [-83.3283, 8.66188], [-83.32862, 8.66226], [-83.32885, 8.66254], [-83.32907, 8.66281], [-83.3294, 8.66322], [-83.32951, 8.66335], [-83.32995, 8.6639], [-83.32995, 8.6639], [-83.33038, 8.66444], [-83.3305, 8.66459], [-83.33082, 8.66498], [-83.33105, 8.66527], [-83.33127, 8.66553], [-83.3316, 8.66593], [-83.33172, 8.66607], [-83.33215, 8.66657], [-83.33219, 8.66661], [-83.33267, 8.66716], [-83.3327, 8.6672], [-83.33314, 8.6677], [-83.33325, 8.66782], [-83.33362, 8.66825], [-83.3338, 8.66845], [-83.3341, 8.66879], [-83.33435, 8.66906], [-83.3346, 8.66933], [-83.3349, 8.66966], [-83.3351, 8.66988], [-83.33545, 8.67024], [-83.33563, 8.67042], [-83.336, 8.6708], [-83.33617, 8.67096], [-83.33655, 8.67133], [-83.33675, 8.67151], [-83.3371, 8.67184], [-83.33734, 8.67205], [-83.33765, 8.67233], [-83.33796, 8.6726], [-83.3382, 8.67279], [-83.33865, 8.67314], [-83.33875, 8.67322], [-83.3393, 8.6736], [-83.33943, 8.67368], [-83.33985, 8.67395], [-83.34033, 8.67423], [-83.3404, 8.67427], [-83.34095, 8.67456], [-83.34138, 8.67477], [-83.3415, 8.67483], [-83.34205, 8.6751], [-83.34253, 8.67532], [-83.3426, 8.67535], [-83.34315, 8.67558], [-83.3437, 8.6758], [-83.34386, 8.67586], [-83.34425, 8.67601], [-83.3448, 8.67622], [-83.3453, 8.6764], [-83.34535, 8.67642], [-83.3459, 8.67663], [-83.34645, 8.67684], [-83.34674, 8.67695], [-83.347, 8.67703], [-83.34755, 8.67718], [-83.3481, 8.67731], [-83.34865, 8.67743], [-83.34889, 8.67749], [-83.3492, 8.67756], [-83.34975, 8.6777], [-83.3503, 8.67787], [-83.35069, 8.67803], [-83.35085, 8.6781], [-83.3514, 8.67838], [-83.3517, 8.67858], [-83.35195, 8.67874], [-83.35242, 8.67912], [-83.3525, 8.67919], [-83.35298, 8.67967], [-83.35305, 8.67975], [-83.35341, 8.68021], [-83.35359, 8.68051], [-83.35374, 8.68075], [-83.35397, 8.6813], [-83.35412, 8.68184], [-83.35414, 8.68198], [-83.35422, 8.68239], [-83.35427, 8.68293], [-83.3543, 8.68347], [-83.3543, 8.68402], [-83.35431, 8.68456], [-83.35434, 8.6851], [-83.3544, 8.68565], [-83.35445, 8.68619], [-83.35448, 8.68674], [-83.35451, 8.68728], [-83.35454, 8.68782], [-83.35458, 8.68837], [-83.35463, 8.68891], [-83.35469, 8.68945], [-83.35469, 8.68946], [-83.35478, 8.69], [-83.35489, 8.69054], [-83.35502, 8.69109], [-83.35515, 8.69163], [-83.35524, 8.69196], [-83.35531, 8.69217], [-83.35547, 8.69272], [-83.35564, 8.69326], [-83.35579, 8.69373], [-83.35582, 8.69381], [-83.356, 8.69435], [-83.3562, 8.69489], [-83.35634, 8.69526], [-83.35641, 8.69544], [-83.35664, 8.69598], [-83.35688, 8.69652], [-83.35689, 8.69655], [-83.35715, 8.69707], [-83.35743, 8.69761], [-83.35744, 8.69764], [-83.35773, 8.69816], [-83.35799, 8.69862], [-83.35804, 8.6987], [-83.35837, 8.69924], [-83.35854, 8.69952], [-83.35872, 8.69979], [-83.35907, 8.70033], [-83.35909, 8.70036], [-83.35945, 8.70088], [-83.35964, 8.70114], [-83.35986, 8.70142], [-83.36019, 8.70185], [-83.36029, 8.70196], [-83.36074, 8.70249], [-83.36075, 8.70251], [-83.36126, 8.70305], [-83.36129, 8.70308], [-83.36182, 8.70359], [-83.36184, 8.70362], [-83.36239, 8.70412], [-83.36242, 8.70414], [-83.36294, 8.70458], [-83.36308, 8.70468], [-83.36349, 8.705], [-83.3638, 8.70523], [-83.36404, 8.70539], [-83.36459, 8.70576], [-83.36461, 8.70577], [-83.36514, 8.7061], [-83.36551, 8.70631], [-83.36569, 8.70641], [-83.36624, 8.70671], [-83.36655, 8.70686], [-83.36679, 8.70697], [-83.36734, 8.70721], [-83.36782, 8.7074], [-83.36789, 8.70743], [-83.36844, 8.70762], [-83.36899, 8.70778], [-83.36954, 8.70792], [-83.36966, 8.70795], [-83.37009, 8.70804], [-83.37064, 8.70814], [-83.37119, 8.70823], [-83.37174, 8.7083], [-83.37229, 8.70836], [-83.37284, 8.70841], [-83.37339, 8.70845], [-83.37394, 8.70847], [-83.37449, 8.70848], [-83.37504, 8.70849], [-83.37537, 8.70849], [-83.37559, 8.70849], [-83.37614, 8.7085], [-83.37669, 8.70851], [-83.37724, 8.70854], [-83.37779, 8.70856], [-83.37834, 8.70859], [-83.37889, 8.70861], [-83.37944, 8.70863], [-83.37999, 8.70867], [-83.38054, 8.70872], [-83.38109, 8.70879], [-83.38164, 8.70889], [-83.38219, 8.70902], [-83.38223, 8.70903], [-83.38274, 8.70918], [-83.38329, 8.70937], [-83.38379, 8.70958], [-83.38383, 8.70959], [-83.38438, 8.70984], [-83.38493, 8.71011], [-83.38495, 8.71012], [-83.38548, 8.7104], [-83.38599, 8.71066], [-83.38603, 8.71069], [-83.38658, 8.71099], [-83.38697, 8.71121], [-83.38713, 8.71131], [-83.38768, 8.71164], [-83.38786, 8.71175], [-83.38823, 8.71198], [-83.38874, 8.7123], [-83.38878, 8.71232], [-83.38933, 8.71266], [-83.38963, 8.71284], [-83.38988, 8.71299], [-83.39043, 8.71331], [-83.39057, 8.71338], [-83.39098, 8.71362], [-83.39153, 8.71391], [-83.39158, 8.71393], [-83.39208, 8.71418], [-83.39263, 8.71445], [-83.39269, 8.71447], [-83.39318, 8.7147], [-83.39373, 8.71493], [-83.39394, 8.71501], [-83.39428, 8.71516], [-83.39483, 8.71537], [-83.39533, 8.71556], [-83.39538, 8.71558], [-83.39593, 8.71577], [-83.39648, 8.71595], [-83.39701, 8.7161], [-83.39703, 8.71611], [-83.39758, 8.71625], [-83.39813, 8.71636], [-83.39868, 8.71646], [-83.39923, 8.71654], [-83.39978, 8.7166], [-83.40012, 8.71665], [-83.40033, 8.71667], [-83.40088, 8.71673], [-83.40143, 8.71676], [-83.40198, 8.71678], [-83.40253, 8.71676], [-83.40308, 8.71671]]}}, {"type": "Feature", "properties": {"depth_m": 75}, "geometry": {"type": "LineString", "coordinates": [[-83.33065, 8.62528], [-83.3305, 8.62534], [-83.32995, 8.62544], [-83.3294, 8.62548], [-83.32885, 8.62544], [-83.32846, 8.62528], [-83.32885, 8.62515], [-83.3294, 8.62513], [-83.32995, 8.62517], [-83.3305, 8.62525], [-83.33065, 8.62528]]}}, {"type": "Feature", "properties": {"depth_m": 75}, "geometry": {"type": "LineString", "coordinates": [[-83.18897, 8.42026], [-83.18865, 8.42049], [-83.18832, 8.4208], [-83.1881, 8.42101], [-83.18782, 8.42135], [-83.18755, 8.42169], [-83.18742, 8.42189], [-83.1871, 8.42244], [-83.187, 8.42264], [-83.18685, 8.42298], [-83.18666, 8.42352], [-83.18651, 8.42407], [-83.18645, 8.42446], [-83.18643, 8.42461], [-83.1864, 8.42515], [-83.18643, 8.4257], [-83.18645, 8.42584], [-83.18651, 8.42624], [-83.18663, 8.42679], [-83.18679, 8.42733], [-83.18696, 8.42787], [-83.187, 8.428], [-83.18715, 8.42842], [-83.18734, 8.42896], [-83.18752, 8.42951], [-83.18755, 8.42958], [-83.18776, 8.43005], [-83.18801, 8.43059], [-83.1881, 8.43077], [-83.18832, 8.43114], [-83.18864, 8.43168], [-83.18865, 8.4317], [-83.18902, 8.43222], [-83.1892, 8.43251], [-83.18941, 8.43277], [-83.18975, 8.43326], [-83.1898, 8.43331], [-83.19018, 8.43386], [-83.1903, 8.43406], [-83.19054, 8.4344], [-83.19085, 8.43494], [-83.19085, 8.43494], [-83.19117, 8.43549], [-83.1914, 8.43595], [-83.19145, 8.43603], [-83.19178, 8.43657], [-83.19195, 8.43685], [-83.19217, 8.43712], [-83.1925, 8.43748], [-83.19278, 8.43766], [-83.19305, 8.43782], [-83.1936, 8.4378], [-83.19379, 8.43766], [-83.19415, 8.43735], [-83.19429, 8.43712], [-83.19459, 8.43657], [-83.1947, 8.43636], [-83.19483, 8.43603], [-83.19506, 8.43549], [-83.19525, 8.43511], [-83.19532, 8.43494], [-83.19558, 8.4344], [-83.1958, 8.43403], [-83.19589, 8.43386], [-83.1962, 8.43331], [-83.19635, 8.43308], [-83.19653, 8.43277], [-83.1969, 8.43223], [-83.1969, 8.43222], [-83.19724, 8.43168], [-83.19745, 8.43136], [-83.19757, 8.43114], [-83.19788, 8.43059], [-83.198, 8.43037], [-83.19816, 8.43005], [-83.19842, 8.42951], [-83.19855, 8.4292], [-83.19864, 8.42896], [-83.19883, 8.42842], [-83.199, 8.42787], [-83.1991, 8.42751], [-83.19914, 8.42733], [-83.19929, 8.42679], [-83.19944, 8.42624], [-83.19963, 8.4257], [-83.19965, 8.42567], [-83.19988, 8.42515], [-83.2002, 8.42466], [-83.20022, 8.42461], [-83.20071, 8.42407], [-83.20075, 8.42404], [-83.2013, 8.42357], [-83.20136, 8.42352], [-83.20184, 8.42319], [-83.20218, 8.42298], [-83.20239, 8.42285], [-83.20294, 8.42255], [-83.20315, 8.42244], [-83.20349, 8.42226], [-83.20404, 8.42198], [-83.20423, 8.42189], [-83.20459, 8.42172], [-83.20514, 8.42145], [-83.20535, 8.42135], [-83.20569, 8.42118], [-83.20624, 8.42091], [-83.20644, 8.4208], [-83.20679, 8.42061], [-83.20734, 8.4203], [-83.20741, 8.42026]]}}, {"type": "Feature", "properties": {"depth_m": 100}, "geometry": {"type": "LineString", "coordinates": [[-83.40363, 8.71455], [-83.40404, 8.71447], [-83.40418, 8.71444], [-83.40473, 8.7143], [-83.40528, 8.71414], [-83.40583, 8.71395], [-83.40587, 8.71393], [-83.40638, 8.71373], [-83.40693, 8.71348], [-83.40713, 8.71338], [-83.40748, 8.71321], [-83.40803, 8.71292], [-83.40816, 8.71284], [-83.40858, 8.71259], [-83.40902, 8.7123], [-83.40913, 8.71222], [-83.40968, 8.71183], [-83.40979, 8.71175], [-83.41023, 8.71143], [-83.41054, 8.71121], [-83.41078, 8.71104], [-83.41132, 8.71066], [-83.41133, 8.71066], [-83.41188, 8.71031], [-83.41219, 8.71012], [-83.41243, 8.70999], [-83.41298, 8.7097], [-83.41322, 8.70958], [-83.41353, 8.70943], [-83.41407, 8.70917], [-83.41437, 8.70903], [-83.41462, 8.70892], [-83.41517, 8.70867], [-83.41558, 8.70849], [-83.41572, 8.70843], [-83.41627, 8.70819], [-83.41681, 8.70795], [-83.41682, 8.70794], [-83.41737, 8.7077], [-83.41792, 8.70749], [-83.41814, 8.7074], [-83.41847, 8.70728], [-83.41902, 8.70707], [-83.41955, 8.70686], [-83.41957, 8.70685], [-83.42012, 8.70661], [-83.42067, 8.70634], [-83.42071, 8.70631], [-83.42122, 8.70604], [-83.42163, 8.70577], [-83.42177, 8.70568], [-83.42232, 8.70528], [-83.42239, 8.70523], [-83.42287, 8.70487], [-83.42312, 8.70468], [-83.42342, 8.70447], [-83.42392, 8.70414], [-83.42397, 8.7041], [-83.42452, 8.70377], [-83.42486, 8.70359], [-83.42507, 8.70348], [-83.42562, 8.70323], [-83.42605, 8.70305], [-83.42617, 8.703], [-83.42672, 8.70277], [-83.42727, 8.70254], [-83.42735, 8.70251], [-83.42782, 8.7023], [-83.42837, 8.70206], [-83.42858, 8.70196], [-83.42892, 8.70181], [-83.42947, 8.70155], [-83.42976, 8.70142], [-83.43002, 8.7013], [-83.43057, 8.70104], [-83.43094, 8.70088], [-83.43112, 8.70079], [-83.43167, 8.70052], [-83.43206, 8.70033], [-83.43222, 8.70024], [-83.43277, 8.69994], [-83.43305, 8.69979], [-83.43332, 8.69962], [-83.43387, 8.69928], [-83.43393, 8.69924], [-83.43442, 8.69891], [-83.43475, 8.6987], [-83.43497, 8.69854], [-83.43552, 8.69818], [-83.43556, 8.69816], [-83.43607, 8.69781], [-83.43638, 8.69761], [-83.43662, 8.69744], [-83.43713, 8.69707], [-83.43717, 8.69704], [-83.43772, 8.69659], [-83.43779, 8.69652], [-83.43827, 8.69606], [-83.43834, 8.69598], [-83.43879, 8.69544], [-83.43882, 8.6954], [-83.43916, 8.69489], [-83.43937, 8.69456], [-83.43949, 8.69435], [-83.43977, 8.69381], [-83.43992, 8.69348], [-83.44001, 8.69326], [-83.44021, 8.69272], [-83.44037, 8.69217], [-83.44047, 8.69178], [-83.4405, 8.69163], [-83.4406, 8.69109], [-83.44065, 8.69054], [-83.44067, 8.69], [-83.44066, 8.68945], [-83.44063, 8.68891], [-83.44059, 8.68837], [-83.4405, 8.68782], [-83.44047, 8.68769], [-83.44035, 8.68728], [-83.4401, 8.68674], [-83.43992, 8.68647], [-83.43972, 8.68619], [-83.43937, 8.68582], [-83.4392, 8.68565], [-83.43882, 8.68533], [-83.43854, 8.6851], [-83.43827, 8.68492], [-83.43776, 8.68456], [-83.43772, 8.68454], [-83.43717, 8.68419], [-83.43692, 8.68402], [-83.43662, 8.68383], [-83.4361, 8.68347], [-83.43607, 8.68345], [-83.43552, 8.68306], [-83.43534, 8.68293], [-83.43497, 8.68266], [-83.43461, 8.68239], [-83.43442, 8.68224], [-83.43391, 8.68184], [-83.43387, 8.6818], [-83.43332, 8.68133], [-83.43328, 8.6813], [-83.43277, 8.68082], [-83.4327, 8.68075], [-83.43222, 8.6803], [-83.43213, 8.68021], [-83.43167, 8.67976], [-83.43158, 8.67967], [-83.43112, 8.67919], [-83.43105, 8.67912], [-83.43057, 8.67859], [-83.43056, 8.67858], [-83.4301, 8.67803], [-83.43002, 8.67792], [-83.42971, 8.67749], [-83.42947, 8.67709], [-83.42938, 8.67695], [-83.42915, 8.6764], [-83.429, 8.67586], [-83.42892, 8.67537], [-83.42891, 8.67532], [-83.42888, 8.67477], [-83.4289, 8.67423], [-83.42892, 8.67395], [-83.42894, 8.67368], [-83.429, 8.67314], [-83.42907, 8.6726], [-83.42917, 8.67205], [-83.42934, 8.67151], [-83.42947, 8.67123], [-83.42958, 8.67096], [-83.42986, 8.67042], [-83.43002, 8.67011], [-83.43012, 8.66988], [-83.43033, 8.66933], [-83.43049, 8.66879], [-83.43055, 8.66825], [-83.43047, 8.6677], [-83.43026, 8.66716], [-83.43002, 8.66673], [-83.42994, 8.66661], [-83.42948, 8.66607], [-83.42947, 8.66606], [-83.42893, 8.66553], [-83.42892, 8.66552], [-83.42837, 8.66498], [-83.42837, 8.66498], [-83.42788, 8.66444], [-83.42782, 8.66435], [-83.4275, 8.6639], [-83.42727, 8.66346], [-83.42722, 8.66335], [-83.42697, 8.66281], [-83.42676, 8.66226], [-83.42672, 8.66217], [-83.42656, 8.66172], [-83.42637, 8.66118], [-83.42621, 8.66063], [-83.42617, 8.66051], [-83.42604, 8.66009], [-83.42589, 8.65954], [-83.42575, 8.659], [-83.42562, 8.65846], [-83.42562, 8.65845], [-83.42549, 8.65791], [-83.42538, 8.65737], [-83.42526, 8.65683], [-83.42514, 8.65628], [-83.42507, 8.65601], [-83.425, 8.65574], [-83.42483, 8.65519], [-83.42463, 8.65465], [-83.42452, 8.65437], [-83.4244, 8.65411], [-83.42413, 8.65356], [-83.42397, 8.65327], [-83.42383, 8.65302], [-83.4235, 8.65247], [-83.42342, 8.65234], [-83.42316, 8.65193], [-83.42287, 8.65147], [-83.42282, 8.65139], [-83.42246, 8.65084], [-83.42232, 8.65064], [-83.42209, 8.6503], [-83.42177, 8.64988], [-83.42168, 8.64976], [-83.42123, 8.64921], [-83.42122, 8.64921], [-83.42075, 8.64867], [-83.42067, 8.64858], [-83.42027, 8.64812], [-83.42012, 8.64796], [-83.4198, 8.64758], [-83.41957, 8.64729], [-83.41938, 8.64704], [-83.41902, 8.64651], [-83.41901, 8.64649], [-83.41869, 8.64595], [-83.41847, 8.64553], [-83.41841, 8.6454], [-83.41815, 8.64486], [-83.41792, 8.64433], [-83.41792, 8.64432], [-83.41771, 8.64377], [-83.41752, 8.64323], [-83.41737, 8.64277], [-83.41734, 8.64269], [-83.41718, 8.64214], [-83.41703, 8.6416], [-83.41691, 8.64105], [-83.41683, 8.64051], [-83.41682, 8.64047], [-83.41676, 8.63997], [-83.4167, 8.63942], [-83.41665, 8.63888], [-83.41658, 8.63834], [-83.41649, 8.63779], [-83.41636, 8.63725], [-83.41627, 8.63686], [-83.41624, 8.6367], [-83.41611, 8.63616], [-83.41599, 8.63562], [-83.41585, 8.63507], [-83.41572, 8.63464], [-83.41569, 8.63453], [-83.41549, 8.63398], [-83.41525, 8.63344], [-83.41517, 8.63329], [-83.41496, 8.6329], [-83.41465, 8.63235], [-83.41462, 8.63232], [-83.41431, 8.63181], [-83.41407, 8.63144], [-83.41397, 8.63127], [-83.41361, 8.63072], [-83.41353, 8.6306], [-83.41323, 8.63018], [-83.41298, 8.62983], [-83.41283, 8.62963], [-83.41243, 8.62911], [-83.41241, 8.62909], [-83.41194, 8.62855], [-83.41188, 8.62848], [-83.41141, 8.628], [-83.41133, 8.62792], [-83.41083, 8.62746], [-83.41078, 8.62741], [-83.41023, 8.62692], [-83.41022, 8.62691], [-83.40968, 8.62643], [-83.4096, 8.62637], [-83.40913, 8.62595], [-83.40898, 8.62583], [-83.40858, 8.62547], [-83.40836, 8.62528], [-83.40803, 8.62499], [-83.40774, 8.62474], [-83.40748, 8.6245], [-83.40713, 8.6242], [-83.40693, 8.62401], [-83.40652, 8.62365], [-83.40638, 8.62353], [-83.40589, 8.62311], [-83.40583, 8.62305], [-83.40528, 8.62258], [-83.40526, 8.62256], [-83.40473, 8.62212], [-83.40461, 8.62202], [-83.40418, 8.62166], [-83.40394, 8.62148], [-83.40363, 8.62123], [-83.40324, 8.62093], [-83.40308, 8.62081], [-83.40253, 8.6204], [-83.40251, 8.62039], [-83.40198, 8.62001], [-83.40175, 8.61984], [-83.40143, 8.61962], [-83.40098, 8.6193], [-83.40088, 8.61923], [-83.40033, 8.61884], [-83.40021, 8.61876], [-83.39978, 8.61845], [-83.39945, 8.61821], [-83.39923, 8.61805], [-83.3987, 8.61767], [-83.39868, 8.61766], [-83.39813, 8.61725], [-83.39796, 8.61713], [-83.39758, 8.61684], [-83.39724, 8.61658], [-83.39703, 8.61642], [-83.39654, 8.61604], [-83.39648, 8.61599], [-83.39593, 8.61556], [-83.39585, 8.61549], [-83.39538, 8.61512], [-83.39517, 8.61495], [-83.39483, 8.61468], [-83.39448, 8.61441], [-83.39428, 8.61425], [-83.39377, 8.61386], [-83.39373, 8.61384], [-83.39318, 8.61345], [-83.39299, 8.61332], [-83.39263, 8.61308], [-83.39215, 8.61278], [-83.39208, 8.61273], [-83.39153, 8.61241], [-83.39123, 8.61223], [-83.39098, 8.61209], [-83.39043, 8.61178], [-83.39027, 8.61169], [-83.38988, 8.61148], [-83.38933, 8.61119], [-83.38923, 8.61114], [-83.38878, 8.61092], [-83.38823, 8.61066], [-83.38811, 8.6106], [-83.38768, 8.61039], [-83.38713, 8.61013], [-83.38699, 8.61006], [-83.38658, 8.60985], [-83.38603, 8.60956], [-83.38594, 8.60951], [-83.38548, 8.60926], [-83.38498, 8.60897], [-83.38493, 8.60894], [-83.38438, 8.60861], [-83.38407, 8.60842], [-83.38383, 8.60828], [-83.38329, 8.60794], [-83.38318, 8.60788], [-83.38274, 8.6076], [-83.38231, 8.60734], [-83.38219, 8.60726], [-83.38164, 8.60691], [-83.38145, 8.60679], [-83.38109, 8.60655], [-83.38065, 8.60625], [-83.38054, 8.60617], [-83.37999, 8.60577], [-83.37991, 8.60571], [-83.37944, 8.60533], [-83.37923, 8.60516], [-83.37889, 8.60486], [-83.37862, 8.60462], [-83.37834, 8.60436], [-83.37803, 8.60407], [-83.37779, 8.60385], [-83.37744, 8.60353], [-83.37724, 8.60334], [-83.37684, 8.60299], [-83.37669, 8.60286], [-83.37621, 8.60244], [-83.37614, 8.60238], [-83.37559, 8.6019], [-83.37559, 8.6019], [-83.37504, 8.60142], [-83.37496, 8.60135], [-83.37449, 8.60095], [-83.37433, 8.60081], [-83.37394, 8.60047], [-83.3737, 8.60027], [-83.37339, 8.6], [-83.37304, 8.59972], [-83.37284, 8.59955], [-83.37235, 8.59918], [-83.37229, 8.59913], [-83.37174, 8.59872], [-83.37162, 8.59864], [-83.37119, 8.59832], [-83.37086, 8.59809], [-83.37064, 8.59793], [-83.37009, 8.59755], [-83.37008, 8.59755], [-83.36954, 8.59718], [-83.36927, 8.597], [-83.36899, 8.59682], [-83.36845, 8.59646], [-83.36844, 8.59645], [-83.36789, 8.59609], [-83.36763, 8.59592], [-83.36734, 8.59573], [-83.36679, 8.59537], [-83.36679, 8.59537], [-83.36624, 8.59501], [-83.36596, 8.59483], [-83.36569, 8.59464], [-83.36516, 8.59429], [-83.36514, 8.59427], [-83.36459, 8.5939], [-83.36436, 8.59374], [-83.36404, 8.59352], [-83.36359, 8.5932], [-83.36349, 8.59313], [-83.36294, 8.59274], [-83.36281, 8.59265], [-83.36239, 8.59237], [-83.36197, 8.59211], [-83.36184, 8.59203], [-83.36129, 8.59172], [-83.36099, 8.59157], [-83.36074, 8.59144], [-83.36019, 8.5912], [-83.35975, 8.59102], [-83.35964, 8.59098], [-83.35909, 8.59081], [-83.35854, 8.59067], [-83.35799, 8.59056], [-83.35744, 8.59048], [-83.35743, 8.59048], [-83.35689, 8.59043], [-83.35634, 8.5904], [-83.35579, 8.5904], [-83.35524, 8.59041], [-83.35469, 8.59045], [-83.35455, 8.59048], [-83.35414, 8.59054], [-83.35359, 8.59064], [-83.35305, 8.59073], [-83.3525, 8.59079], [-83.35195, 8.59082], [-83.3514, 8.59082], [-83.35085, 8.59078], [-83.3503, 8.5907], [-83.34975, 8.5906], [-83.34923, 8.59048], [-83.3492, 8.59047], [-83.34865, 8.59034], [-83.3481, 8.5902], [-83.34755, 8.59005], [-83.34713, 8.58993], [-83.347, 8.5899], [-83.34645, 8.58977], [-83.3459, 8.58963], [-83.34535, 8.58948], [-83.34503, 8.58939], [-83.3448, 8.58933], [-83.34425, 8.58918], [-83.3437, 8.58903], [-83.34315, 8.58887], [-83.34305, 8.58885], [-83.3426, 8.58873], [-83.34205, 8.58859], [-83.3415, 8.58846], [-83.34095, 8.58832], [-83.34088, 8.5883], [-83.3404, 8.58819], [-83.33985, 8.58805], [-83.3393, 8.5879], [-83.33882, 8.58776], [-83.33875, 8.58774], [-83.3382, 8.58757], [-83.33765, 8.58739], [-83.33715, 8.58722], [-83.3371, 8.5872], [-83.33655, 8.587], [-83.336, 8.58679], [-83.33569, 8.58667], [-83.33545, 8.58658], [-83.3349, 8.58636], [-83.33435, 8.58613], [-83.33435, 8.58613], [-83.3338, 8.58589], [-83.33325, 8.58564], [-83.33312, 8.58558], [-83.3327, 8.58539], [-83.33215, 8.58514], [-83.33192, 8.58504], [-83.3316, 8.5849], [-83.33105, 8.58465], [-83.33072, 8.5845], [-83.3305, 8.5844], [-83.32995, 8.58415], [-83.32952, 8.58395], [-83.3294, 8.5839], [-83.32885, 8.58365], [-83.3283, 8.58341], [-83.32829, 8.58341], [-83.32775, 8.58319], [-83.3272, 8.58298], [-83.32691, 8.58286], [-83.32665, 8.58277], [-83.3261, 8.58256], [-83.32555, 8.58234], [-83.32551, 8.58232], [-83.325, 8.5821], [-83.32445, 8.58184], [-83.32435, 8.58178], [-83.3239, 8.58152], [-83.32344, 8.58123], [-83.32335, 8.58117], [-83.32281, 8.58078], [-83.32269, 8.58069], [-83.32226, 8.58034], [-83.32202, 8.58015], [-83.32171, 8.57988], [-83.3214, 8.5796], [-83.32116, 8.57938], [-83.32081, 8.57906], [-83.32061, 8.57886], [-83.32025, 8.57851], [-83.32006, 8.57832], [-83.31972, 8.57797], [-83.31951, 8.57774], [-83.31923, 8.57743], [-83.31896, 8.57711], [-83.31877, 8.57688], [-83.31841, 8.57644], [-83.31833, 8.57634], [-83.31791, 8.57579], [-83.31786, 8.57573], [-83.3175, 8.57525], [-83.31731, 8.57498], [-83.31711, 8.57471], [-83.31676, 8.5742], [-83.31673, 8.57416], [-83.31636, 8.57362], [-83.31621, 8.5734], [-83.31598, 8.57308], [-83.31566, 8.57262], [-83.31559, 8.57253], [-83.3152, 8.57199], [-83.31511, 8.57187], [-83.31478, 8.57144], [-83.31456, 8.57118], [-83.31432, 8.5709], [-83.31401, 8.57057], [-83.31379, 8.57036], [-83.31346, 8.57005], [-83.31318, 8.56981], [-83.31291, 8.56959], [-83.31248, 8.56927], [-83.31236, 8.56918], [-83.31181, 8.56881], [-83.31168, 8.56873], [-83.31126, 8.56845], [-83.31086, 8.56818], [-83.31071, 8.56808], [-83.31016, 8.56771], [-83.31006, 8.56764], [-83.30961, 8.56732], [-83.3093, 8.56709], [-83.30906, 8.56692], [-83.30857, 8.56655], [-83.30851, 8.5665], [-83.30796, 8.56606], [-83.30789, 8.56601], [-83.30741, 8.56561], [-83.30724, 8.56546], [-83.30686, 8.56514], [-83.3066, 8.56492], [-83.30631, 8.56465], [-83.30601, 8.56437], [-83.30576, 8.56414], [-83.30544, 8.56383], [-83.30521, 8.56359], [-83.30492, 8.56329], [-83.30466, 8.563], [-83.30442, 8.56274], [-83.30411, 8.56239], [-83.30394, 8.5622], [-83.30356, 8.56176], [-83.30347, 8.56166], [-83.30301, 8.56112], [-83.303, 8.56111], [-83.30253, 8.56057], [-83.30246, 8.56049], [-83.30205, 8.56002], [-83.30191, 8.55986], [-83.30157, 8.55948], [-83.30136, 8.55924], [-83.30109, 8.55894], [-83.30081, 8.5586], [-83.30063, 8.55839], [-83.30026, 8.55793], [-83.3002, 8.55785], [-83.29979, 8.5573], [-83.29971, 8.5572], [-83.2994, 8.55676], [-83.29916, 8.55641], [-83.29903, 8.55622], [-83.29867, 8.55567], [-83.29861, 8.55559], [-83.2983, 8.55513], [-83.29806, 8.55478], [-83.29793, 8.55459], [-83.29755, 8.55404], [-83.29751, 8.55399], [-83.29718, 8.5535], [-83.29696, 8.55318], [-83.29681, 8.55295], [-83.29644, 8.55241], [-83.29641, 8.55237], [-83.29608, 8.55187], [-83.29586, 8.55153], [-83.29573, 8.55132], [-83.29538, 8.55078], [-83.29531, 8.55067], [-83.29505, 8.55023], [-83.29476, 8.5497], [-83.29476, 8.54969], [-83.29449, 8.54915], [-83.29422, 8.5486], [-83.29421, 8.54859], [-83.29391, 8.54806], [-83.29366, 8.5477], [-83.29353, 8.54752], [-83.29311, 8.54708], [-83.29301, 8.54697], [-83.29256, 8.54663], [-83.29228, 8.54643], [-83.29202, 8.54628], [-83.29147, 8.54601], [-83.29119, 8.54588], [-83.29092, 8.54578], [-83.29037, 8.54559], [-83.28982, 8.54543], [-83.28951, 8.54534], [-83.28927, 8.54528], [-83.28872, 8.54517], [-83.28817, 8.54507], [-83.28762, 8.54499], [-83.28707, 8.54491], [-83.28652, 8.54484], [-83.28616, 8.5448], [-83.28597, 8.54477], [-83.28542, 8.5447], [-83.28487, 8.54463], [-83.28432, 8.54455], [-83.28377, 8.54449], [-83.28322, 8.54442], [-83.28267, 8.54436], [-83.28212, 8.54429], [-83.28192, 8.54425], [-83.28157, 8.5442], [-83.28102, 8.54409], [-83.28047, 8.54394], [-83.27992, 8.54373], [-83.27987, 8.54371], [-83.27937, 8.54345], [-83.27895, 8.54317], [-83.27882, 8.54307], [-83.2783, 8.54262], [-83.27827, 8.54259], [-83.2778, 8.54208], [-83.27772, 8.54199], [-83.27734, 8.54153], [-83.27717, 8.54134], [-83.27686, 8.54099], [-83.27662, 8.54072], [-83.27636, 8.54045], [-83.27607, 8.54013], [-83.27586, 8.5399], [-83.27552, 8.53953], [-83.27538, 8.53936], [-83.27497, 8.53884], [-83.27495, 8.53881], [-83.27457, 8.53827], [-83.27442, 8.53805], [-83.27421, 8.53773], [-83.27387, 8.5372], [-83.27386, 8.53718], [-83.27346, 8.53664], [-83.27332, 8.53647], [-83.27299, 8.5361], [-83.27277, 8.53586], [-83.27243, 8.53555], [-83.27222, 8.53536], [-83.27173, 8.53501], [-83.27167, 8.53496], [-83.27112, 8.53463], [-83.27081, 8.53446], [-83.27057, 8.53433], [-83.27002, 8.53404], [-83.2698, 8.53392], [-83.26947, 8.53373], [-83.26892, 8.53339], [-83.2689, 8.53338], [-83.26837, 8.533], [-83.26813, 8.53283], [-83.26782, 8.53258], [-83.26745, 8.53229], [-83.26727, 8.53214], [-83.26679, 8.53174], [-83.26672, 8.53169], [-83.26617, 8.53125], [-83.26612, 8.5312], [-83.26562, 8.53081], [-83.26541, 8.53066], [-83.26507, 8.5304], [-83.26466, 8.53011], [-83.26452, 8.53001], [-83.26397, 8.52966], [-83.26381, 8.52957], [-83.26342, 8.52935], [-83.26287, 8.52908], [-83.26273, 8.52903], [-83.26232, 8.52887], [-83.26178, 8.52872], [-83.26123, 8.52862], [-83.26068, 8.52856], [-83.26013, 8.52854], [-83.25958, 8.52855], [-83.25903, 8.52858], [-83.25848, 8.52862], [-83.25793, 8.52867], [-83.25738, 8.52876], [-83.25683, 8.52888], [-83.25634, 8.52903], [-83.25628, 8.52904], [-83.25573, 8.52924], [-83.25518, 8.52948], [-83.255, 8.52957], [-83.25463, 8.52976], [-83.25408, 8.53007], [-83.254, 8.53011], [-83.25353, 8.5304], [-83.25313, 8.53066], [-83.25298, 8.53075], [-83.25243, 8.53109], [-83.25223, 8.5312], [-83.25188, 8.53139], [-83.25133, 8.53166], [-83.25113, 8.53174], [-83.25078, 8.53189], [-83.25023, 8.53209], [-83.24968, 8.53227], [-83.24961, 8.53229], [-83.24913, 8.53244], [-83.24858, 8.53261], [-83.24803, 8.53278], [-83.24784, 8.53283], [-83.24748, 8.53293], [-83.24693, 8.53307], [-83.24638, 8.53318], [-83.24583, 8.53327], [-83.24528, 8.53333], [-83.24473, 8.53336], [-83.24418, 8.53337], [-83.24363, 8.53336], [-83.24308, 8.53334], [-83.24253, 8.53331], [-83.24198, 8.53326], [-83.24143, 8.5332], [-83.24088, 8.53314], [-83.24033, 8.53305], [-83.23978, 8.53293], [-83.23943, 8.53283], [-83.23923, 8.53278], [-83.23868, 8.53263], [-83.23813, 8.53247], [-83.23758, 8.53233], [-83.2374, 8.53229], [-83.23703, 8.53221], [-83.23648, 8.53212], [-83.23593, 8.53207], [-83.23538, 8.53204], [-83.23483, 8.53204], [-83.23428, 8.53205], [-83.23373, 8.53207], [-83.23318, 8.5321], [-83.23263, 8.53212], [-83.23208, 8.53215], [-83.23154, 8.53217], [-83.23099, 8.5322], [-83.23044, 8.53223], [-83.22989, 8.53228], [-83.22974, 8.53229], [-83.22934, 8.53232], [-83.22879, 8.53237], [-83.22824, 8.53241], [-83.22769, 8.53244], [-83.22714, 8.53246], [-83.22659, 8.53249], [-83.22604, 8.53252], [-83.22549, 8.53253], [-83.22494, 8.53253], [-83.22439, 8.5325], [-83.22384, 8.53243], [-83.22329, 8.5323], [-83.22324, 8.53229], [-83.22274, 8.53212], [-83.22219, 8.53188], [-83.22193, 8.53174], [-83.22164, 8.53159], [-83.22109, 8.53126], [-83.22099, 8.5312], [-83.22054, 8.5309], [-83.22018, 8.53066], [-83.21999, 8.53053], [-83.21944, 8.53013], [-83.21941, 8.53011], [-83.21889, 8.52972], [-83.2187, 8.52957], [-83.21834, 8.52927], [-83.21807, 8.52903], [-83.21779, 8.52876], [-83.2175, 8.52848], [-83.21724, 8.52822], [-83.21697, 8.52794], [-83.21669, 8.52764], [-83.21646, 8.52739], [-83.21614, 8.52703], [-83.21598, 8.52685], [-83.21559, 8.5264], [-83.21551, 8.52631], [-83.21504, 8.52576], [-83.21504, 8.52576], [-83.21457, 8.52522], [-83.21449, 8.52512], [-83.21411, 8.52468], [-83.21394, 8.52447], [-83.21364, 8.52413], [-83.21339, 8.52384], [-83.21316, 8.52359], [-83.21284, 8.52323], [-83.21267, 8.52304], [-83.21229, 8.52264], [-83.21215, 8.5225], [-83.21174, 8.52209], [-83.2116, 8.52196], [-83.21119, 8.52159], [-83.21096, 8.52141], [-83.21064, 8.52116], [-83.21021, 8.52087], [-83.21009, 8.52079], [-83.20954, 8.52049], [-83.20918, 8.52032], [-83.20899, 8.52025], [-83.20844, 8.52005], [-83.20789, 8.51989], [-83.20743, 8.51978], [-83.20734, 8.51976], [-83.20679, 8.51964], [-83.20624, 8.51953], [-83.20569, 8.51942], [-83.20514, 8.51931], [-83.20468, 8.51924], [-83.20459, 8.51922], [-83.20404, 8.51914], [-83.20349, 8.51907], [-83.20294, 8.51899], [-83.20239, 8.51891], [-83.20184, 8.51883], [-83.2013, 8.51874], [-83.20102, 8.51869], [-83.20075, 8.51865], [-83.2002, 8.51856], [-83.19965, 8.51848], [-83.1991, 8.5184], [-83.19855, 8.51833], [-83.198, 8.51826], [-83.19745, 8.51819], [-83.19709, 8.51815], [-83.1969, 8.51813], [-83.19635, 8.51807], [-83.1958, 8.518], [-83.19525, 8.51794], [-83.1947, 8.51789], [-83.19415, 8.51784], [-83.1936, 8.51781], [-83.19305, 8.5178], [-83.1925, 8.51781], [-83.19195, 8.51782], [-83.1914, 8.51784], [-83.19085, 8.51786], [-83.1903, 8.51789], [-83.18975, 8.51793], [-83.1892, 8.51799], [-83.18865, 8.51807], [-83.18821, 8.51815], [-83.1881, 8.51817], [-83.18755, 8.5183], [-83.187, 8.51847], [-83.18645, 8.51865], [-83.18634, 8.51869], [-83.1859, 8.51886], [-83.18535, 8.51908], [-83.18495, 8.51924], [-83.1848, 8.5193], [-83.18425, 8.51952], [-83.1837, 8.51972], [-83.18353, 8.51978], [-83.18315, 8.51992], [-83.1826, 8.52011], [-83.18205, 8.52029], [-83.18193, 8.52032], [-83.1815, 8.52046], [-83.18095, 8.52063], [-83.1804, 8.52078], [-83.18004, 8.52087], [-83.17985, 8.52092], [-83.1793, 8.52105], [-83.17875, 8.52117], [-83.1782, 8.52128], [-83.17765, 8.52139], [-83.17752, 8.52141], [-83.1771, 8.52149], [-83.17655, 8.5216], [-83.176, 8.5217], [-83.17545, 8.52182], [-83.1749, 8.52194], [-83.17483, 8.52196], [-83.17435, 8.52208], [-83.1738, 8.52225], [-83.17325, 8.52243], [-83.17306, 8.5225], [-83.1727, 8.52265], [-83.17215, 8.52289], [-83.17184, 8.52304], [-83.1716, 8.52318], [-83.17106, 8.52353], [-83.17097, 8.52359], [-83.17051, 8.52397], [-83.17032, 8.52413], [-83.16996, 8.52453], [-83.16983, 8.52468], [-83.16948, 8.52522], [-83.16941, 8.52539], [-83.16925, 8.52576], [-83.16912, 8.52631], [-83.16906, 8.52685], [-83.16909, 8.52739], [-83.16918, 8.52794], [-83.16933, 8.52848], [-83.16941, 8.52867], [-83.16954, 8.52903], [-83.1698, 8.52957], [-83.16996, 8.52984], [-83.17011, 8.53011], [-83.17045, 8.53066], [-83.17051, 8.53074], [-83.1708, 8.5312], [-83.17106, 8.53159], [-83.17114, 8.53174], [-83.17147, 8.53229], [-83.1716, 8.53251], [-83.17179, 8.53283], [-83.1721, 8.53338], [-83.17215, 8.53346], [-83.17243, 8.53392], [-83.1727, 8.53434], [-83.17278, 8.53446], [-83.17314, 8.53501], [-83.17325, 8.53518], [-83.1735, 8.53555], [-83.1738, 8.53604], [-83.17384, 8.5361], [-83.17417, 8.53664], [-83.17435, 8.537], [-83.17445, 8.53718], [-83.1747, 8.53773], [-83.1749, 8.53827], [-83.1749, 8.5383], [-83.17507, 8.53881], [-83.17523, 8.53936], [-83.17538, 8.5399], [-83.17545, 8.54016], [-83.17553, 8.54045], [-83.17569, 8.54099], [-83.17585, 8.54153], [-83.176, 8.54199], [-83.17603, 8.54208], [-83.17622, 8.54262], [-83.17641, 8.54317], [-83.17655, 8.54356], [-83.17661, 8.54371], [-83.17681, 8.54425], [-83.177, 8.5448], [-83.1771, 8.54508], [-83.1772, 8.54534], [-83.17739, 8.54588], [-83.17758, 8.54643], [-83.17765, 8.5467], [-83.17773, 8.54697], [-83.17786, 8.54752], [-83.17798, 8.54806], [-83.17811, 8.5486], [-83.1782, 8.54894], [-83.17826, 8.54915], [-83.17845, 8.54969], [-83.1787, 8.55023], [-83.17875, 8.55033], [-83.17901, 8.55078], [-83.1793, 8.55121], [-83.17938, 8.55132], [-83.17982, 8.55187], [-83.17985, 8.55191], [-83.18032, 8.55241], [-83.1804, 8.5525], [-83.18084, 8.55295], [-83.18095, 8.55306], [-83.18138, 8.5535], [-83.1815, 8.55363], [-83.18189, 8.55404], [-83.18205, 8.55422], [-83.18237, 8.55459], [-83.1826, 8.55487], [-83.18281, 8.55513], [-83.18315, 8.55555], [-83.18324, 8.55567], [-83.18367, 8.55622], [-83.1837, 8.55626], [-83.18408, 8.55676], [-83.18425, 8.55698], [-83.18449, 8.5573], [-83.1848, 8.55773], [-83.18488, 8.55785], [-83.18526, 8.55839], [-83.18535, 8.55854], [-83.1856, 8.55894], [-83.18589, 8.55948], [-83.1859, 8.5595], [-83.18614, 8.56002], [-83.18634, 8.56057], [-83.18645, 8.56093], [-83.18651, 8.56111], [-83.18666, 8.56166], [-83.1868, 8.5622], [-83.18695, 8.56274], [-83.187, 8.56291], [-83.18711, 8.56329], [-83.1873, 8.56383], [-83.18752, 8.56437], [-83.18755, 8.56445], [-83.18776, 8.56492], [-83.18801, 8.56546], [-83.1881, 8.56568], [-83.18825, 8.56601], [-83.18847, 8.56655], [-83.18865, 8.56705], [-83.18866, 8.56709], [-83.18884, 8.56764], [-83.18897, 8.56818], [-83.18904, 8.56873], [-83.18907, 8.56927], [-83.18907, 8.56981], [-83.18907, 8.57036], [-83.18909, 8.5709], [-83.18918, 8.57144], [-83.1892, 8.57151], [-83.18938, 8.57199], [-83.18974, 8.57253], [-83.18975, 8.57254], [-83.19026, 8.57308], [-83.1903, 8.57311], [-83.19085, 8.57359], [-83.19088, 8.57362], [-83.1914, 8.57405], [-83.19153, 8.57416], [-83.19195, 8.57452], [-83.19216, 8.57471], [-83.1925, 8.57502], [-83.19274, 8.57525], [-83.19305, 8.57555], [-83.19329, 8.57579], [-83.1936, 8.57611], [-83.19382, 8.57634], [-83.19415, 8.5767], [-83.19431, 8.57688], [-83.1947, 8.57732], [-83.19478, 8.57743], [-83.19523, 8.57797], [-83.19525, 8.57799], [-83.19565, 8.57851], [-83.1958, 8.57872], [-83.19603, 8.57906], [-83.19635, 8.57954], [-83.19639, 8.5796], [-83.19673, 8.58015], [-83.1969, 8.58043], [-83.19705, 8.58069], [-83.19736, 8.58123], [-83.19745, 8.58138], [-83.19767, 8.58178], [-83.19798, 8.58232], [-83.198, 8.58235], [-83.19829, 8.58286], [-83.19855, 8.58331], [-83.1986, 8.58341], [-83.19891, 8.58395], [-83.1991, 8.58429], [-83.19921, 8.5845], [-83.19949, 8.58504], [-83.19965, 8.58535], [-83.19977, 8.58558], [-83.20003, 8.58613], [-83.2002, 8.58649], [-83.20028, 8.58667], [-83.20053, 8.58722], [-83.20075, 8.5877], [-83.20077, 8.58776], [-83.201, 8.5883], [-83.20122, 8.58885], [-83.2013, 8.58905], [-83.20143, 8.58939], [-83.20161, 8.58993], [-83.20178, 8.59048], [-83.20184, 8.59074], [-83.20192, 8.59102], [-83.20204, 8.59157], [-83.20215, 8.59211], [-83.20223, 8.59265], [-83.20231, 8.5932], [-83.20237, 8.59374], [-83.20239, 8.59394], [-83.20243, 8.59429], [-83.20248, 8.59483], [-83.2025, 8.59537], [-83.20252, 8.59592], [-83.20253, 8.59646], [-83.20252, 8.597], [-83.20251, 8.59755], [-83.2025, 8.59809], [-83.20248, 8.59864], [-83.20244, 8.59918], [-83.2024, 8.59972], [-83.20239, 8.59975], [-83.20235, 8.60027], [-83.2023, 8.60081], [-83.20225, 8.60135], [-83.20222, 8.6019], [-83.2022, 8.60244], [-83.2022, 8.60299], [-83.2022, 8.60353], [-83.2022, 8.60407], [-83.2022, 8.60462], [-83.20222, 8.60516], [-83.20225, 8.60571], [-83.2023, 8.60625], [-83.20238, 8.60679], [-83.20239, 8.60685], [-83.2025, 8.60734], [-83.20265, 8.60788], [-83.20284, 8.60842], [-83.20294, 8.60866], [-83.20308, 8.60897], [-83.20335, 8.60951], [-83.20349, 8.60978], [-83.20366, 8.61006], [-83.20401, 8.6106], [-83.20404, 8.61066], [-83.20442, 8.61114], [-83.20459, 8.61137], [-83.20492, 8.61169], [-83.20514, 8.61189], [-83.20569, 8.61221], [-83.20574, 8.61223], [-83.20624, 8.61242], [-83.20679, 8.61258], [-83.20734, 8.61269], [-83.20789, 8.61273], [-83.20844, 8.61269], [-83.20899, 8.61257], [-83.20954, 8.61235], [-83.20973, 8.61223], [-83.21009, 8.61198], [-83.21038, 8.61169], [-83.21064, 8.61137], [-83.21078, 8.61114], [-83.21107, 8.6106], [-83.21119, 8.61035], [-83.21131, 8.61006], [-83.21151, 8.60951], [-83.21171, 8.60897], [-83.21174, 8.60886], [-83.21188, 8.60842], [-83.21204, 8.60788], [-83.21222, 8.60734], [-83.21229, 8.6071], [-83.21239, 8.60679], [-83.21256, 8.60625], [-83.21273, 8.60571], [-83.21284, 8.60535], [-83.2129, 8.60516], [-83.21307, 8.60462], [-83.21324, 8.60407], [-83.21339, 8.60356], [-83.2134, 8.60353], [-83.21356, 8.60299], [-83.21371, 8.60244], [-83.21385, 8.6019], [-83.21394, 8.60151], [-83.21398, 8.60135], [-83.21411, 8.60081], [-83.21424, 8.60027], [-83.21439, 8.59972], [-83.21449, 8.59939], [-83.21456, 8.59918], [-83.21477, 8.59864], [-83.21502, 8.59809], [-83.21504, 8.59806], [-83.21529, 8.59755], [-83.21559, 8.59701], [-83.21559, 8.597], [-83.21592, 8.59646], [-83.21614, 8.59615], [-83.21631, 8.59592], [-83.21669, 8.59545], [-83.21676, 8.59537], [-83.21724, 8.59488], [-83.21729, 8.59483], [-83.21779, 8.5944], [-83.21794, 8.59429], [-83.21834, 8.59401], [-83.21877, 8.59374], [-83.21889, 8.59367], [-83.21944, 8.59337], [-83.21978, 8.5932], [-83.21999, 8.59309], [-83.22054, 8.59281], [-83.22085, 8.59265], [-83.22109, 8.59254], [-83.22164, 8.59229], [-83.22208, 8.59211], [-83.22219, 8.59207], [-83.22274, 8.59188], [-83.22329, 8.59173], [-83.22384, 8.59163], [-83.22439, 8.59158], [-83.22456, 8.59157], [-83.22494, 8.59155], [-83.22549, 8.59154], [-83.22604, 8.59154], [-83.22659, 8.59156], [-83.22691, 8.59157], [-83.22714, 8.59157], [-83.22769, 8.59158], [-83.22824, 8.59159], [-83.22879, 8.5916], [-83.22934, 8.59162], [-83.22989, 8.59164], [-83.23044, 8.59167], [-83.23099, 8.5917], [-83.23154, 8.59173], [-83.23208, 8.59177], [-83.23263, 8.5918], [-83.23318, 8.59185], [-83.23373, 8.5919], [-83.23428, 8.59195], [-83.23483, 8.592], [-83.23538, 8.59206], [-83.23593, 8.59211], [-83.23595, 8.59211], [-83.23648, 8.59216], [-83.23703, 8.59219], [-83.23758, 8.59222], [-83.23813, 8.59225], [-83.23868, 8.59227], [-83.23923, 8.5923], [-83.23978, 8.59235], [-83.24033, 8.5924], [-83.24088, 8.59248], [-83.24143, 8.59258], [-83.24181, 8.59265], [-83.24198, 8.59269], [-83.24253, 8.59282], [-83.24308, 8.59297], [-83.24363, 8.59313], [-83.24383, 8.5932], [-83.24418, 8.59331], [-83.24473, 8.59351], [-83.24528, 8.59372], [-83.24534, 8.59374], [-83.24583, 8.59394], [-83.24638, 8.59417], [-83.24663, 8.59429], [-83.24693, 8.59442], [-83.24748, 8.59468], [-83.24777, 8.59483], [-83.24803, 8.59496], [-83.24858, 8.59524], [-83.24882, 8.59537], [-83.24913, 8.59554], [-83.24968, 8.59584], [-83.24982, 8.59592], [-83.25023, 8.59615], [-83.25074, 8.59646], [-83.25078, 8.59649], [-83.25133, 8.59684], [-83.25158, 8.597], [-83.25188, 8.5972], [-83.25238, 8.59755], [-83.25243, 8.59758], [-83.25298, 8.59796], [-83.25317, 8.59809], [-83.25353, 8.59835], [-83.25395, 8.59864], [-83.25408, 8.59872], [-83.25463, 8.5991], [-83.25474, 8.59918], [-83.25518, 8.59948], [-83.25553, 8.59972], [-83.25573, 8.59986], [-83.25628, 8.60024], [-83.25631, 8.60027], [-83.25683, 8.60062], [-83.2571, 8.60081], [-83.25738, 8.601], [-83.25788, 8.60135], [-83.25793, 8.60138], [-83.25848, 8.60177], [-83.25867, 8.6019], [-83.25903, 8.60215], [-83.25944, 8.60244], [-83.25958, 8.60254], [-83.26013, 8.60293], [-83.26021, 8.60299], [-83.26068, 8.60332], [-83.26097, 8.60353], [-83.26123, 8.60371], [-83.26173, 8.60407], [-83.26178, 8.60411], [-83.26232, 8.60451], [-83.26248, 8.60462], [-83.26287, 8.60492], [-83.26319, 8.60516], [-83.26342, 8.60535], [-83.26387, 8.60571], [-83.26397, 8.60579], [-83.26451, 8.60625], [-83.26452, 8.60626], [-83.26507, 8.60676], [-83.26511, 8.60679], [-83.26562, 8.60729], [-83.26568, 8.60734], [-83.26617, 8.60781], [-83.26625, 8.60788], [-83.26672, 8.60833], [-83.26682, 8.60842], [-83.26727, 8.60885], [-83.2674, 8.60897], [-83.26782, 8.60936], [-83.26799, 8.60951], [-83.26837, 8.60988], [-83.26856, 8.61006], [-83.26892, 8.6104], [-83.26913, 8.6106], [-83.26947, 8.61095], [-83.26967, 8.61114], [-83.27002, 8.61152], [-83.27019, 8.61169], [-83.27057, 8.61211], [-83.27068, 8.61223], [-83.27112, 8.61273], [-83.27116, 8.61278], [-83.27163, 8.61332], [-83.27167, 8.61338], [-83.27207, 8.61386], [-83.27222, 8.61405], [-83.2725, 8.61441], [-83.27277, 8.61476], [-83.27291, 8.61495], [-83.2733, 8.61549], [-83.27332, 8.61552], [-83.27366, 8.61604], [-83.27387, 8.61638], [-83.27399, 8.61658], [-83.2743, 8.61713], [-83.27442, 8.61736], [-83.27458, 8.61767], [-83.27485, 8.61821], [-83.27497, 8.61846], [-83.27511, 8.61876], [-83.27536, 8.6193], [-83.27552, 8.61964], [-83.27561, 8.61984], [-83.27585, 8.62039], [-83.27607, 8.62089], [-83.27609, 8.62093], [-83.27629, 8.62148], [-83.2765, 8.62202], [-83.27662, 8.62232], [-83.27671, 8.62256], [-83.27692, 8.62311], [-83.27715, 8.62365], [-83.27717, 8.6237], [-83.27739, 8.6242], [-83.27765, 8.62474], [-83.27772, 8.62488], [-83.27792, 8.62528], [-83.2782, 8.62583], [-83.27827, 8.62596], [-83.27848, 8.62637], [-83.27876, 8.62691], [-83.27882, 8.62702], [-83.27904, 8.62746], [-83.27933, 8.628], [-83.27937, 8.62808], [-83.27961, 8.62855], [-83.27989, 8.62909], [-83.27992, 8.62916], [-83.28016, 8.62963], [-83.28044, 8.63018], [-83.28047, 8.63024], [-83.28071, 8.63072], [-83.28099, 8.63127], [-83.28102, 8.63132], [-83.28127, 8.63181], [-83.28155, 8.63235], [-83.28157, 8.63239], [-83.28183, 8.6329], [-83.28212, 8.63344], [-83.28212, 8.63344], [-83.2824, 8.63398], [-83.28267, 8.63451], [-83.28268, 8.63453], [-83.28295, 8.63507], [-83.28322, 8.63561], [-83.28322, 8.63562], [-83.2835, 8.63616], [-83.28377, 8.63668], [-83.28378, 8.6367], [-83.28408, 8.63725], [-83.28432, 8.63766], [-83.2844, 8.63779], [-83.28474, 8.63834], [-83.28487, 8.63853], [-83.28509, 8.63888], [-83.28542, 8.63937], [-83.28545, 8.63942], [-83.28581, 8.63997], [-83.28597, 8.64019], [-83.28618, 8.64051], [-83.28652, 8.64099], [-83.28656, 8.64105], [-83.28696, 8.6416], [-83.28707, 8.64174], [-83.28739, 8.64214], [-83.28762, 8.6424], [-83.28788, 8.64269], [-83.28817, 8.64296], [-83.28847, 8.64323], [-83.28872, 8.64344], [-83.28918, 8.64377], [-83.28927, 8.64383], [-83.28982, 8.64415], [-83.29015, 8.64432], [-83.29037, 8.64442], [-83.29092, 8.64464], [-83.29147, 8.64482], [-83.29159, 8.64486], [-83.29202, 8.64498], [-83.29256, 8.64514], [-83.29311, 8.64529], [-83.29349, 8.6454], [-83.29366, 8.64545], [-83.29421, 8.64561], [-83.29476, 8.64575], [-83.29531, 8.64587], [-83.29562, 8.64595], [-83.29586, 8.646], [-83.29641, 8.64614], [-83.29696, 8.6463], [-83.29747, 8.64649], [-83.29751, 8.64651], [-83.29806, 8.64676], [-83.29847, 8.64704], [-83.29861, 8.64713], [-83.29906, 8.64758], [-83.29916, 8.64769], [-83.29946, 8.64812], [-83.29971, 8.64858], [-83.29975, 8.64867], [-83.29997, 8.64921], [-83.30016, 8.64976], [-83.30026, 8.65009], [-83.30032, 8.6503], [-83.30049, 8.65084], [-83.30067, 8.65139], [-83.30081, 8.65177], [-83.30087, 8.65193], [-83.30111, 8.65247], [-83.30136, 8.65299], [-83.30138, 8.65302], [-83.30172, 8.65356], [-83.30191, 8.65384], [-83.30215, 8.65411], [-83.30246, 8.65443], [-83.30272, 8.65465], [-83.30301, 8.65487], [-83.30351, 8.65519], [-83.30356, 8.65522], [-83.30411, 8.65549], [-83.30466, 8.65573], [-83.30469, 8.65574], [-83.30521, 8.65592], [-83.30576, 8.65609], [-83.30631, 8.65625], [-83.30644, 8.65628], [-83.30686, 8.65639], [-83.30741, 8.65654], [-83.30796, 8.6567], [-83.30842, 8.65683], [-83.30851, 8.65685], [-83.30906, 8.65701], [-83.30961, 8.65715], [-83.31016, 8.65728], [-83.31069, 8.65737], [-83.31071, 8.65737], [-83.31126, 8.65742], [-83.31181, 8.65739], [-83.3119, 8.65737], [-83.31236, 8.65727], [-83.31291, 8.65706], [-83.31333, 8.65683], [-83.31346, 8.65674], [-83.31401, 8.6563], [-83.31403, 8.65628], [-83.3145, 8.65574], [-83.31456, 8.65564], [-83.31483, 8.65519], [-83.31503, 8.65465], [-83.31511, 8.65422], [-83.31513, 8.65411], [-83.31518, 8.65356], [-83.31518, 8.65302], [-83.31516, 8.65247], [-83.31512, 8.65193], [-83.31511, 8.65168], [-83.31509, 8.65139], [-83.31507, 8.65084], [-83.31506, 8.6503], [-83.31501, 8.64976], [-83.31494, 8.64921], [-83.31485, 8.64867], [-83.31477, 8.64812], [-83.3147, 8.64758], [-83.31467, 8.64704], [-83.31473, 8.64649], [-83.3149, 8.64595], [-83.31511, 8.64558], [-83.31523, 8.6454], [-83.31566, 8.64499], [-83.31583, 8.64486], [-83.31621, 8.64462], [-83.31675, 8.64432], [-83.31676, 8.64431], [-83.31731, 8.64408], [-83.31786, 8.6439], [-83.31838, 8.64377], [-83.31841, 8.64377], [-83.31896, 8.64369], [-83.31951, 8.64367], [-83.32006, 8.64371], [-83.32038, 8.64377], [-83.32061, 8.64382], [-83.32116, 8.64402], [-83.32171, 8.64428], [-83.32176, 8.64432], [-83.32226, 8.64463], [-83.32257, 8.64486], [-83.32281, 8.64506], [-83.3232, 8.6454], [-83.32335, 8.64557], [-83.32373, 8.64595], [-83.3239, 8.64618], [-83.32419, 8.64649], [-83.32445, 8.64686], [-83.3246, 8.64704], [-83.32498, 8.64758], [-83.325, 8.64762], [-83.32531, 8.64812], [-83.32555, 8.64857], [-83.32561, 8.64867], [-83.32587, 8.64921], [-83.3261, 8.64973], [-83.32612, 8.64976], [-83.32635, 8.6503], [-83.32658, 8.65084], [-83.32665, 8.65107], [-83.32676, 8.65139], [-83.32692, 8.65193], [-83.32706, 8.65247], [-83.32719, 8.65302], [-83.3272, 8.65308], [-83.32732, 8.65356], [-83.32748, 8.65411], [-83.32766, 8.65465], [-83.32775, 8.65489], [-83.32787, 8.65519], [-83.3281, 8.65574], [-83.3283, 8.65623], [-83.32833, 8.65628], [-83.32857, 8.65683], [-83.32882, 8.65737], [-83.32885, 8.65743], [-83.32909, 8.65791], [-83.32938, 8.65846], [-83.3294, 8.65849], [-83.32969, 8.659], [-83.32995, 8.65942], [-83.33003, 8.65954], [-83.33037, 8.66009], [-83.3305, 8.66028], [-83.33073, 8.66063], [-83.33105, 8.6611], [-83.3311, 8.66118], [-83.33148, 8.66172], [-83.3316, 8.6619], [-83.33186, 8.66226], [-83.33215, 8.66267], [-83.33225, 8.66281], [-83.33265, 8.66335], [-83.3327, 8.66342], [-83.33306, 8.6639], [-83.33325, 8.66413], [-83.33349, 8.66444], [-83.3338, 8.66482], [-83.33393, 8.66498], [-83.33435, 8.66549], [-83.33438, 8.66553], [-83.33484, 8.66607], [-83.3349, 8.66614], [-83.3353, 8.66661], [-83.33545, 8.66679], [-83.33576, 8.66716], [-83.336, 8.66743], [-83.33624, 8.6677], [-83.33655, 8.66805], [-83.33672, 8.66825], [-83.3371, 8.66864], [-83.33724, 8.66879], [-83.33765, 8.6692], [-83.33778, 8.66933], [-83.3382, 8.66973], [-83.33836, 8.66988], [-83.33875, 8.67023], [-83.33897, 8.67042], [-83.3393, 8.6707], [-83.33963, 8.67096], [-83.33985, 8.67114], [-83.34034, 8.67151], [-83.3404, 8.67155], [-83.34095, 8.67194], [-83.34111, 8.67205], [-83.3415, 8.67231], [-83.34195, 8.6726], [-83.34205, 8.67265], [-83.3426, 8.67297], [-83.3429, 8.67314], [-83.34315, 8.67327], [-83.3437, 8.67354], [-83.34399, 8.67368], [-83.34425, 8.6738], [-83.3448, 8.67405], [-83.34519, 8.67423], [-83.34535, 8.6743], [-83.3459, 8.67454], [-83.3464, 8.67477], [-83.34645, 8.67479], [-83.347, 8.67503], [-83.34755, 8.67526], [-83.34768, 8.67532], [-83.3481, 8.67548], [-83.34865, 8.6757], [-83.34903, 8.67586], [-83.3492, 8.67593], [-83.34975, 8.67617], [-83.35022, 8.6764], [-83.3503, 8.67644], [-83.35085, 8.67674], [-83.35116, 8.67695], [-83.3514, 8.67708], [-83.35195, 8.67746], [-83.35198, 8.67749], [-83.3525, 8.67787], [-83.35269, 8.67803], [-83.35305, 8.67833], [-83.35331, 8.67858], [-83.35359, 8.67885], [-83.35386, 8.67912], [-83.35414, 8.67945], [-83.35433, 8.67967], [-83.35469, 8.68015], [-83.35474, 8.68021], [-83.35508, 8.68075], [-83.35524, 8.6811], [-83.35534, 8.6813], [-83.35554, 8.68184], [-83.35568, 8.68239], [-83.35579, 8.68291], [-83.3558, 8.68293], [-83.35589, 8.68347], [-83.35597, 8.68402], [-83.35605, 8.68456], [-83.35615, 8.6851], [-83.35626, 8.68565], [-83.35634, 8.68607], [-83.35637, 8.68619], [-83.35647, 8.68674], [-83.35656, 8.68728], [-83.35666, 8.68782], [-83.35676, 8.68837], [-83.35688, 8.68891], [-83.35689, 8.68898], [-83.35701, 8.68945], [-83.35716, 8.69], [-83.35733, 8.69054], [-83.35744, 8.69089], [-83.35751, 8.69109], [-83.3577, 8.69163], [-83.3579, 8.69217], [-83.35799, 8.69242], [-83.35811, 8.69272], [-83.35834, 8.69326], [-83.35854, 8.69373], [-83.35858, 8.69381], [-83.35883, 8.69435], [-83.35909, 8.69486], [-83.35911, 8.69489], [-83.35941, 8.69544], [-83.35964, 8.69583], [-83.35973, 8.69598], [-83.36006, 8.69652], [-83.36019, 8.69673], [-83.36041, 8.69707], [-83.36074, 8.69758], [-83.36077, 8.69761], [-83.36114, 8.69816], [-83.36129, 8.69838], [-83.36152, 8.6987], [-83.36184, 8.69913], [-83.36193, 8.69924], [-83.36236, 8.69979], [-83.36239, 8.69982], [-83.36284, 8.70033], [-83.36294, 8.70044], [-83.36336, 8.70088], [-83.36349, 8.701], [-83.36394, 8.70142], [-83.36404, 8.70151], [-83.36457, 8.70196], [-83.36459, 8.70198], [-83.36514, 8.70242], [-83.36525, 8.70251], [-83.36569, 8.70284], [-83.36599, 8.70305], [-83.36624, 8.70322], [-83.36679, 8.70358], [-83.36682, 8.70359], [-83.36734, 8.7039], [-83.36777, 8.70414], [-83.36789, 8.7042], [-83.36844, 8.70447], [-83.36893, 8.70468], [-83.36899, 8.70471], [-83.36954, 8.70493], [-83.37009, 8.70513], [-83.37039, 8.70523], [-83.37064, 8.70531], [-83.37119, 8.70547], [-83.37174, 8.70561], [-83.37229, 8.70574], [-83.37245, 8.70577], [-83.37284, 8.70585], [-83.37339, 8.70594], [-83.37394, 8.70601], [-83.37449, 8.70606], [-83.37504, 8.70611], [-83.37559, 8.70615], [-83.37614, 8.70619], [-83.37669, 8.70624], [-83.37724, 8.70629], [-83.37742, 8.70631], [-83.37779, 8.70635], [-83.37834, 8.70641], [-83.37889, 8.70647], [-83.37944, 8.70654], [-83.37999, 8.70661], [-83.38054, 8.70669], [-83.38109, 8.70679], [-83.38143, 8.70686], [-83.38164, 8.7069], [-83.38219, 8.70703], [-83.38274, 8.70718], [-83.38329, 8.70735], [-83.38342, 8.7074], [-83.38383, 8.70754], [-83.38438, 8.70774], [-83.3849, 8.70795], [-83.38493, 8.70796], [-83.38548, 8.70818], [-83.38603, 8.70841], [-83.38621, 8.70849], [-83.38658, 8.70865], [-83.38713, 8.70891], [-83.38738, 8.70903], [-83.38768, 8.70918], [-83.38823, 8.70947], [-83.38844, 8.70958], [-83.38878, 8.70976], [-83.38933, 8.71006], [-83.38946, 8.71012], [-83.38988, 8.71035], [-83.39043, 8.71064], [-83.39047, 8.71066], [-83.39098, 8.71094], [-83.39151, 8.71121], [-83.39153, 8.71122], [-83.39208, 8.7115], [-83.39258, 8.71175], [-83.39263, 8.71178], [-83.39318, 8.71204], [-83.39373, 8.71229], [-83.39374, 8.7123], [-83.39428, 8.71253], [-83.39483, 8.71277], [-83.39501, 8.71284], [-83.39538, 8.71299], [-83.39593, 8.71321], [-83.39638, 8.71338], [-83.39648, 8.71342], [-83.39703, 8.71361], [-83.39758, 8.71379], [-83.39804, 8.71393], [-83.39813, 8.71395], [-83.39868, 8.71409], [-83.39923, 8.71421], [-83.39978, 8.71431], [-83.40033, 8.71442], [-83.40065, 8.71447], [-83.40088, 8.71451], [-83.40143, 8.71459], [-83.40198, 8.71464], [-83.40253, 8.71465], [-83.40308, 8.71463], [-83.40363, 8.71455]]}}, {"type": "Feature", "properties": {"depth_m": 100}, "geometry": {"type": "LineString", "coordinates": [[-83.38224, 8.6819], [-83.38219, 8.68189], [-83.38216, 8.68184], [-83.38219, 8.68167], [-83.38263, 8.6813], [-83.38274, 8.68125], [-83.38329, 8.68104], [-83.38383, 8.68104], [-83.38438, 8.68129], [-83.38439, 8.6813], [-83.38493, 8.68161], [-83.38522, 8.68184], [-83.38493, 8.68206], [-83.38465, 8.68212]]}}, {"type": "Feature", "properties": {"depth_m": 100}, "geometry": {"type": "LineString", "coordinates": [[-83.33109, 8.62528], [-83.33105, 8.62536], [-83.3305, 8.62554], [-83.32995, 8.62561], [-83.3294, 8.62563], [-83.32885, 8.62558], [-83.3283, 8.62537], [-83.32811, 8.62528], [-83.3283, 8.62519], [-83.32885, 8.62502], [-83.3294, 8.62501], [-83.32995, 8.62506], [-83.3305, 8.62513], [-83.33105, 8.62524], [-83.33109, 8.62528]]}}, {"type": "Feature", "properties": {"depth_m": 125}, "geometry": {"type": "LineString", "coordinates": [[-83.40473, 8.71232], [-83.40481, 8.7123], [-83.40528, 8.71218], [-83.40583, 8.71202], [-83.40638, 8.71184], [-83.40661, 8.71175], [-83.40693, 8.71163], [-83.40748, 8.7114], [-83.40788, 8.71121], [-83.40803, 8.71114], [-83.40858, 8.71085], [-83.40888, 8.71066], [-83.40913, 8.71052], [-83.40968, 8.71017], [-83.40975, 8.71012], [-83.41023, 8.70981], [-83.41057, 8.70958], [-83.41078, 8.70944], [-83.41133, 8.70907], [-83.41139, 8.70903], [-83.41188, 8.70872], [-83.41229, 8.70849], [-83.41243, 8.70841], [-83.41298, 8.70813], [-83.41335, 8.70795], [-83.41353, 8.70786], [-83.41407, 8.70762], [-83.41459, 8.7074], [-83.41462, 8.70739], [-83.41517, 8.70717], [-83.41572, 8.70696], [-83.41599, 8.70686], [-83.41627, 8.70676], [-83.41682, 8.70656], [-83.41737, 8.70637], [-83.41753, 8.70631], [-83.41792, 8.70619], [-83.41847, 8.70602], [-83.41902, 8.70584], [-83.41921, 8.70577], [-83.41957, 8.70564], [-83.42012, 8.70541], [-83.42053, 8.70523], [-83.42067, 8.70516], [-83.42122, 8.70487], [-83.42153, 8.70468], [-83.42177, 8.70453], [-83.42232, 8.70416], [-83.42235, 8.70414], [-83.42287, 8.70377], [-83.42313, 8.70359], [-83.42342, 8.70339], [-83.42395, 8.70305], [-83.42397, 8.70303], [-83.42452, 8.70269], [-83.42487, 8.70251], [-83.42507, 8.7024], [-83.42562, 8.70214], [-83.42601, 8.70196], [-83.42617, 8.7019], [-83.42672, 8.70166], [-83.42723, 8.70142], [-83.42727, 8.7014], [-83.42782, 8.70113], [-83.42828, 8.70088], [-83.42837, 8.70083], [-83.42892, 8.70049], [-83.42919, 8.70033], [-83.42947, 8.70014], [-83.43001, 8.69979], [-83.43002, 8.69978], [-83.43057, 8.69941], [-83.43081, 8.69924], [-83.43112, 8.699], [-83.4315, 8.6987], [-83.43167, 8.69855], [-83.4321, 8.69816], [-83.43222, 8.69802], [-83.43261, 8.69761], [-83.43277, 8.69742], [-83.43307, 8.69707], [-83.43332, 8.69673], [-83.43348, 8.69652], [-83.43387, 8.69598], [-83.43387, 8.69598], [-83.43424, 8.69544], [-83.43442, 8.69514], [-83.43459, 8.69489], [-83.43491, 8.69435], [-83.43497, 8.69424], [-83.43521, 8.69381], [-83.43546, 8.69326], [-83.43552, 8.69312], [-83.43567, 8.69272], [-83.43583, 8.69217], [-83.43594, 8.69163], [-83.43601, 8.69109], [-83.43603, 8.69054], [-83.43601, 8.69], [-83.43595, 8.68945], [-83.43586, 8.68891], [-83.43574, 8.68837], [-83.43557, 8.68782], [-83.43552, 8.68771], [-83.43535, 8.68728], [-83.43508, 8.68674], [-83.43497, 8.68655], [-83.43476, 8.68619], [-83.43442, 8.68569], [-83.43439, 8.68565], [-83.43399, 8.6851], [-83.43387, 8.68496], [-83.43355, 8.68456], [-83.43332, 8.6843], [-83.43307, 8.68402], [-83.43277, 8.6837], [-83.43256, 8.68347], [-83.43222, 8.68313], [-83.43202, 8.68293], [-83.43167, 8.6826], [-83.43145, 8.68239], [-83.43112, 8.68207], [-83.43087, 8.68184], [-83.43057, 8.68155], [-83.43031, 8.6813], [-83.43002, 8.68101], [-83.42977, 8.68075], [-83.42947, 8.68045], [-83.42924, 8.68021], [-83.42892, 8.67989], [-83.42869, 8.67967], [-83.42837, 8.67934], [-83.42815, 8.67912], [-83.42782, 8.67878], [-83.42763, 8.67858], [-83.42727, 8.67817], [-83.42715, 8.67803], [-83.42673, 8.67749], [-83.42672, 8.67747], [-83.42641, 8.67695], [-83.42617, 8.6764], [-83.42617, 8.6764], [-83.42604, 8.67586], [-83.42598, 8.67532], [-83.42597, 8.67477], [-83.42601, 8.67423], [-83.42606, 8.67368], [-83.42612, 8.67314], [-83.42617, 8.67261], [-83.42617, 8.6726], [-83.42621, 8.67205], [-83.42628, 8.67151], [-83.42639, 8.67096], [-83.42654, 8.67042], [-83.42672, 8.66988], [-83.42672, 8.66986], [-83.42691, 8.66933], [-83.42704, 8.66879], [-83.42704, 8.66825], [-83.42684, 8.6677], [-83.42672, 8.66753], [-83.42652, 8.66716], [-83.42617, 8.66661], [-83.42617, 8.66661], [-83.42589, 8.66607], [-83.42562, 8.66553], [-83.42562, 8.66553], [-83.42539, 8.66498], [-83.42518, 8.66444], [-83.42507, 8.66414], [-83.42499, 8.6639], [-83.42482, 8.66335], [-83.42465, 8.66281], [-83.42452, 8.66238], [-83.42449, 8.66226], [-83.42431, 8.66172], [-83.42414, 8.66118], [-83.42397, 8.66063], [-83.42397, 8.66063], [-83.4238, 8.66009], [-83.42362, 8.65954], [-83.42345, 8.659], [-83.42342, 8.6589], [-83.42328, 8.65846], [-83.42311, 8.65791], [-83.42293, 8.65737], [-83.42287, 8.6572], [-83.42273, 8.65683], [-83.42251, 8.65628], [-83.42232, 8.65585], [-83.42227, 8.65574], [-83.42201, 8.65519], [-83.42177, 8.65475], [-83.42172, 8.65465], [-83.42144, 8.65411], [-83.42122, 8.65371], [-83.42114, 8.65356], [-83.42083, 8.65302], [-83.42067, 8.65275], [-83.4205, 8.65247], [-83.42014, 8.65193], [-83.42012, 8.65191], [-83.41974, 8.65139], [-83.41957, 8.65117], [-83.41931, 8.65084], [-83.41902, 8.65049], [-83.41887, 8.6503], [-83.41847, 8.64985], [-83.41839, 8.64976], [-83.41792, 8.64924], [-83.4179, 8.64921], [-83.41742, 8.64867], [-83.41737, 8.64861], [-83.41696, 8.64812], [-83.41682, 8.64795], [-83.41652, 8.64758], [-83.41627, 8.64726], [-83.4161, 8.64704], [-83.41572, 8.64652], [-83.4157, 8.64649], [-83.41533, 8.64595], [-83.41517, 8.64571], [-83.41497, 8.6454], [-83.41463, 8.64486], [-83.41462, 8.64486], [-83.41429, 8.64432], [-83.41407, 8.64395], [-83.41396, 8.64377], [-83.41364, 8.64323], [-83.41353, 8.64303], [-83.41332, 8.64269], [-83.41299, 8.64214], [-83.41298, 8.64211], [-83.41268, 8.6416], [-83.41243, 8.64114], [-83.41237, 8.64105], [-83.41208, 8.64051], [-83.41188, 8.64013], [-83.41179, 8.63997], [-83.41149, 8.63942], [-83.41133, 8.63912], [-83.41119, 8.63888], [-83.41089, 8.63834], [-83.41078, 8.63813], [-83.41059, 8.63779], [-83.4103, 8.63725], [-83.41023, 8.63708], [-83.41006, 8.6367], [-83.40986, 8.63616], [-83.40969, 8.63562], [-83.40968, 8.63556], [-83.40954, 8.63507], [-83.40939, 8.63453], [-83.40923, 8.63398], [-83.40913, 8.63373], [-83.40902, 8.63344], [-83.40877, 8.6329], [-83.40858, 8.6325], [-83.4085, 8.63235], [-83.40822, 8.63181], [-83.40803, 8.63147], [-83.40791, 8.63127], [-83.40757, 8.63072], [-83.40748, 8.63058], [-83.40721, 8.63018], [-83.40693, 8.6298], [-83.4068, 8.62963], [-83.40638, 8.6291], [-83.40637, 8.62909], [-83.40589, 8.62855], [-83.40583, 8.62848], [-83.40537, 8.628], [-83.40528, 8.62791], [-83.40481, 8.62746], [-83.40473, 8.62739], [-83.40421, 8.62691], [-83.40418, 8.62688], [-83.40363, 8.6264], [-83.40359, 8.62637], [-83.40308, 8.62593], [-83.40295, 8.62583], [-83.40253, 8.62547], [-83.4023, 8.62528], [-83.40198, 8.62501], [-83.40164, 8.62474], [-83.40143, 8.62457], [-83.40096, 8.6242], [-83.40088, 8.62414], [-83.40033, 8.62372], [-83.40023, 8.62365], [-83.39978, 8.62333], [-83.39946, 8.62311], [-83.39923, 8.62295], [-83.39868, 8.62259], [-83.39864, 8.62256], [-83.39813, 8.62224], [-83.39779, 8.62202], [-83.39758, 8.62189], [-83.39703, 8.62155], [-83.39691, 8.62148], [-83.39648, 8.62122], [-83.396, 8.62093], [-83.39593, 8.62089], [-83.39538, 8.62057], [-83.39506, 8.62039], [-83.39483, 8.62025], [-83.39428, 8.61995], [-83.3941, 8.61984], [-83.39373, 8.61964], [-83.39318, 8.61935], [-83.39309, 8.6193], [-83.39263, 8.61906], [-83.39208, 8.61877], [-83.39205, 8.61876], [-83.39153, 8.61849], [-83.39099, 8.61821], [-83.39098, 8.61821], [-83.39043, 8.61793], [-83.38991, 8.61767], [-83.38988, 8.61765], [-83.38933, 8.61738], [-83.38879, 8.61713], [-83.38878, 8.61712], [-83.38823, 8.61687], [-83.38768, 8.61662], [-83.38759, 8.61658], [-83.38713, 8.61638], [-83.38658, 8.61614], [-83.38636, 8.61604], [-83.38603, 8.61589], [-83.38548, 8.61564], [-83.38515, 8.61549], [-83.38493, 8.61539], [-83.38438, 8.61514], [-83.38398, 8.61495], [-83.38383, 8.61488], [-83.38329, 8.61462], [-83.38286, 8.61441], [-83.38274, 8.61434], [-83.38219, 8.61406], [-83.3818, 8.61386], [-83.38164, 8.61378], [-83.38109, 8.61349], [-83.38077, 8.61332], [-83.38054, 8.61319], [-83.37999, 8.6129], [-83.37976, 8.61278], [-83.37944, 8.6126], [-83.37889, 8.61231], [-83.37873, 8.61223], [-83.37834, 8.61202], [-83.37779, 8.61174], [-83.37768, 8.61169], [-83.37724, 8.61146], [-83.37669, 8.61118], [-83.37661, 8.61114], [-83.37614, 8.6109], [-83.37559, 8.61062], [-83.37555, 8.6106], [-83.37504, 8.61032], [-83.37459, 8.61006], [-83.37449, 8.60999], [-83.37394, 8.60963], [-83.37377, 8.60951], [-83.37339, 8.60923], [-83.37304, 8.60897], [-83.37284, 8.60881], [-83.37235, 8.60842], [-83.37229, 8.60838], [-83.37174, 8.60796], [-83.37164, 8.60788], [-83.37119, 8.60756], [-83.37087, 8.60734], [-83.37064, 8.60718], [-83.37009, 8.60683], [-83.37004, 8.60679], [-83.36954, 8.60649], [-83.36914, 8.60625], [-83.36899, 8.60616], [-83.36844, 8.60583], [-83.36823, 8.60571], [-83.36789, 8.6055], [-83.36734, 8.60518], [-83.36732, 8.60516], [-83.36679, 8.60484], [-83.36644, 8.60462], [-83.36624, 8.60449], [-83.36569, 8.60412], [-83.36562, 8.60407], [-83.36514, 8.60376], [-83.36479, 8.60353], [-83.36459, 8.60341], [-83.36404, 8.60308], [-83.36388, 8.60299], [-83.36349, 8.60279], [-83.36294, 8.60253], [-83.36273, 8.60244], [-83.36239, 8.60231], [-83.36184, 8.6021], [-83.36133, 8.6019], [-83.36129, 8.60189], [-83.36074, 8.60167], [-83.36019, 8.60145], [-83.36, 8.60135], [-83.35964, 8.60119], [-83.35909, 8.60092], [-83.35887, 8.60081], [-83.35854, 8.60064], [-83.35799, 8.60034], [-83.35786, 8.60027], [-83.35744, 8.60001], [-83.357, 8.59972], [-83.35689, 8.59965], [-83.35634, 8.59925], [-83.35624, 8.59918], [-83.35579, 8.59885], [-83.35552, 8.59864], [-83.35524, 8.59844], [-83.35477, 8.59809], [-83.35469, 8.59804], [-83.35414, 8.59767], [-83.35396, 8.59755], [-83.35359, 8.59732], [-83.35309, 8.597], [-83.35305, 8.59698], [-83.3525, 8.59666], [-83.35216, 8.59646], [-83.35195, 8.59634], [-83.3514, 8.59604], [-83.35118, 8.59592], [-83.35085, 8.59574], [-83.3503, 8.59544], [-83.35017, 8.59537], [-83.34975, 8.59515], [-83.3492, 8.59485], [-83.34915, 8.59483], [-83.34865, 8.59458], [-83.3481, 8.59431], [-83.34805, 8.59429], [-83.34755, 8.59405], [-83.347, 8.59381], [-83.34682, 8.59374], [-83.34645, 8.59359], [-83.3459, 8.59337], [-83.34545, 8.5932], [-83.34535, 8.59316], [-83.3448, 8.59294], [-83.34425, 8.59272], [-83.34407, 8.59265], [-83.3437, 8.59251], [-83.34315, 8.5923], [-83.34267, 8.59211], [-83.3426, 8.59208], [-83.34205, 8.59188], [-83.3415, 8.59169], [-83.34111, 8.59157], [-83.34095, 8.59151], [-83.3404, 8.59135], [-83.33985, 8.59118], [-83.33932, 8.59102], [-83.3393, 8.59102], [-83.33875, 8.59085], [-83.3382, 8.59067], [-83.33766, 8.59048], [-83.33765, 8.59048], [-83.3371, 8.59027], [-83.33655, 8.59006], [-83.33625, 8.58993], [-83.336, 8.58983], [-83.33545, 8.5896], [-83.33497, 8.58939], [-83.3349, 8.58936], [-83.33435, 8.58912], [-83.3338, 8.58887], [-83.33376, 8.58885], [-83.33325, 8.58861], [-83.3327, 8.58835], [-83.33261, 8.5883], [-83.33215, 8.58808], [-83.3316, 8.58782], [-83.33149, 8.58776], [-83.33105, 8.58754], [-83.3305, 8.58727], [-83.3304, 8.58722], [-83.32995, 8.58699], [-83.3294, 8.5867], [-83.32935, 8.58667], [-83.32885, 8.5864], [-83.32835, 8.58613], [-83.3283, 8.5861], [-83.32775, 8.5858], [-83.32736, 8.58558], [-83.3272, 8.5855], [-83.32665, 8.58521], [-83.32633, 8.58504], [-83.3261, 8.58492], [-83.32555, 8.58464], [-83.32529, 8.5845], [-83.325, 8.58435], [-83.32445, 8.58406], [-83.32427, 8.58395], [-83.3239, 8.58374], [-83.32338, 8.58341], [-83.32335, 8.58339], [-83.32281, 8.58304], [-83.32255, 8.58286], [-83.32226, 8.58267], [-83.32171, 8.58232], [-83.32171, 8.58231], [-83.32116, 8.58195], [-83.32089, 8.58178], [-83.32061, 8.58158], [-83.32011, 8.58123], [-83.32006, 8.58119], [-83.31951, 8.58076], [-83.31943, 8.58069], [-83.31896, 8.58025], [-83.31885, 8.58015], [-83.31841, 8.57968], [-83.31833, 8.5796], [-83.31786, 8.57906], [-83.31786, 8.57905], [-83.31742, 8.57851], [-83.31731, 8.57837], [-83.317, 8.57797], [-83.31676, 8.57765], [-83.31659, 8.57743], [-83.31621, 8.57691], [-83.31619, 8.57688], [-83.31579, 8.57634], [-83.31566, 8.57615], [-83.31541, 8.57579], [-83.31511, 8.57535], [-83.31504, 8.57525], [-83.3147, 8.57471], [-83.31456, 8.57448], [-83.31437, 8.57416], [-83.31404, 8.57362], [-83.31401, 8.57357], [-83.31369, 8.57308], [-83.31346, 8.57273], [-83.31332, 8.57253], [-83.31291, 8.572], [-83.3129, 8.57199], [-83.31238, 8.57144], [-83.31236, 8.57142], [-83.31181, 8.57095], [-83.31174, 8.5709], [-83.31126, 8.57055], [-83.31096, 8.57036], [-83.31071, 8.5702], [-83.31016, 8.56987], [-83.31006, 8.56981], [-83.30961, 8.56955], [-83.30915, 8.56927], [-83.30906, 8.56921], [-83.30851, 8.56886], [-83.30832, 8.56873], [-83.30796, 8.56846], [-83.3076, 8.56818], [-83.30741, 8.56803], [-83.30696, 8.56764], [-83.30686, 8.56755], [-83.30636, 8.56709], [-83.30631, 8.56705], [-83.3058, 8.56655], [-83.30576, 8.56651], [-83.30523, 8.56601], [-83.30521, 8.56599], [-83.30466, 8.56548], [-83.30464, 8.56546], [-83.30411, 8.56501], [-83.304, 8.56492], [-83.30356, 8.56455], [-83.30335, 8.56437], [-83.30301, 8.56407], [-83.30273, 8.56383], [-83.30246, 8.56357], [-83.30218, 8.56329], [-83.30191, 8.563], [-83.30168, 8.56274], [-83.30136, 8.56239], [-83.30119, 8.5622], [-83.30081, 8.56178], [-83.30069, 8.56166], [-83.30026, 8.56123], [-83.30014, 8.56111], [-83.29971, 8.56071], [-83.29954, 8.56057], [-83.29916, 8.56023], [-83.29892, 8.56002], [-83.29861, 8.55973], [-83.29834, 8.55948], [-83.29806, 8.55918], [-83.29784, 8.55894], [-83.29751, 8.55853], [-83.2974, 8.55839], [-83.297, 8.55785], [-83.29696, 8.5578], [-83.2966, 8.5573], [-83.29641, 8.55705], [-83.29619, 8.55676], [-83.29586, 8.55635], [-83.29575, 8.55622], [-83.29531, 8.55571], [-83.29528, 8.55567], [-83.2948, 8.55513], [-83.29476, 8.55508], [-83.29433, 8.55459], [-83.29421, 8.55444], [-83.29387, 8.55404], [-83.29366, 8.55378], [-83.29343, 8.5535], [-83.29311, 8.5531], [-83.293, 8.55295], [-83.29259, 8.55241], [-83.29256, 8.55237], [-83.29219, 8.55187], [-83.29202, 8.55162], [-83.29179, 8.55132], [-83.29147, 8.5509], [-83.29137, 8.55078], [-83.29094, 8.55023], [-83.29092, 8.5502], [-83.29052, 8.54969], [-83.29037, 8.54948], [-83.29009, 8.54915], [-83.28982, 8.54884], [-83.28958, 8.5486], [-83.28927, 8.54833], [-83.2889, 8.54806], [-83.28872, 8.54795], [-83.28817, 8.54767], [-83.28781, 8.54752], [-83.28762, 8.54745], [-83.28707, 8.54728], [-83.28652, 8.54711], [-83.28608, 8.54697], [-83.28597, 8.54694], [-83.28542, 8.5468], [-83.28487, 8.54663], [-83.28432, 8.54645], [-83.28427, 8.54643], [-83.28377, 8.5463], [-83.28322, 8.54616], [-83.28267, 8.54602], [-83.28214, 8.54588], [-83.28212, 8.54588], [-83.28157, 8.54576], [-83.28102, 8.54562], [-83.28047, 8.54547], [-83.28009, 8.54534], [-83.27992, 8.54529], [-83.27937, 8.54507], [-83.27882, 8.5448], [-83.27882, 8.5448], [-83.27827, 8.54447], [-83.27797, 8.54425], [-83.27772, 8.54406], [-83.27733, 8.54371], [-83.27717, 8.54355], [-83.27681, 8.54317], [-83.27662, 8.54295], [-83.27633, 8.54262], [-83.27607, 8.54232], [-83.27587, 8.54208], [-83.27552, 8.54168], [-83.2754, 8.54153], [-83.27497, 8.54103], [-83.27494, 8.54099], [-83.2745, 8.54045], [-83.27442, 8.54035], [-83.27408, 8.5399], [-83.27387, 8.53962], [-83.27368, 8.53936], [-83.27332, 8.53885], [-83.2733, 8.53881], [-83.2729, 8.53827], [-83.27277, 8.53808], [-83.27249, 8.53773], [-83.27222, 8.53742], [-83.27198, 8.53718], [-83.27167, 8.53692], [-83.27121, 8.53664], [-83.27112, 8.53659], [-83.27057, 8.53637], [-83.27002, 8.53621], [-83.26947, 8.5361], [-83.26946, 8.5361], [-83.26892, 8.53602], [-83.26837, 8.53595], [-83.26782, 8.53587], [-83.26727, 8.53574], [-83.26672, 8.53558], [-83.2666, 8.53555], [-83.26617, 8.53543], [-83.26562, 8.53527], [-83.26507, 8.53512], [-83.26463, 8.53501], [-83.26452, 8.53498], [-83.26397, 8.53485], [-83.26342, 8.53475], [-83.26287, 8.53468], [-83.26232, 8.53469], [-83.26178, 8.53481], [-83.26132, 8.53501], [-83.26123, 8.53505], [-83.26068, 8.53543], [-83.26052, 8.53555], [-83.26013, 8.53591], [-83.25992, 8.5361], [-83.25958, 8.53644], [-83.25936, 8.53664], [-83.25903, 8.53693], [-83.25867, 8.53718], [-83.25848, 8.53731], [-83.25793, 8.53758], [-83.25756, 8.53773], [-83.25738, 8.53779], [-83.25683, 8.53793], [-83.25628, 8.53801], [-83.25573, 8.53803], [-83.25518, 8.53801], [-83.25463, 8.53795], [-83.25408, 8.53786], [-83.25357, 8.53773], [-83.25353, 8.53772], [-83.25298, 8.5375], [-83.25243, 8.53726], [-83.25226, 8.53718], [-83.25188, 8.53701], [-83.25133, 8.53679], [-83.25088, 8.53664], [-83.25078, 8.53661], [-83.25023, 8.53647], [-83.24968, 8.53639], [-83.24913, 8.53635], [-83.24858, 8.53632], [-83.24803, 8.53631], [-83.24748, 8.53631], [-83.24693, 8.53632], [-83.24638, 8.53634], [-83.24583, 8.53636], [-83.24528, 8.53639], [-83.24473, 8.53644], [-83.24418, 8.53651], [-83.24363, 8.53659], [-83.24337, 8.53664], [-83.24308, 8.53669], [-83.24253, 8.53681], [-83.24198, 8.53693], [-83.24143, 8.53704], [-83.24088, 8.53715], [-83.24064, 8.53718], [-83.24033, 8.53723], [-83.23978, 8.53731], [-83.23923, 8.53739], [-83.23868, 8.53746], [-83.23813, 8.53755], [-83.23758, 8.53764], [-83.23719, 8.53773], [-83.23703, 8.53776], [-83.23648, 8.5379], [-83.23593, 8.53807], [-83.23538, 8.53826], [-83.23536, 8.53827], [-83.23483, 8.53847], [-83.23428, 8.53869], [-83.23398, 8.53881], [-83.23373, 8.53892], [-83.23318, 8.53915], [-83.23269, 8.53936], [-83.23263, 8.53938], [-83.23208, 8.53962], [-83.23154, 8.53985], [-83.23141, 8.5399], [-83.23099, 8.54009], [-83.23044, 8.54031], [-83.2301, 8.54045], [-83.22989, 8.54053], [-83.22934, 8.54075], [-83.22879, 8.54095], [-83.22868, 8.54099], [-83.22824, 8.54115], [-83.22769, 8.54135], [-83.22714, 8.54153], [-83.22714, 8.54154], [-83.22659, 8.54174], [-83.22604, 8.54194], [-83.22561, 8.54208], [-83.22549, 8.54212], [-83.22494, 8.54229], [-83.22439, 8.54242], [-83.22384, 8.54251], [-83.22329, 8.54254], [-83.22274, 8.54252], [-83.22219, 8.54243], [-83.22164, 8.5423], [-83.22109, 8.54212], [-83.22098, 8.54208], [-83.22054, 8.54192], [-83.21999, 8.54168], [-83.21968, 8.54153], [-83.21944, 8.54143], [-83.21889, 8.54116], [-83.21858, 8.54099], [-83.21834, 8.54086], [-83.21779, 8.54053], [-83.21768, 8.54045], [-83.21724, 8.54016], [-83.21689, 8.5399], [-83.21669, 8.53976], [-83.21615, 8.53936], [-83.21614, 8.53935], [-83.21559, 8.53894], [-83.21542, 8.53881], [-83.21504, 8.53853], [-83.21468, 8.53827], [-83.21449, 8.53813], [-83.21394, 8.53773], [-83.21394, 8.53773], [-83.21339, 8.5373], [-83.21323, 8.53718], [-83.21284, 8.5369], [-83.21247, 8.53664], [-83.21229, 8.53652], [-83.21174, 8.53618], [-83.21159, 8.5361], [-83.21119, 8.53588], [-83.21064, 8.53563], [-83.21045, 8.53555], [-83.21009, 8.53541], [-83.20954, 8.53522], [-83.20899, 8.53505], [-83.20882, 8.53501], [-83.20844, 8.5349], [-83.20789, 8.53477], [-83.20734, 8.53464], [-83.20679, 8.53453], [-83.20645, 8.53446], [-83.20624, 8.53443], [-83.20569, 8.53434], [-83.20514, 8.53428], [-83.20459, 8.53426], [-83.20404, 8.53425], [-83.20349, 8.53427], [-83.20294, 8.53431], [-83.20239, 8.53436], [-83.20184, 8.53441], [-83.20131, 8.53446], [-83.2013, 8.53447], [-83.20075, 8.53453], [-83.2002, 8.53462], [-83.19965, 8.53472], [-83.1991, 8.53483], [-83.19855, 8.53494], [-83.19814, 8.53501], [-83.198, 8.53503], [-83.19745, 8.53511], [-83.1969, 8.53516], [-83.19635, 8.5352], [-83.1958, 8.53523], [-83.19525, 8.53525], [-83.1947, 8.53525], [-83.19415, 8.53525], [-83.1936, 8.53523], [-83.19305, 8.5352], [-83.1925, 8.53516], [-83.19195, 8.53507], [-83.19171, 8.53501], [-83.1914, 8.53492], [-83.19085, 8.53471], [-83.19031, 8.53446], [-83.1903, 8.53446], [-83.18975, 8.53416], [-83.18928, 8.53392], [-83.1892, 8.53387], [-83.18865, 8.53362], [-83.1881, 8.5335], [-83.18755, 8.53356], [-83.187, 8.53379], [-83.18681, 8.53392], [-83.18645, 8.53419], [-83.18618, 8.53446], [-83.1859, 8.53479], [-83.18574, 8.53501], [-83.18541, 8.53555], [-83.18535, 8.53566], [-83.18514, 8.5361], [-83.18494, 8.53664], [-83.1848, 8.53711], [-83.18478, 8.53718], [-83.18467, 8.53773], [-83.18458, 8.53827], [-83.18452, 8.53881], [-83.18448, 8.53936], [-83.18446, 8.5399], [-83.18444, 8.54045], [-83.18444, 8.54099], [-83.18445, 8.54153], [-83.18446, 8.54208], [-83.18448, 8.54262], [-83.1845, 8.54317], [-83.18453, 8.54371], [-83.18456, 8.54425], [-83.1846, 8.5448], [-83.18466, 8.54534], [-83.18473, 8.54588], [-83.1848, 8.54643], [-83.1848, 8.54643], [-83.18487, 8.54697], [-83.18492, 8.54752], [-83.18497, 8.54806], [-83.18503, 8.5486], [-83.18511, 8.54915], [-83.18522, 8.54969], [-83.18535, 8.55019], [-83.18536, 8.55023], [-83.18554, 8.55078], [-83.18576, 8.55132], [-83.1859, 8.55164], [-83.186, 8.55187], [-83.18627, 8.55241], [-83.18645, 8.55274], [-83.18657, 8.55295], [-83.18688, 8.5535], [-83.187, 8.55369], [-83.18721, 8.55404], [-83.18755, 8.55459], [-83.18755, 8.55459], [-83.1879, 8.55513], [-83.1881, 8.55543], [-83.18827, 8.55567], [-83.18865, 8.55619], [-83.18867, 8.55622], [-83.18908, 8.55676], [-83.1892, 8.55694], [-83.18946, 8.5573], [-83.18975, 8.55777], [-83.1898, 8.55785], [-83.19009, 8.55839], [-83.1903, 8.55884], [-83.19034, 8.55894], [-83.19054, 8.55948], [-83.19069, 8.56002], [-83.1908, 8.56057], [-83.19085, 8.56081], [-83.19091, 8.56111], [-83.191, 8.56166], [-83.1911, 8.5622], [-83.19122, 8.56274], [-83.19137, 8.56329], [-83.1914, 8.56338], [-83.19155, 8.56383], [-83.19177, 8.56437], [-83.19195, 8.56477], [-83.19202, 8.56492], [-83.19228, 8.56546], [-83.1925, 8.5659], [-83.19255, 8.56601], [-83.19284, 8.56655], [-83.19305, 8.56694], [-83.19314, 8.56709], [-83.19345, 8.56764], [-83.1936, 8.56791], [-83.19376, 8.56818], [-83.19409, 8.56873], [-83.19415, 8.56883], [-83.19442, 8.56927], [-83.1947, 8.56971], [-83.19476, 8.56981], [-83.19512, 8.57036], [-83.19525, 8.57054], [-83.19549, 8.5709], [-83.1958, 8.57132], [-83.19588, 8.57144], [-83.19629, 8.57199], [-83.19635, 8.57206], [-83.19672, 8.57253], [-83.1969, 8.57275], [-83.19715, 8.57308], [-83.19745, 8.57345], [-83.19758, 8.57362], [-83.19799, 8.57416], [-83.198, 8.57417], [-83.19837, 8.57471], [-83.19855, 8.57497], [-83.19872, 8.57525], [-83.19905, 8.57579], [-83.1991, 8.57587], [-83.19936, 8.57634], [-83.19965, 8.57684], [-83.19967, 8.57688], [-83.19998, 8.57743], [-83.2002, 8.57778], [-83.20031, 8.57797], [-83.20064, 8.57851], [-83.20075, 8.57868], [-83.20098, 8.57906], [-83.2013, 8.57955], [-83.20133, 8.5796], [-83.20167, 8.58015], [-83.20184, 8.58043], [-83.202, 8.58069], [-83.20233, 8.58123], [-83.20239, 8.58135], [-83.20265, 8.58178], [-83.20294, 8.58227], [-83.20297, 8.58232], [-83.2033, 8.58286], [-83.20349, 8.58319], [-83.20363, 8.58341], [-83.20395, 8.58395], [-83.20404, 8.58411], [-83.20429, 8.5845], [-83.20459, 8.585], [-83.20462, 8.58504], [-83.20498, 8.58558], [-83.20514, 8.58582], [-83.20538, 8.58613], [-83.20569, 8.5865], [-83.20585, 8.58667], [-83.20624, 8.58708], [-83.20639, 8.58722], [-83.20679, 8.5876], [-83.20697, 8.58776], [-83.20734, 8.58809], [-83.20761, 8.5883], [-83.20789, 8.58855], [-83.20829, 8.58885], [-83.20844, 8.58897], [-83.20899, 8.58936], [-83.20904, 8.58939], [-83.20954, 8.58971], [-83.20999, 8.58993], [-83.21009, 8.58999], [-83.21064, 8.59019], [-83.21119, 8.59031], [-83.21174, 8.59038], [-83.21229, 8.59039], [-83.21284, 8.59035], [-83.21339, 8.59029], [-83.21394, 8.5902], [-83.21449, 8.59008], [-83.21504, 8.58994], [-83.21504, 8.58993], [-83.21559, 8.58976], [-83.21614, 8.58956], [-83.21658, 8.58939], [-83.21669, 8.58935], [-83.21724, 8.58915], [-83.21779, 8.58896], [-83.21813, 8.58885], [-83.21834, 8.58878], [-83.21889, 8.58863], [-83.21944, 8.58849], [-83.21999, 8.58835], [-83.22017, 8.5883], [-83.22054, 8.58822], [-83.22109, 8.5881], [-83.22164, 8.58799], [-83.22219, 8.58791], [-83.22274, 8.58785], [-83.22329, 8.5878], [-83.22384, 8.58778], [-83.22439, 8.58776], [-83.22494, 8.58776], [-83.22549, 8.58777], [-83.22604, 8.58779], [-83.22659, 8.58781], [-83.22714, 8.58784], [-83.22769, 8.58787], [-83.22824, 8.5879], [-83.22879, 8.58794], [-83.22934, 8.58798], [-83.22989, 8.58803], [-83.23044, 8.58809], [-83.23099, 8.58814], [-83.23154, 8.58821], [-83.23208, 8.58827], [-83.23234, 8.5883], [-83.23263, 8.58834], [-83.23318, 8.58842], [-83.23373, 8.58849], [-83.23428, 8.58857], [-83.23483, 8.58865], [-83.23538, 8.58872], [-83.23593, 8.58879], [-83.23638, 8.58885], [-83.23648, 8.58886], [-83.23703, 8.58892], [-83.23758, 8.58898], [-83.23813, 8.58903], [-83.23868, 8.58908], [-83.23923, 8.58913], [-83.23978, 8.58918], [-83.24033, 8.58923], [-83.24088, 8.58929], [-83.24143, 8.58936], [-83.24174, 8.58939], [-83.24198, 8.58942], [-83.24253, 8.58949], [-83.24308, 8.58956], [-83.24363, 8.58965], [-83.24418, 8.58975], [-83.24473, 8.58987], [-83.24499, 8.58993], [-83.24528, 8.59001], [-83.24583, 8.5902], [-83.24638, 8.59041], [-83.24654, 8.59048], [-83.24693, 8.59065], [-83.24748, 8.59092], [-83.24769, 8.59102], [-83.24803, 8.5912], [-83.24858, 8.59148], [-83.24874, 8.59157], [-83.24913, 8.59177], [-83.24968, 8.59205], [-83.24979, 8.59211], [-83.25023, 8.59234], [-83.25078, 8.59264], [-83.25081, 8.59265], [-83.25133, 8.59295], [-83.25177, 8.5932], [-83.25188, 8.59326], [-83.25243, 8.59358], [-83.25271, 8.59374], [-83.25298, 8.5939], [-83.25353, 8.59422], [-83.25364, 8.59429], [-83.25408, 8.59453], [-83.25461, 8.59483], [-83.25463, 8.59484], [-83.25518, 8.59515], [-83.25558, 8.59537], [-83.25573, 8.59546], [-83.25628, 8.59577], [-83.25653, 8.59592], [-83.25683, 8.59608], [-83.25738, 8.5964], [-83.25749, 8.59646], [-83.25793, 8.59671], [-83.25845, 8.597], [-83.25848, 8.59702], [-83.25903, 8.59733], [-83.25942, 8.59755], [-83.25958, 8.59763], [-83.26013, 8.59794], [-83.26041, 8.59809], [-83.26068, 8.59824], [-83.26123, 8.59856], [-83.26136, 8.59864], [-83.26178, 8.59888], [-83.26226, 8.59918], [-83.26232, 8.59922], [-83.26287, 8.59956], [-83.26313, 8.59972], [-83.26342, 8.59991], [-83.26397, 8.60026], [-83.26398, 8.60027], [-83.26452, 8.60061], [-83.26483, 8.60081], [-83.26507, 8.60097], [-83.26562, 8.60133], [-83.26566, 8.60135], [-83.26617, 8.6017], [-83.26646, 8.6019], [-83.26672, 8.60208], [-83.26722, 8.60244], [-83.26727, 8.60248], [-83.26782, 8.60289], [-83.26794, 8.60299], [-83.26837, 8.60331], [-83.26866, 8.60353], [-83.26892, 8.60374], [-83.26936, 8.60407], [-83.26947, 8.60416], [-83.27002, 8.60459], [-83.27005, 8.60462], [-83.27057, 8.60504], [-83.27073, 8.60516], [-83.27112, 8.60549], [-83.27137, 8.60571], [-83.27167, 8.60596], [-83.272, 8.60625], [-83.27222, 8.60645], [-83.27261, 8.60679], [-83.27277, 8.60694], [-83.27322, 8.60734], [-83.27332, 8.60743], [-83.27383, 8.60788], [-83.27387, 8.60791], [-83.27442, 8.60839], [-83.27445, 8.60842], [-83.27497, 8.60889], [-83.27506, 8.60897], [-83.27552, 8.6094], [-83.27563, 8.60951], [-83.27607, 8.60999], [-83.27613, 8.61006], [-83.27657, 8.6106], [-83.27662, 8.61067], [-83.27694, 8.61114], [-83.27717, 8.61153], [-83.27726, 8.61169], [-83.27753, 8.61223], [-83.27772, 8.61265], [-83.27777, 8.61278], [-83.27799, 8.61332], [-83.27819, 8.61386], [-83.27827, 8.6141], [-83.27837, 8.61441], [-83.27856, 8.61495], [-83.27875, 8.61549], [-83.27882, 8.61571], [-83.27893, 8.61604], [-83.27912, 8.61658], [-83.27931, 8.61713], [-83.27937, 8.61729], [-83.2795, 8.61767], [-83.27969, 8.61821], [-83.27987, 8.61876], [-83.27992, 8.61889], [-83.28006, 8.6193], [-83.28025, 8.61984], [-83.28043, 8.62039], [-83.28047, 8.62051], [-83.2806, 8.62093], [-83.28077, 8.62148], [-83.28093, 8.62202], [-83.28102, 8.62232], [-83.28109, 8.62256], [-83.28125, 8.62311], [-83.28143, 8.62365], [-83.28157, 8.62407], [-83.28161, 8.6242], [-83.2818, 8.62474], [-83.282, 8.62528], [-83.28212, 8.62559], [-83.28221, 8.62583], [-83.28241, 8.62637], [-83.28262, 8.62691], [-83.28267, 8.62705], [-83.28282, 8.62746], [-83.28303, 8.628], [-83.28322, 8.62849], [-83.28324, 8.62855], [-83.28345, 8.62909], [-83.28366, 8.62963], [-83.28377, 8.6299], [-83.28388, 8.63018], [-83.28409, 8.63072], [-83.28431, 8.63127], [-83.28432, 8.63128], [-83.28454, 8.63181], [-83.28477, 8.63235], [-83.28487, 8.63259], [-83.285, 8.6329], [-83.28523, 8.63344], [-83.28542, 8.63392], [-83.28544, 8.63398], [-83.28565, 8.63453], [-83.28585, 8.63507], [-83.28597, 8.63539], [-83.28605, 8.63562], [-83.28626, 8.63616], [-83.28648, 8.6367], [-83.28652, 8.63678], [-83.28673, 8.63725], [-83.28699, 8.63779], [-83.28707, 8.63793], [-83.28729, 8.63834], [-83.2876, 8.63888], [-83.28762, 8.63891], [-83.28794, 8.63942], [-83.28817, 8.63976], [-83.28831, 8.63997], [-83.28872, 8.64049], [-83.28873, 8.64051], [-83.28923, 8.64105], [-83.28927, 8.64109], [-83.28982, 8.64156], [-83.28986, 8.6416], [-83.29037, 8.64194], [-83.29071, 8.64214], [-83.29092, 8.64225], [-83.29147, 8.64251], [-83.29188, 8.64269], [-83.29202, 8.64274], [-83.29256, 8.64294], [-83.29311, 8.64315], [-83.29334, 8.64323], [-83.29366, 8.64335], [-83.29421, 8.64354], [-83.29476, 8.64371], [-83.29496, 8.64377], [-83.29531, 8.64387], [-83.29586, 8.64403], [-83.29641, 8.6442], [-83.29673, 8.64432], [-83.29696, 8.6444], [-83.29751, 8.64463], [-83.29794, 8.64486], [-83.29806, 8.64492], [-83.29861, 8.6453], [-83.29873, 8.6454], [-83.29916, 8.6458], [-83.29929, 8.64595], [-83.29971, 8.64647], [-83.29973, 8.64649], [-83.30006, 8.64704], [-83.30026, 8.64746], [-83.30031, 8.64758], [-83.3005, 8.64812], [-83.30064, 8.64867], [-83.30077, 8.64921], [-83.30081, 8.6494], [-83.30089, 8.64976], [-83.30103, 8.6503], [-83.30119, 8.65084], [-83.30136, 8.65134], [-83.30138, 8.65139], [-83.30163, 8.65193], [-83.30191, 8.65246], [-83.30192, 8.65247], [-83.30234, 8.65302], [-83.30246, 8.65316], [-83.30291, 8.65356], [-83.30301, 8.65364], [-83.30356, 8.65403], [-83.30369, 8.65411], [-83.30411, 8.65436], [-83.30466, 8.65464], [-83.30468, 8.65465], [-83.30521, 8.65488], [-83.30576, 8.65509], [-83.30606, 8.65519], [-83.30631, 8.65527], [-83.30686, 8.65543], [-83.30741, 8.65559], [-83.30793, 8.65574], [-83.30796, 8.65575], [-83.30851, 8.65588], [-83.30906, 8.656], [-83.30961, 8.65611], [-83.31016, 8.65618], [-83.31071, 8.65621], [-83.31126, 8.65618], [-83.31181, 8.65605], [-83.31236, 8.65579], [-83.31244, 8.65574], [-83.31291, 8.65533], [-83.31304, 8.65519], [-83.3134, 8.65465], [-83.31346, 8.65453], [-83.31364, 8.65411], [-83.31381, 8.65356], [-83.31392, 8.65302], [-83.31399, 8.65247], [-83.31401, 8.6523], [-83.31404, 8.65193], [-83.31406, 8.65139], [-83.31408, 8.65084], [-83.31407, 8.6503], [-83.31402, 8.64976], [-83.31401, 8.64968], [-83.31393, 8.64921], [-83.31382, 8.64867], [-83.31369, 8.64812], [-83.31357, 8.64758], [-83.31347, 8.64704], [-83.31346, 8.64678], [-83.31344, 8.64649], [-83.31346, 8.64631], [-83.3135, 8.64595], [-83.31366, 8.6454], [-83.31393, 8.64486], [-83.31401, 8.64475], [-83.31435, 8.64432], [-83.31456, 8.64411], [-83.31499, 8.64377], [-83.31511, 8.64369], [-83.31566, 8.64341], [-83.31612, 8.64323], [-83.31621, 8.6432], [-83.31676, 8.64301], [-83.31731, 8.64286], [-83.31786, 8.64274], [-83.31825, 8.64269], [-83.31841, 8.64266], [-83.31896, 8.64262], [-83.31951, 8.64263], [-83.32006, 8.64268], [-83.32008, 8.64269], [-83.32061, 8.64279], [-83.32116, 8.64297], [-83.32171, 8.64321], [-83.32174, 8.64323], [-83.32226, 8.64349], [-83.32272, 8.64377], [-83.32281, 8.64382], [-83.32335, 8.64419], [-83.32354, 8.64432], [-83.3239, 8.64458], [-83.32432, 8.64486], [-83.32445, 8.64497], [-83.325, 8.64535], [-83.32507, 8.6454], [-83.32555, 8.64581], [-83.32571, 8.64595], [-83.3261, 8.64635], [-83.32624, 8.64649], [-83.32665, 8.64699], [-83.32669, 8.64704], [-83.32709, 8.64758], [-83.3272, 8.64775], [-83.32745, 8.64812], [-83.32775, 8.64864], [-83.32777, 8.64867], [-83.32808, 8.64921], [-83.3283, 8.64964], [-83.32837, 8.64976], [-83.32866, 8.6503], [-83.32885, 8.65068], [-83.32894, 8.65084], [-83.32921, 8.65139], [-83.3294, 8.65182], [-83.32945, 8.65193], [-83.32969, 8.65247], [-83.32991, 8.65302], [-83.32995, 8.65311], [-83.33014, 8.65356], [-83.33037, 8.65411], [-83.3305, 8.65439], [-83.33062, 8.65465], [-83.33088, 8.65519], [-83.33105, 8.65557], [-83.33113, 8.65574], [-83.33138, 8.65628], [-83.3316, 8.65677], [-83.33163, 8.65683], [-83.33189, 8.65737], [-83.33215, 8.6579], [-83.33216, 8.65791], [-83.33245, 8.65846], [-83.3327, 8.65891], [-83.33275, 8.659], [-83.33308, 8.65954], [-83.33325, 8.65983], [-83.33342, 8.66009], [-83.33377, 8.66063], [-83.3338, 8.66068], [-83.33413, 8.66118], [-83.33435, 8.66151], [-83.33449, 8.66172], [-83.33487, 8.66226], [-83.3349, 8.6623], [-83.33526, 8.66281], [-83.33545, 8.66307], [-83.33566, 8.66335], [-83.336, 8.6638], [-83.33607, 8.6639], [-83.3365, 8.66444], [-83.33655, 8.66451], [-83.33694, 8.66498], [-83.3371, 8.66518], [-83.3374, 8.66553], [-83.33765, 8.66582], [-83.33786, 8.66607], [-83.3382, 8.66646], [-83.33833, 8.66661], [-83.33875, 8.6671], [-83.3388, 8.66716], [-83.33929, 8.6677], [-83.3393, 8.66771], [-83.33981, 8.66825], [-83.33985, 8.66829], [-83.34037, 8.66879], [-83.3404, 8.66881], [-83.34095, 8.66929], [-83.341, 8.66933], [-83.3415, 8.66972], [-83.34171, 8.66988], [-83.34205, 8.67012], [-83.34249, 8.67042], [-83.3426, 8.67049], [-83.34315, 8.67084], [-83.34335, 8.67096], [-83.3437, 8.67118], [-83.34425, 8.6715], [-83.34426, 8.67151], [-83.3448, 8.67182], [-83.34521, 8.67205], [-83.34535, 8.67213], [-83.3459, 8.67244], [-83.34617, 8.6726], [-83.34645, 8.67275], [-83.347, 8.67305], [-83.34718, 8.67314], [-83.34755, 8.67332], [-83.3481, 8.6736], [-83.34827, 8.67368], [-83.34865, 8.67386], [-83.3492, 8.67414], [-83.34936, 8.67423], [-83.34975, 8.67442], [-83.3503, 8.67473], [-83.35036, 8.67477], [-83.35085, 8.67507], [-83.3512, 8.67532], [-83.3514, 8.67545], [-83.3519, 8.67586], [-83.35195, 8.6759], [-83.3525, 8.6764], [-83.3525, 8.6764], [-83.35305, 8.67692], [-83.35307, 8.67695], [-83.35359, 8.67743], [-83.35365, 8.67749], [-83.35414, 8.67796], [-83.35423, 8.67803], [-83.35469, 8.67849], [-83.35478, 8.67858], [-83.35524, 8.67905], [-83.35531, 8.67912], [-83.35579, 8.67966], [-83.3558, 8.67967], [-83.3562, 8.68021], [-83.35634, 8.68044], [-83.35653, 8.68075], [-83.35678, 8.6813], [-83.35689, 8.6816], [-83.35698, 8.68184], [-83.35715, 8.68239], [-83.3573, 8.68293], [-83.35744, 8.68347], [-83.35744, 8.68349], [-83.35757, 8.68402], [-83.35771, 8.68456], [-83.35786, 8.6851], [-83.35799, 8.68556], [-83.35802, 8.68565], [-83.35818, 8.68619], [-83.35834, 8.68674], [-83.35849, 8.68728], [-83.35854, 8.68745], [-83.35866, 8.68782], [-83.35883, 8.68837], [-83.35902, 8.68891], [-83.35909, 8.6891], [-83.35923, 8.68945], [-83.35945, 8.69], [-83.35964, 8.69045], [-83.35969, 8.69054], [-83.35993, 8.69109], [-83.36018, 8.69163], [-83.36019, 8.69165], [-83.36045, 8.69217], [-83.36073, 8.69272], [-83.36074, 8.69274], [-83.36102, 8.69326], [-83.36129, 8.69373], [-83.36133, 8.69381], [-83.36166, 8.69435], [-83.36184, 8.69463], [-83.36201, 8.69489], [-83.36237, 8.69544], [-83.36239, 8.69547], [-83.36274, 8.69598], [-83.36294, 8.69626], [-83.36313, 8.69652], [-83.36349, 8.697], [-83.36354, 8.69707], [-83.36398, 8.69761], [-83.36404, 8.69769], [-83.36445, 8.69816], [-83.36459, 8.69831], [-83.36496, 8.6987], [-83.36514, 8.69889], [-83.36551, 8.69924], [-83.36569, 8.69941], [-83.36612, 8.69979], [-83.36624, 8.69989], [-83.36678, 8.70033], [-83.36679, 8.70034], [-83.36734, 8.70074], [-83.36754, 8.70088], [-83.36789, 8.70111], [-83.36839, 8.70142], [-83.36844, 8.70145], [-83.36899, 8.70176], [-83.36937, 8.70196], [-83.36954, 8.70205], [-83.37009, 8.70232], [-83.37051, 8.70251], [-83.37064, 8.70256], [-83.37119, 8.70279], [-83.37174, 8.70299], [-83.37193, 8.70305], [-83.37229, 8.70317], [-83.37284, 8.70332], [-83.37339, 8.70346], [-83.37394, 8.70357], [-83.37409, 8.70359], [-83.37449, 8.70366], [-83.37504, 8.70374], [-83.37559, 8.70382], [-83.37614, 8.70389], [-83.37669, 8.70396], [-83.37724, 8.70404], [-83.37779, 8.70411], [-83.37799, 8.70414], [-83.37834, 8.70418], [-83.37889, 8.70424], [-83.37944, 8.70431], [-83.37999, 8.70438], [-83.38054, 8.70446], [-83.38109, 8.70456], [-83.38164, 8.70468], [-83.38165, 8.70468], [-83.38219, 8.70481], [-83.38274, 8.70497], [-83.38329, 8.70513], [-83.38357, 8.70523], [-83.38383, 8.70531], [-83.38438, 8.7055], [-83.38493, 8.70569], [-83.38516, 8.70577], [-83.38548, 8.70589], [-83.38603, 8.70609], [-83.38658, 8.7063], [-83.38662, 8.70631], [-83.38713, 8.70653], [-83.38768, 8.70677], [-83.38786, 8.70686], [-83.38823, 8.70703], [-83.38878, 8.70731], [-83.38897, 8.7074], [-83.38933, 8.70758], [-83.38988, 8.70786], [-83.39006, 8.70795], [-83.39043, 8.70812], [-83.39098, 8.70839], [-83.39119, 8.70849], [-83.39153, 8.70865], [-83.39208, 8.70891], [-83.39234, 8.70903], [-83.39263, 8.70917], [-83.39318, 8.70943], [-83.39351, 8.70958], [-83.39373, 8.70968], [-83.39428, 8.70993], [-83.3947, 8.71012], [-83.39483, 8.71018], [-83.39538, 8.71042], [-83.39592, 8.71066], [-83.39593, 8.71067], [-83.39648, 8.71091], [-83.39703, 8.71115], [-83.39718, 8.71121], [-83.39758, 8.71137], [-83.39813, 8.71157], [-83.39867, 8.71175], [-83.39868, 8.71176], [-83.39923, 8.71191], [-83.39978, 8.71205], [-83.40033, 8.71219], [-83.4008, 8.7123], [-83.40088, 8.71231], [-83.40143, 8.71242], [-83.40198, 8.71249], [-83.40253, 8.71254], [-83.40308, 8.71254], [-83.40363, 8.7125], [-83.40418, 8.71242], [-83.40473, 8.71232]]}}, {"type": "Feature", "properties": {"depth_m": 125}, "geometry": {"type": "LineString", "coordinates": [[-83.38235, 8.68201], [-83.38219, 8.68198], [-83.3821, 8.68184], [-83.38219, 8.68133], [-83.38223, 8.6813], [-83.38274, 8.68104], [-83.38329, 8.68092], [-83.38383, 8.68096], [-83.38438, 8.68121], [-83.3845, 8.6813], [-83.38493, 8.68154], [-83.38529, 8.68184], [-83.38493, 8.68212], [-83.38458, 8.6822]]}}, {"type": "Feature", "properties": {"depth_m": 125}, "geometry": {"type": "LineString", "coordinates": [[-83.38, 8.67749], [-83.37999, 8.67749], [-83.37944, 8.67752], [-83.37889, 8.67752], [-83.3785, 8.67749], [-83.37889, 8.67731], [-83.37944, 8.67733], [-83.37999, 8.67748], [-83.38, 8.67749]]}}, {"type": "Feature", "properties": {"depth_m": 125}, "geometry": {"type": "LineString", "coordinates": [[-83.39105, 8.67586], [-83.39098, 8.67593], [-83.39095, 8.67586], [-83.39054, 8.67532], [-83.39098, 8.67526], [-83.39153, 8.67531], [-83.39153, 8.67532], [-83.39153, 8.67532], [-83.39105, 8.67586]]}}, {"type": "Feature", "properties": {"depth_m": 125}, "geometry": {"type": "LineString", "coordinates": [[-83.33121, 8.62528], [-83.33105, 8.62561], [-83.3305, 8.62574], [-83.32995, 8.62579], [-83.3294, 8.62579], [-83.32885, 8.62572], [-83.3283, 8.62551], [-83.32775, 8.62528], [-83.32775, 8.62528], [-83.32775, 8.62528], [-83.3283, 8.62502], [-83.32885, 8.6249], [-83.3294, 8.6249], [-83.32995, 8.62494], [-83.3305, 8.625], [-83.33105, 8.6251], [-83.33121, 8.62528]]}}, {"type": "Feature", "properties": {"depth_m": 150}, "geometry": {"type": "LineString", "coordinates": [[-83.40583, 8.71014], [-83.4059, 8.71012], [-83.40638, 8.71], [-83.40693, 8.70984], [-83.40748, 8.70965], [-83.40765, 8.70958], [-83.40803, 8.70943], [-83.40858, 8.70917], [-83.40882, 8.70903], [-83.40913, 8.70886], [-83.40968, 8.70851], [-83.40971, 8.70849], [-83.41023, 8.70813], [-83.41049, 8.70795], [-83.41078, 8.70774], [-83.41126, 8.7074], [-83.41133, 8.70736], [-83.41188, 8.707], [-83.41213, 8.70686], [-83.41243, 8.7067], [-83.41298, 8.70645], [-83.41333, 8.70631], [-83.41353, 8.70625], [-83.41407, 8.70607], [-83.41462, 8.70592], [-83.41517, 8.70578], [-83.41521, 8.70577], [-83.41572, 8.70564], [-83.41627, 8.70551], [-83.41682, 8.70535], [-83.41728, 8.70523], [-83.41737, 8.7052], [-83.41792, 8.70504], [-83.41847, 8.70487], [-83.41901, 8.70468], [-83.41902, 8.70468], [-83.41957, 8.70446], [-83.42012, 8.70421], [-83.42027, 8.70414], [-83.42067, 8.70393], [-83.42122, 8.70362], [-83.42126, 8.70359], [-83.42177, 8.70326], [-83.42207, 8.70305], [-83.42232, 8.70286], [-83.42281, 8.70251], [-83.42287, 8.70246], [-83.42342, 8.70208], [-83.42362, 8.70196], [-83.42397, 8.70176], [-83.42452, 8.70149], [-83.42468, 8.70142], [-83.42507, 8.70125], [-83.42562, 8.70103], [-83.426, 8.70088], [-83.42617, 8.7008], [-83.42672, 8.70054], [-83.42711, 8.70033], [-83.42727, 8.70024], [-83.42782, 8.69988], [-83.42795, 8.69979], [-83.42837, 8.69944], [-83.42861, 8.69924], [-83.42892, 8.69893], [-83.42915, 8.6987], [-83.42947, 8.69832], [-83.42962, 8.69816], [-83.43002, 8.69761], [-83.43002, 8.69761], [-83.43038, 8.69707], [-83.43057, 8.69673], [-83.43069, 8.69652], [-83.43096, 8.69598], [-83.43112, 8.69562], [-83.4312, 8.69544], [-83.43142, 8.69489], [-83.43164, 8.69435], [-83.43167, 8.69427], [-83.43185, 8.69381], [-83.43202, 8.69326], [-83.43216, 8.69272], [-83.43222, 8.69242], [-83.43227, 8.69217], [-83.43234, 8.69163], [-83.43237, 8.69109], [-83.43238, 8.69054], [-83.43236, 8.69], [-83.43231, 8.68945], [-83.43225, 8.68891], [-83.43222, 8.68867], [-83.43218, 8.68837], [-83.43207, 8.68782], [-83.43194, 8.68728], [-83.43178, 8.68674], [-83.43167, 8.68646], [-83.43157, 8.68619], [-83.43132, 8.68565], [-83.43112, 8.68531], [-83.431, 8.6851], [-83.4306, 8.68456], [-83.43057, 8.68452], [-83.43011, 8.68402], [-83.43002, 8.68393], [-83.42955, 8.68347], [-83.42947, 8.6834], [-83.42896, 8.68293], [-83.42892, 8.68289], [-83.42837, 8.68239], [-83.42836, 8.68239], [-83.42782, 8.6819], [-83.42775, 8.68184], [-83.42727, 8.6814], [-83.42715, 8.6813], [-83.42672, 8.68087], [-83.42659, 8.68075], [-83.42617, 8.68035], [-83.42603, 8.68021], [-83.42562, 8.67982], [-83.42546, 8.67967], [-83.42507, 8.67927], [-83.42494, 8.67912], [-83.42452, 8.67863], [-83.42448, 8.67858], [-83.42411, 8.67803], [-83.42397, 8.67779], [-83.42381, 8.67749], [-83.42358, 8.67695], [-83.42343, 8.6764], [-83.42342, 8.67635], [-83.42334, 8.67586], [-83.4233, 8.67532], [-83.4233, 8.67477], [-83.42332, 8.67423], [-83.42335, 8.67368], [-83.42339, 8.67314], [-83.42341, 8.6726], [-83.42342, 8.67205], [-83.42342, 8.67171], [-83.42342, 8.67151], [-83.42344, 8.67096], [-83.42346, 8.67042], [-83.42348, 8.66988], [-83.42349, 8.66933], [-83.42347, 8.66879], [-83.42343, 8.66825], [-83.42342, 8.66815], [-83.42337, 8.6677], [-83.42327, 8.66716], [-83.42316, 8.66661], [-83.42303, 8.66607], [-83.42289, 8.66553], [-83.42287, 8.66545], [-83.42275, 8.66498], [-83.42261, 8.66444], [-83.42246, 8.6639], [-83.42232, 8.66337], [-83.42232, 8.66335], [-83.42217, 8.66281], [-83.422, 8.66226], [-83.42183, 8.66172], [-83.42177, 8.66154], [-83.42165, 8.66118], [-83.42147, 8.66063], [-83.42128, 8.66009], [-83.42122, 8.65991], [-83.42109, 8.65954], [-83.4209, 8.659], [-83.4207, 8.65846], [-83.42067, 8.65838], [-83.42049, 8.65791], [-83.42027, 8.65737], [-83.42012, 8.65703], [-83.42003, 8.65683], [-83.41978, 8.65628], [-83.41957, 8.65587], [-83.41951, 8.65574], [-83.41922, 8.65519], [-83.41902, 8.65485], [-83.4189, 8.65465], [-83.41856, 8.65411], [-83.41847, 8.65397], [-83.41819, 8.65356], [-83.41792, 8.6532], [-83.41779, 8.65302], [-83.41737, 8.6525], [-83.41736, 8.65247], [-83.41691, 8.65193], [-83.41682, 8.65183], [-83.41646, 8.65139], [-83.41627, 8.65117], [-83.416, 8.65084], [-83.41572, 8.65052], [-83.41554, 8.6503], [-83.41517, 8.64988], [-83.41507, 8.64976], [-83.41462, 8.64926], [-83.41458, 8.64921], [-83.41409, 8.64867], [-83.41407, 8.64865], [-83.4136, 8.64812], [-83.41353, 8.64804], [-83.41311, 8.64758], [-83.41298, 8.64743], [-83.41262, 8.64704], [-83.41243, 8.6468], [-83.41215, 8.64649], [-83.41188, 8.64617], [-83.41168, 8.64595], [-83.41133, 8.64553], [-83.41122, 8.6454], [-83.41078, 8.6449], [-83.41074, 8.64486], [-83.41026, 8.64432], [-83.41023, 8.64427], [-83.40978, 8.64377], [-83.40968, 8.64365], [-83.40931, 8.64323], [-83.40913, 8.64301], [-83.40885, 8.64269], [-83.40858, 8.64235], [-83.40841, 8.64214], [-83.40803, 8.64164], [-83.408, 8.6416], [-83.40762, 8.64105], [-83.40748, 8.64084], [-83.40726, 8.64051], [-83.40693, 8.63998], [-83.40692, 8.63997], [-83.4066, 8.63942], [-83.40638, 8.63904], [-83.40628, 8.63888], [-83.40599, 8.63834], [-83.40583, 8.63804], [-83.4057, 8.63779], [-83.40542, 8.63725], [-83.40528, 8.63692], [-83.40518, 8.6367], [-83.40497, 8.63616], [-83.40478, 8.63562], [-83.40473, 8.63548], [-83.40458, 8.63507], [-83.40438, 8.63453], [-83.40418, 8.63405], [-83.40415, 8.63398], [-83.40388, 8.63344], [-83.40363, 8.63301], [-83.40356, 8.6329], [-83.40322, 8.63235], [-83.40308, 8.63214], [-83.40286, 8.63181], [-83.40253, 8.63135], [-83.40247, 8.63127], [-83.40205, 8.63072], [-83.40198, 8.63064], [-83.40159, 8.63018], [-83.40143, 8.63], [-83.40109, 8.62963], [-83.40088, 8.62942], [-83.40054, 8.62909], [-83.40033, 8.62889], [-83.39993, 8.62855], [-83.39978, 8.62842], [-83.39926, 8.628], [-83.39923, 8.62798], [-83.39868, 8.62757], [-83.39853, 8.62746], [-83.39813, 8.62717], [-83.39776, 8.62691], [-83.39758, 8.62679], [-83.39703, 8.62642], [-83.39695, 8.62637], [-83.39648, 8.62608], [-83.39607, 8.62583], [-83.39593, 8.62575], [-83.39538, 8.62544], [-83.39509, 8.62528], [-83.39483, 8.62515], [-83.39428, 8.62488], [-83.39398, 8.62474], [-83.39373, 8.62463], [-83.39318, 8.62439], [-83.39269, 8.6242], [-83.39263, 8.62417], [-83.39208, 8.62396], [-83.39153, 8.62375], [-83.39129, 8.62365], [-83.39098, 8.62353], [-83.39043, 8.62332], [-83.3899, 8.62311], [-83.38988, 8.6231], [-83.38933, 8.62288], [-83.38878, 8.62266], [-83.38855, 8.62256], [-83.38823, 8.62244], [-83.38768, 8.62222], [-83.38717, 8.62202], [-83.38713, 8.622], [-83.38658, 8.6218], [-83.38603, 8.6216], [-83.38568, 8.62148], [-83.38548, 8.62141], [-83.38493, 8.62123], [-83.38438, 8.62107], [-83.38392, 8.62093], [-83.38383, 8.62091], [-83.38329, 8.62075], [-83.38274, 8.62059], [-83.38219, 8.62042], [-83.38208, 8.62039], [-83.38164, 8.62024], [-83.38109, 8.62005], [-83.38054, 8.61986], [-83.3805, 8.61984], [-83.37999, 8.61965], [-83.37944, 8.61944], [-83.37908, 8.6193], [-83.37889, 8.61922], [-83.37834, 8.619], [-83.37779, 8.61877], [-83.37776, 8.61876], [-83.37724, 8.61854], [-83.37669, 8.61831], [-83.37645, 8.61821], [-83.37614, 8.61808], [-83.37559, 8.61786], [-83.3751, 8.61767], [-83.37504, 8.61765], [-83.37449, 8.61743], [-83.37394, 8.6172], [-83.37377, 8.61713], [-83.37339, 8.61697], [-83.37284, 8.61672], [-83.37254, 8.61658], [-83.37229, 8.61646], [-83.37174, 8.6162], [-83.3714, 8.61604], [-83.37119, 8.61593], [-83.37064, 8.61566], [-83.37031, 8.61549], [-83.37009, 8.61538], [-83.36954, 8.6151], [-83.36926, 8.61495], [-83.36899, 8.6148], [-83.36844, 8.61451], [-83.36826, 8.61441], [-83.36789, 8.6142], [-83.36734, 8.61389], [-83.3673, 8.61386], [-83.36679, 8.61358], [-83.36633, 8.61332], [-83.36624, 8.61327], [-83.36569, 8.61296], [-83.36534, 8.61278], [-83.36514, 8.61267], [-83.36459, 8.61238], [-83.36431, 8.61223], [-83.36404, 8.61209], [-83.36349, 8.61181], [-83.36325, 8.61169], [-83.36294, 8.61153], [-83.36239, 8.61125], [-83.36217, 8.61114], [-83.36184, 8.61097], [-83.36129, 8.61068], [-83.36114, 8.6106], [-83.36074, 8.61037], [-83.3602, 8.61006], [-83.36019, 8.61005], [-83.35964, 8.6097], [-83.35935, 8.60951], [-83.35909, 8.60934], [-83.35854, 8.60898], [-83.35852, 8.60897], [-83.35799, 8.60862], [-83.35771, 8.60842], [-83.35744, 8.60824], [-83.35693, 8.60788], [-83.35689, 8.60786], [-83.35634, 8.60745], [-83.35619, 8.60734], [-83.35579, 8.60704], [-83.3555, 8.60679], [-83.35524, 8.60659], [-83.35485, 8.60625], [-83.35469, 8.60611], [-83.35426, 8.60571], [-83.35414, 8.6056], [-83.35372, 8.60516], [-83.35359, 8.60503], [-83.35322, 8.60462], [-83.35305, 8.60442], [-83.35275, 8.60407], [-83.3525, 8.60378], [-83.35229, 8.60353], [-83.35195, 8.60313], [-83.35182, 8.60299], [-83.3514, 8.60251], [-83.35133, 8.60244], [-83.35085, 8.60195], [-83.35079, 8.6019], [-83.3503, 8.60143], [-83.35021, 8.60135], [-83.34975, 8.60093], [-83.34962, 8.60081], [-83.3492, 8.60043], [-83.34901, 8.60027], [-83.34865, 8.59996], [-83.34836, 8.59972], [-83.3481, 8.59951], [-83.34768, 8.59918], [-83.34755, 8.59908], [-83.347, 8.59868], [-83.34693, 8.59864], [-83.34645, 8.59832], [-83.34609, 8.59809], [-83.3459, 8.59798], [-83.34535, 8.59765], [-83.34517, 8.59755], [-83.3448, 8.59734], [-83.34425, 8.59705], [-83.34415, 8.597], [-83.3437, 8.59678], [-83.34315, 8.59653], [-83.34298, 8.59646], [-83.3426, 8.5963], [-83.34205, 8.59608], [-83.3416, 8.59592], [-83.3415, 8.59588], [-83.34095, 8.59569], [-83.3404, 8.59551], [-83.33998, 8.59537], [-83.33985, 8.59533], [-83.3393, 8.59514], [-83.33875, 8.59495], [-83.33845, 8.59483], [-83.3382, 8.59473], [-83.33765, 8.59451], [-83.33716, 8.59429], [-83.3371, 8.59426], [-83.33655, 8.59401], [-83.336, 8.59375], [-83.33597, 8.59374], [-83.33545, 8.59349], [-83.3349, 8.5932], [-83.33489, 8.5932], [-83.33435, 8.59291], [-83.3339, 8.59265], [-83.3338, 8.5926], [-83.33325, 8.59228], [-83.33299, 8.59211], [-83.3327, 8.59193], [-83.33215, 8.59157], [-83.33215, 8.59157], [-83.3316, 8.59121], [-83.33132, 8.59102], [-83.33105, 8.59085], [-83.3305, 8.5905], [-83.33046, 8.59048], [-83.32995, 8.59016], [-83.32961, 8.58993], [-83.3294, 8.5898], [-83.32885, 8.58944], [-83.32878, 8.58939], [-83.3283, 8.58907], [-83.32801, 8.58885], [-83.32775, 8.58867], [-83.32725, 8.5883], [-83.3272, 8.58827], [-83.32665, 8.5879], [-83.32645, 8.58776], [-83.3261, 8.58754], [-83.32558, 8.58722], [-83.32555, 8.5872], [-83.325, 8.58688], [-83.32465, 8.58667], [-83.32445, 8.58656], [-83.3239, 8.5862], [-83.3238, 8.58613], [-83.32335, 8.58579], [-83.32311, 8.58558], [-83.32281, 8.58533], [-83.32247, 8.58504], [-83.32226, 8.58487], [-83.32179, 8.5845], [-83.32171, 8.58444], [-83.32116, 8.58405], [-83.321, 8.58395], [-83.32061, 8.58371], [-83.32007, 8.58341], [-83.32006, 8.5834], [-83.31951, 8.58312], [-83.31903, 8.58286], [-83.31896, 8.58282], [-83.31841, 8.58251], [-83.3181, 8.58232], [-83.31786, 8.58215], [-83.31735, 8.58178], [-83.31731, 8.58174], [-83.31676, 8.58124], [-83.31675, 8.58123], [-83.31624, 8.58069], [-83.31621, 8.58065], [-83.31578, 8.58015], [-83.31566, 8.57999], [-83.31535, 8.5796], [-83.31511, 8.57927], [-83.31496, 8.57906], [-83.31458, 8.57851], [-83.31456, 8.57848], [-83.31423, 8.57797], [-83.31401, 8.57763], [-83.31388, 8.57743], [-83.31355, 8.57688], [-83.31346, 8.57673], [-83.31322, 8.57634], [-83.31291, 8.57579], [-83.31291, 8.57579], [-83.3126, 8.57525], [-83.31236, 8.57483], [-83.31229, 8.57471], [-83.31194, 8.57416], [-83.31181, 8.57396], [-83.31155, 8.57362], [-83.31126, 8.57326], [-83.31109, 8.57308], [-83.31071, 8.57271], [-83.3105, 8.57253], [-83.31016, 8.57228], [-83.30974, 8.57199], [-83.30961, 8.57191], [-83.30906, 8.57158], [-83.30882, 8.57144], [-83.30851, 8.57128], [-83.30796, 8.57097], [-83.30784, 8.5709], [-83.30741, 8.57065], [-83.30696, 8.57036], [-83.30686, 8.57029], [-83.30631, 8.56986], [-83.30626, 8.56981], [-83.30576, 8.56933], [-83.30571, 8.56927], [-83.30525, 8.56873], [-83.30521, 8.56867], [-83.30483, 8.56818], [-83.30466, 8.56797], [-83.30439, 8.56764], [-83.30411, 8.56733], [-83.30388, 8.56709], [-83.30356, 8.56681], [-83.30325, 8.56655], [-83.30301, 8.56637], [-83.30247, 8.56601], [-83.30246, 8.566], [-83.30191, 8.56567], [-83.30159, 8.56546], [-83.30136, 8.56531], [-83.30086, 8.56492], [-83.30081, 8.56488], [-83.30029, 8.56437], [-83.30026, 8.56435], [-83.29982, 8.56383], [-83.29971, 8.56371], [-83.29934, 8.56329], [-83.29916, 8.5631], [-83.29879, 8.56274], [-83.29861, 8.56259], [-83.29809, 8.5622], [-83.29806, 8.56218], [-83.29751, 8.56183], [-83.29723, 8.56166], [-83.29696, 8.56148], [-83.29643, 8.56111], [-83.29641, 8.5611], [-83.29586, 8.56063], [-83.29579, 8.56057], [-83.29531, 8.56003], [-83.29531, 8.56002], [-83.29488, 8.55948], [-83.29476, 8.55933], [-83.29444, 8.55894], [-83.29421, 8.55868], [-83.29392, 8.55839], [-83.29366, 8.55817], [-83.29322, 8.55785], [-83.29311, 8.55777], [-83.29256, 8.55745], [-83.29228, 8.5573], [-83.29202, 8.55716], [-83.29147, 8.55687], [-83.29126, 8.55676], [-83.29092, 8.55655], [-83.29042, 8.55622], [-83.29037, 8.55617], [-83.28982, 8.55572], [-83.28976, 8.55567], [-83.28927, 8.55523], [-83.28915, 8.55513], [-83.28872, 8.55478], [-83.28841, 8.55459], [-83.28817, 8.55443], [-83.28762, 8.55419], [-83.2872, 8.55404], [-83.28707, 8.554], [-83.28652, 8.55385], [-83.28597, 8.55369], [-83.28544, 8.5535], [-83.28542, 8.55349], [-83.28487, 8.55323], [-83.28439, 8.55295], [-83.28432, 8.55291], [-83.28377, 8.55261], [-83.28341, 8.55241], [-83.28322, 8.55231], [-83.28267, 8.55202], [-83.2824, 8.55187], [-83.28212, 8.55172], [-83.28157, 8.55139], [-83.28146, 8.55132], [-83.28102, 8.55103], [-83.2807, 8.55078], [-83.28047, 8.55056], [-83.2802, 8.55023], [-83.27992, 8.54976], [-83.27989, 8.54969], [-83.27967, 8.54915], [-83.27942, 8.5486], [-83.27937, 8.54853], [-83.27907, 8.54806], [-83.27882, 8.54779], [-83.27856, 8.54752], [-83.27827, 8.54729], [-83.27785, 8.54697], [-83.27772, 8.54689], [-83.27717, 8.54653], [-83.27701, 8.54643], [-83.27662, 8.54619], [-83.27615, 8.54588], [-83.27607, 8.54583], [-83.27552, 8.54541], [-83.27544, 8.54534], [-83.27497, 8.54485], [-83.27493, 8.5448], [-83.27454, 8.54425], [-83.27442, 8.54406], [-83.27422, 8.54371], [-83.27394, 8.54317], [-83.27387, 8.54305], [-83.27364, 8.54262], [-83.27333, 8.54208], [-83.27332, 8.54207], [-83.27296, 8.54153], [-83.27277, 8.54127], [-83.27255, 8.54099], [-83.27222, 8.54056], [-83.27212, 8.54045], [-83.27167, 8.53997], [-83.27158, 8.5399], [-83.27112, 8.53957], [-83.27057, 8.53936], [-83.27047, 8.53936], [-83.27002, 8.53934], [-83.26993, 8.53936], [-83.26947, 8.53947], [-83.26892, 8.53974], [-83.26865, 8.5399], [-83.26837, 8.5401], [-83.26789, 8.54045], [-83.26782, 8.5405], [-83.26727, 8.54086], [-83.26704, 8.54099], [-83.26672, 8.54119], [-83.26628, 8.54153], [-83.26617, 8.54162], [-83.26566, 8.54208], [-83.26562, 8.54212], [-83.26511, 8.54262], [-83.26507, 8.54265], [-83.26453, 8.54317], [-83.26452, 8.54317], [-83.26397, 8.54358], [-83.26376, 8.54371], [-83.26342, 8.54389], [-83.26287, 8.5441], [-83.26239, 8.54425], [-83.26232, 8.54427], [-83.26178, 8.54441], [-83.26123, 8.54452], [-83.26068, 8.5446], [-83.26013, 8.54464], [-83.25958, 8.54465], [-83.25903, 8.54461], [-83.25848, 8.54454], [-83.25793, 8.54441], [-83.25747, 8.54425], [-83.25738, 8.54422], [-83.25683, 8.54399], [-83.25628, 8.54373], [-83.25624, 8.54371], [-83.25573, 8.54345], [-83.25519, 8.54317], [-83.25518, 8.54316], [-83.25463, 8.54288], [-83.25408, 8.54263], [-83.25407, 8.54262], [-83.25353, 8.54237], [-83.25298, 8.54209], [-83.25296, 8.54208], [-83.25243, 8.54179], [-83.25197, 8.54153], [-83.25188, 8.54148], [-83.25133, 8.54119], [-83.25093, 8.54099], [-83.25078, 8.54092], [-83.25023, 8.54068], [-83.24968, 8.54048], [-83.24955, 8.54045], [-83.24913, 8.54033], [-83.24858, 8.54019], [-83.24803, 8.54007], [-83.24748, 8.53998], [-83.24693, 8.53991], [-83.24684, 8.5399], [-83.24638, 8.53987], [-83.24583, 8.53987], [-83.24528, 8.5399], [-83.24527, 8.5399], [-83.24473, 8.53999], [-83.24418, 8.54012], [-83.24363, 8.5403], [-83.24324, 8.54045], [-83.24308, 8.54051], [-83.24253, 8.54076], [-83.24207, 8.54099], [-83.24198, 8.54104], [-83.24143, 8.54134], [-83.24107, 8.54153], [-83.24088, 8.54165], [-83.24033, 8.54201], [-83.24024, 8.54208], [-83.23978, 8.54248], [-83.23962, 8.54262], [-83.23923, 8.54304], [-83.23912, 8.54317], [-83.2387, 8.54371], [-83.23868, 8.54373], [-83.23832, 8.54425], [-83.23813, 8.54455], [-83.23797, 8.5448], [-83.23765, 8.54534], [-83.23758, 8.54547], [-83.23735, 8.54588], [-83.23708, 8.54643], [-83.23703, 8.54654], [-83.23685, 8.54697], [-83.23668, 8.54752], [-83.23655, 8.54806], [-83.23648, 8.54843], [-83.23645, 8.5486], [-83.23635, 8.54915], [-83.23624, 8.54969], [-83.23609, 8.55023], [-83.23593, 8.55067], [-83.23589, 8.55078], [-83.23565, 8.55132], [-83.23541, 8.55187], [-83.23538, 8.55192], [-83.23514, 8.55241], [-83.23486, 8.55295], [-83.23483, 8.55301], [-83.23456, 8.5535], [-83.23428, 8.55395], [-83.23423, 8.55404], [-83.23385, 8.55459], [-83.23373, 8.55474], [-83.23342, 8.55513], [-83.23318, 8.5554], [-83.23293, 8.55567], [-83.23263, 8.55596], [-83.23235, 8.55622], [-83.23208, 8.55644], [-83.23169, 8.55676], [-83.23154, 8.55688], [-83.23099, 8.55728], [-83.23095, 8.5573], [-83.23044, 8.55767], [-83.23017, 8.55785], [-83.22989, 8.55804], [-83.22936, 8.55839], [-83.22934, 8.55841], [-83.22879, 8.55876], [-83.22852, 8.55894], [-83.22824, 8.5591], [-83.22769, 8.55942], [-83.22759, 8.55948], [-83.22714, 8.55974], [-83.22667, 8.56002], [-83.22659, 8.56007], [-83.22604, 8.56039], [-83.22572, 8.56057], [-83.22549, 8.5607], [-83.22494, 8.56097], [-83.22461, 8.56111], [-83.22439, 8.5612], [-83.22384, 8.56138], [-83.22329, 8.56151], [-83.22274, 8.56157], [-83.22219, 8.56157], [-83.22164, 8.56153], [-83.22109, 8.56147], [-83.22054, 8.5614], [-83.21999, 8.56133], [-83.21944, 8.56127], [-83.21889, 8.56124], [-83.21834, 8.56122], [-83.21779, 8.56121], [-83.21724, 8.56121], [-83.21669, 8.5612], [-83.21614, 8.5612], [-83.21559, 8.56119], [-83.21504, 8.56117], [-83.21449, 8.56114], [-83.21411, 8.56111], [-83.21394, 8.5611], [-83.21339, 8.56104], [-83.21284, 8.56096], [-83.21229, 8.56088], [-83.21174, 8.56078], [-83.21119, 8.56068], [-83.21064, 8.56058], [-83.21058, 8.56057], [-83.21009, 8.56047], [-83.20954, 8.56037], [-83.20899, 8.56026], [-83.20844, 8.56015], [-83.2079, 8.56002], [-83.20789, 8.56002], [-83.20734, 8.55986], [-83.20679, 8.55966], [-83.20643, 8.55948], [-83.20624, 8.55937], [-83.20569, 8.55897], [-83.20566, 8.55894], [-83.20518, 8.55839], [-83.20514, 8.55835], [-83.2048, 8.55785], [-83.20459, 8.55756], [-83.20441, 8.5573], [-83.20404, 8.55682], [-83.204, 8.55676], [-83.20349, 8.55622], [-83.20349, 8.55622], [-83.20294, 8.55577], [-83.20279, 8.55567], [-83.20239, 8.55543], [-83.20184, 8.55519], [-83.20156, 8.55513], [-83.2013, 8.55506], [-83.20075, 8.555], [-83.2002, 8.55498], [-83.19965, 8.55503], [-83.19918, 8.55513], [-83.1991, 8.55515], [-83.19855, 8.55534], [-83.198, 8.55565], [-83.19796, 8.55567], [-83.19745, 8.55607], [-83.19732, 8.55622], [-83.1969, 8.55673], [-83.19688, 8.55676], [-83.19662, 8.5573], [-83.19643, 8.55785], [-83.19635, 8.5583], [-83.19633, 8.55839], [-83.19631, 8.55894], [-83.19635, 8.55937], [-83.19636, 8.55948], [-83.19647, 8.56002], [-83.19663, 8.56057], [-83.19683, 8.56111], [-83.1969, 8.56125], [-83.19713, 8.56166], [-83.19745, 8.56212], [-83.19751, 8.5622], [-83.198, 8.5627], [-83.19805, 8.56274], [-83.19855, 8.56314], [-83.19877, 8.56329], [-83.1991, 8.56351], [-83.19959, 8.56383], [-83.19965, 8.56387], [-83.2002, 8.56427], [-83.20031, 8.56437], [-83.20075, 8.56482], [-83.20082, 8.56492], [-83.20119, 8.56546], [-83.2013, 8.56565], [-83.20147, 8.56601], [-83.20171, 8.56655], [-83.20184, 8.56689], [-83.20192, 8.56709], [-83.20212, 8.56764], [-83.20232, 8.56818], [-83.20239, 8.5684], [-83.2025, 8.56873], [-83.20268, 8.56927], [-83.20284, 8.56981], [-83.20294, 8.57014], [-83.20301, 8.57036], [-83.20316, 8.5709], [-83.20332, 8.57144], [-83.20348, 8.57199], [-83.20349, 8.57203], [-83.20365, 8.57253], [-83.20383, 8.57308], [-83.20402, 8.57362], [-83.20404, 8.5737], [-83.20422, 8.57416], [-83.20445, 8.57471], [-83.20459, 8.57504], [-83.20469, 8.57525], [-83.20495, 8.57579], [-83.20514, 8.57618], [-83.20523, 8.57634], [-83.20551, 8.57688], [-83.20569, 8.57722], [-83.20581, 8.57743], [-83.20611, 8.57797], [-83.20624, 8.5782], [-83.20642, 8.57851], [-83.20674, 8.57906], [-83.20679, 8.57915], [-83.20705, 8.5796], [-83.20734, 8.58009], [-83.20738, 8.58015], [-83.20773, 8.58069], [-83.20789, 8.58093], [-83.20812, 8.58123], [-83.20844, 8.58162], [-83.20859, 8.58178], [-83.20899, 8.58216], [-83.20919, 8.58232], [-83.20954, 8.58258], [-83.21002, 8.58286], [-83.21009, 8.5829], [-83.21064, 8.58314], [-83.21119, 8.58331], [-83.21161, 8.58341], [-83.21174, 8.58344], [-83.21229, 8.58353], [-83.21284, 8.58359], [-83.21339, 8.58365], [-83.21394, 8.5837], [-83.21449, 8.58376], [-83.21504, 8.58382], [-83.21559, 8.58386], [-83.21614, 8.58389], [-83.21669, 8.58391], [-83.21724, 8.58393], [-83.21779, 8.58394], [-83.21816, 8.58395], [-83.21834, 8.58396], [-83.21889, 8.58397], [-83.21944, 8.584], [-83.21999, 8.58402], [-83.22054, 8.58405], [-83.22109, 8.58407], [-83.22164, 8.58409], [-83.22219, 8.58411], [-83.22274, 8.58412], [-83.22329, 8.58413], [-83.22384, 8.58412], [-83.22439, 8.5841], [-83.22494, 8.58407], [-83.22549, 8.58404], [-83.22604, 8.58401], [-83.22659, 8.58399], [-83.22714, 8.58398], [-83.22769, 8.584], [-83.22824, 8.58403], [-83.22879, 8.58406], [-83.22934, 8.58411], [-83.22989, 8.58417], [-83.23044, 8.58424], [-83.23099, 8.58432], [-83.23154, 8.58442], [-83.23193, 8.5845], [-83.23208, 8.58453], [-83.23263, 8.58465], [-83.23318, 8.58479], [-83.23373, 8.58495], [-83.23406, 8.58504], [-83.23428, 8.5851], [-83.23483, 8.58526], [-83.23538, 8.58541], [-83.23593, 8.58555], [-83.23606, 8.58558], [-83.23648, 8.58568], [-83.23703, 8.58581], [-83.23758, 8.58594], [-83.23813, 8.58606], [-83.23843, 8.58613], [-83.23868, 8.58618], [-83.23923, 8.58629], [-83.23978, 8.58638], [-83.24033, 8.58647], [-83.24088, 8.58655], [-83.24143, 8.58662], [-83.2419, 8.58667], [-83.24198, 8.58668], [-83.24253, 8.58673], [-83.24308, 8.58678], [-83.24363, 8.58684], [-83.24418, 8.58689], [-83.24473, 8.58695], [-83.24528, 8.58703], [-83.24583, 8.58712], [-83.24638, 8.58722], [-83.24638, 8.58722], [-83.24693, 8.58733], [-83.24748, 8.58746], [-83.24803, 8.5876], [-83.24855, 8.58776], [-83.24858, 8.58777], [-83.24913, 8.58795], [-83.24968, 8.58815], [-83.25006, 8.5883], [-83.25023, 8.58837], [-83.25078, 8.58863], [-83.25121, 8.58885], [-83.25133, 8.58891], [-83.25188, 8.58921], [-83.25219, 8.58939], [-83.25243, 8.58953], [-83.25298, 8.58984], [-83.25315, 8.58993], [-83.25353, 8.59013], [-83.25408, 8.5904], [-83.25425, 8.59048], [-83.25463, 8.59064], [-83.25518, 8.59086], [-83.25558, 8.59102], [-83.25573, 8.59108], [-83.25628, 8.59128], [-83.25683, 8.59149], [-83.25704, 8.59157], [-83.25738, 8.59169], [-83.25793, 8.5919], [-83.25847, 8.59211], [-83.25848, 8.59211], [-83.25903, 8.59232], [-83.25958, 8.59251], [-83.25998, 8.59265], [-83.26013, 8.59271], [-83.26068, 8.5929], [-83.26123, 8.5931], [-83.26147, 8.5932], [-83.26178, 8.59332], [-83.26232, 8.59356], [-83.26271, 8.59374], [-83.26287, 8.59382], [-83.26342, 8.5941], [-83.26378, 8.59429], [-83.26397, 8.59439], [-83.26452, 8.59468], [-83.2648, 8.59483], [-83.26507, 8.59498], [-83.26562, 8.59529], [-83.26576, 8.59537], [-83.26617, 8.59562], [-83.26665, 8.59592], [-83.26672, 8.59596], [-83.26727, 8.59632], [-83.26747, 8.59646], [-83.26782, 8.59671], [-83.26824, 8.597], [-83.26837, 8.5971], [-83.26892, 8.5975], [-83.26899, 8.59755], [-83.26947, 8.5979], [-83.26973, 8.59809], [-83.27002, 8.59831], [-83.27045, 8.59864], [-83.27057, 8.59873], [-83.27112, 8.59914], [-83.27117, 8.59918], [-83.27167, 8.59956], [-83.27187, 8.59972], [-83.27222, 8.6], [-83.27255, 8.60027], [-83.27277, 8.60045], [-83.27319, 8.60081], [-83.27332, 8.60092], [-83.27383, 8.60135], [-83.27387, 8.60139], [-83.27442, 8.60187], [-83.27445, 8.6019], [-83.27497, 8.60236], [-83.27507, 8.60244], [-83.27552, 8.60285], [-83.27567, 8.60299], [-83.27607, 8.60336], [-83.27625, 8.60353], [-83.27662, 8.60387], [-83.27683, 8.60407], [-83.27717, 8.60441], [-83.27737, 8.60462], [-83.27772, 8.60498], [-83.27789, 8.60516], [-83.27827, 8.60559], [-83.27837, 8.60571], [-83.27882, 8.60625], [-83.27882, 8.60625], [-83.27922, 8.60679], [-83.27937, 8.607], [-83.2796, 8.60734], [-83.27992, 8.60783], [-83.27995, 8.60788], [-83.28028, 8.60842], [-83.28047, 8.60875], [-83.28059, 8.60897], [-83.28087, 8.60951], [-83.28102, 8.60982], [-83.28113, 8.61006], [-83.28137, 8.6106], [-83.28157, 8.6111], [-83.28158, 8.61114], [-83.28178, 8.61169], [-83.28197, 8.61223], [-83.28212, 8.61268], [-83.28215, 8.61278], [-83.28232, 8.61332], [-83.28249, 8.61386], [-83.28266, 8.61441], [-83.28267, 8.61445], [-83.28282, 8.61495], [-83.28299, 8.61549], [-83.28316, 8.61604], [-83.28322, 8.61622], [-83.28333, 8.61658], [-83.28349, 8.61713], [-83.28366, 8.61767], [-83.28377, 8.61804], [-83.28382, 8.61821], [-83.28398, 8.61876], [-83.28413, 8.6193], [-83.28429, 8.61984], [-83.28432, 8.61996], [-83.28444, 8.62039], [-83.28459, 8.62093], [-83.28473, 8.62148], [-83.28487, 8.62199], [-83.28488, 8.62202], [-83.28502, 8.62256], [-83.28517, 8.62311], [-83.28532, 8.62365], [-83.28542, 8.62397], [-83.28548, 8.6242], [-83.28564, 8.62474], [-83.2858, 8.62528], [-83.28596, 8.62583], [-83.28597, 8.62586], [-83.28611, 8.62637], [-83.28627, 8.62691], [-83.28643, 8.62746], [-83.28652, 8.62777], [-83.28658, 8.628], [-83.28674, 8.62855], [-83.28691, 8.62909], [-83.28707, 8.62962], [-83.28707, 8.62963], [-83.28724, 8.63018], [-83.2874, 8.63072], [-83.28756, 8.63127], [-83.28762, 8.63144], [-83.28773, 8.63181], [-83.2879, 8.63235], [-83.28808, 8.6329], [-83.28817, 8.63318], [-83.28825, 8.63344], [-83.28842, 8.63398], [-83.28859, 8.63453], [-83.28872, 8.63496], [-83.28875, 8.63507], [-83.28894, 8.63562], [-83.28916, 8.63616], [-83.28927, 8.6364], [-83.28942, 8.6367], [-83.28976, 8.63725], [-83.28982, 8.63733], [-83.29019, 8.63779], [-83.29037, 8.63799], [-83.29072, 8.63834], [-83.29092, 8.63852], [-83.29134, 8.63888], [-83.29147, 8.63897], [-83.29202, 8.63937], [-83.29209, 8.63942], [-83.29256, 8.63973], [-83.29294, 8.63997], [-83.29311, 8.64007], [-83.29366, 8.6404], [-83.29386, 8.64051], [-83.29421, 8.6407], [-83.29476, 8.64094], [-83.29504, 8.64105], [-83.29531, 8.64115], [-83.29586, 8.64134], [-83.29641, 8.64152], [-83.29662, 8.6416], [-83.29696, 8.64171], [-83.29751, 8.64193], [-83.29796, 8.64214], [-83.29806, 8.64219], [-83.29861, 8.64253], [-83.29881, 8.64269], [-83.29916, 8.64296], [-83.29944, 8.64323], [-83.29971, 8.6435], [-83.29995, 8.64377], [-83.30026, 8.64416], [-83.30038, 8.64432], [-83.30073, 8.64486], [-83.30081, 8.64499], [-83.30103, 8.6454], [-83.30127, 8.64595], [-83.30136, 8.64624], [-83.30144, 8.64649], [-83.30153, 8.64704], [-83.30156, 8.64758], [-83.30158, 8.64812], [-83.30161, 8.64867], [-83.30165, 8.64921], [-83.30172, 8.64976], [-83.30183, 8.6503], [-83.30191, 8.65057], [-83.30202, 8.65084], [-83.30229, 8.65139], [-83.30246, 8.65168], [-83.30267, 8.65193], [-83.30301, 8.65229], [-83.30323, 8.65247], [-83.30356, 8.65273], [-83.30402, 8.65302], [-83.30411, 8.65307], [-83.30466, 8.65334], [-83.30516, 8.65356], [-83.30521, 8.65358], [-83.30576, 8.65379], [-83.30631, 8.65399], [-83.30666, 8.65411], [-83.30686, 8.65418], [-83.30741, 8.65436], [-83.30796, 8.65453], [-83.30839, 8.65465], [-83.30851, 8.65468], [-83.30906, 8.65479], [-83.30961, 8.65487], [-83.31016, 8.65489], [-83.31071, 8.65484], [-83.31126, 8.65469], [-83.31135, 8.65465], [-83.31181, 8.65437], [-83.31207, 8.65411], [-83.31236, 8.65375], [-83.31247, 8.65356], [-83.31273, 8.65302], [-83.31291, 8.6525], [-83.31291, 8.65247], [-83.31303, 8.65193], [-83.31311, 8.65139], [-83.31315, 8.65084], [-83.31315, 8.6503], [-83.3131, 8.64976], [-83.31298, 8.64921], [-83.31291, 8.64894], [-83.31282, 8.64867], [-83.31263, 8.64812], [-83.31243, 8.64758], [-83.31236, 8.64736], [-83.31223, 8.64704], [-83.31209, 8.64649], [-83.31206, 8.64595], [-83.31213, 8.6454], [-83.31229, 8.64486], [-83.31236, 8.6447], [-83.31253, 8.64432], [-83.31288, 8.64377], [-83.31291, 8.64373], [-83.31334, 8.64323], [-83.31346, 8.64312], [-83.31397, 8.64269], [-83.31401, 8.64266], [-83.31456, 8.6423], [-83.31488, 8.64214], [-83.31511, 8.64203], [-83.31566, 8.64184], [-83.31621, 8.6417], [-83.31669, 8.6416], [-83.31676, 8.64158], [-83.31731, 8.64148], [-83.31786, 8.64141], [-83.31841, 8.64137], [-83.31896, 8.64136], [-83.31951, 8.6414], [-83.32006, 8.64148], [-83.32051, 8.6416], [-83.32061, 8.64162], [-83.32116, 8.64182], [-83.32171, 8.64207], [-83.32185, 8.64214], [-83.32226, 8.64234], [-83.32281, 8.64265], [-83.32286, 8.64269], [-83.32335, 8.64297], [-83.32381, 8.64323], [-83.3239, 8.64329], [-83.32445, 8.64359], [-83.32481, 8.64377], [-83.325, 8.64388], [-83.32555, 8.64421], [-83.32574, 8.64432], [-83.3261, 8.64455], [-83.32657, 8.64486], [-83.32665, 8.64492], [-83.3272, 8.64531], [-83.32733, 8.6454], [-83.32775, 8.64575], [-83.32801, 8.64595], [-83.3283, 8.64623], [-83.32859, 8.64649], [-83.32885, 8.64678], [-83.3291, 8.64704], [-83.3294, 8.64739], [-83.32957, 8.64758], [-83.32995, 8.64806], [-83.33, 8.64812], [-83.3304, 8.64867], [-83.3305, 8.64882], [-83.33077, 8.64921], [-83.33105, 8.64967], [-83.33111, 8.64976], [-83.33144, 8.6503], [-83.3316, 8.65059], [-83.33174, 8.65084], [-83.33203, 8.65139], [-83.33215, 8.65165], [-83.33229, 8.65193], [-83.33253, 8.65247], [-83.3327, 8.65285], [-83.33278, 8.65302], [-83.33302, 8.65356], [-83.33325, 8.65409], [-83.33326, 8.65411], [-83.33351, 8.65465], [-83.33376, 8.65519], [-83.3338, 8.65528], [-83.33402, 8.65574], [-83.33427, 8.65628], [-83.33435, 8.65645], [-83.33453, 8.65683], [-83.3348, 8.65737], [-83.3349, 8.65756], [-83.33508, 8.65791], [-83.33538, 8.65846], [-83.33545, 8.65859], [-83.33568, 8.659], [-83.336, 8.65954], [-83.33601, 8.65954], [-83.33634, 8.66009], [-83.33655, 8.66041], [-83.33669, 8.66063], [-83.33706, 8.66118], [-83.3371, 8.66123], [-83.33745, 8.66172], [-83.33765, 8.66199], [-83.33786, 8.66226], [-83.3382, 8.66271], [-83.33827, 8.66281], [-83.3387, 8.66335], [-83.33875, 8.66341], [-83.33914, 8.6639], [-83.3393, 8.6641], [-83.33958, 8.66444], [-83.33985, 8.66477], [-83.34002, 8.66498], [-83.3404, 8.66544], [-83.34047, 8.66553], [-83.34093, 8.66607], [-83.34095, 8.66609], [-83.34142, 8.66661], [-83.3415, 8.6667], [-83.34194, 8.66716], [-83.34205, 8.66726], [-83.34253, 8.6677], [-83.3426, 8.66776], [-83.34315, 8.66821], [-83.3432, 8.66825], [-83.3437, 8.66861], [-83.34396, 8.66879], [-83.34425, 8.66898], [-83.34478, 8.66933], [-83.3448, 8.66934], [-83.34535, 8.66969], [-83.34563, 8.66988], [-83.3459, 8.67004], [-83.34645, 8.6704], [-83.34648, 8.67042], [-83.347, 8.67075], [-83.34733, 8.67096], [-83.34755, 8.6711], [-83.3481, 8.67144], [-83.34821, 8.67151], [-83.34865, 8.67178], [-83.34909, 8.67205], [-83.3492, 8.67212], [-83.34975, 8.67246], [-83.34994, 8.6726], [-83.3503, 8.67282], [-83.35076, 8.67314], [-83.35085, 8.6732], [-83.3514, 8.67361], [-83.35148, 8.67368], [-83.35195, 8.67407], [-83.35212, 8.67423], [-83.3525, 8.67457], [-83.3527, 8.67477], [-83.35305, 8.6751], [-83.35325, 8.67532], [-83.35359, 8.67568], [-83.35376, 8.67586], [-83.35414, 8.67628], [-83.35426, 8.6764], [-83.35469, 8.67688], [-83.35476, 8.67695], [-83.35524, 8.67743], [-83.35531, 8.67749], [-83.35579, 8.67795], [-83.35588, 8.67803], [-83.35634, 8.67851], [-83.35641, 8.67858], [-83.35688, 8.67912], [-83.35689, 8.67914], [-83.3573, 8.67967], [-83.35744, 8.67988], [-83.35766, 8.68021], [-83.35796, 8.68075], [-83.35799, 8.68082], [-83.35821, 8.6813], [-83.35843, 8.68184], [-83.35854, 8.68216], [-83.35863, 8.68239], [-83.35882, 8.68293], [-83.35901, 8.68347], [-83.35909, 8.68371], [-83.35921, 8.68402], [-83.35941, 8.68456], [-83.35962, 8.6851], [-83.35964, 8.68516], [-83.35984, 8.68565], [-83.36006, 8.68619], [-83.36019, 8.68651], [-83.36029, 8.68674], [-83.36051, 8.68728], [-83.36074, 8.68781], [-83.36075, 8.68782], [-83.36099, 8.68837], [-83.36124, 8.68891], [-83.36129, 8.68902], [-83.36151, 8.68945], [-83.36179, 8.69], [-83.36184, 8.69011], [-83.36208, 8.69054], [-83.36238, 8.69109], [-83.36239, 8.6911], [-83.3627, 8.69163], [-83.36294, 8.69202], [-83.36304, 8.69217], [-83.3634, 8.69272], [-83.36349, 8.69286], [-83.36378, 8.69326], [-83.36404, 8.69363], [-83.36417, 8.69381], [-83.36458, 8.69435], [-83.36459, 8.69436], [-83.36501, 8.69489], [-83.36514, 8.69506], [-83.36544, 8.69544], [-83.36569, 8.69574], [-83.3659, 8.69598], [-83.36624, 8.69637], [-83.36638, 8.69652], [-83.36679, 8.69697], [-83.36689, 8.69707], [-83.36734, 8.69751], [-83.36744, 8.69761], [-83.36789, 8.69802], [-83.36805, 8.69816], [-83.36844, 8.69847], [-83.36873, 8.6987], [-83.36899, 8.69889], [-83.36947, 8.69924], [-83.36954, 8.69929], [-83.37009, 8.69965], [-83.37031, 8.69979], [-83.37064, 8.69998], [-83.37119, 8.70027], [-83.37133, 8.70033], [-83.37174, 8.70051], [-83.37229, 8.70073], [-83.37274, 8.70088], [-83.37284, 8.70091], [-83.37339, 8.70105], [-83.37394, 8.70117], [-83.37449, 8.70126], [-83.37504, 8.70134], [-83.37559, 8.70142], [-83.37562, 8.70142], [-83.37614, 8.70148], [-83.37669, 8.70155], [-83.37724, 8.70163], [-83.37779, 8.70171], [-83.37834, 8.70177], [-83.37889, 8.70183], [-83.37944, 8.70189], [-83.37999, 8.70195], [-83.38009, 8.70196], [-83.38054, 8.70202], [-83.38109, 8.70211], [-83.38164, 8.70222], [-83.38219, 8.70236], [-83.3827, 8.70251], [-83.38274, 8.70252], [-83.38329, 8.70269], [-83.38383, 8.70288], [-83.3843, 8.70305], [-83.38438, 8.70308], [-83.38493, 8.70328], [-83.38548, 8.70347], [-83.38584, 8.70359], [-83.38603, 8.70366], [-83.38658, 8.70384], [-83.38713, 8.70402], [-83.38748, 8.70414], [-83.38768, 8.70421], [-83.38823, 8.7044], [-83.38878, 8.70461], [-83.38895, 8.70468], [-83.38933, 8.70484], [-83.38988, 8.70509], [-83.39017, 8.70523], [-83.39043, 8.70535], [-83.39098, 8.70562], [-83.39127, 8.70577], [-83.39153, 8.7059], [-83.39208, 8.70618], [-83.39234, 8.70631], [-83.39263, 8.70646], [-83.39318, 8.70673], [-83.39344, 8.70686], [-83.39373, 8.707], [-83.39428, 8.70726], [-83.39457, 8.7074], [-83.39483, 8.70752], [-83.39538, 8.70777], [-83.39578, 8.70795], [-83.39593, 8.70801], [-83.39648, 8.70825], [-83.39703, 8.70849], [-83.39703, 8.70849], [-83.39758, 8.70872], [-83.39813, 8.70896], [-83.39832, 8.70903], [-83.39868, 8.70918], [-83.39923, 8.70939], [-83.39972, 8.70958], [-83.39978, 8.7096], [-83.40033, 8.70981], [-83.40088, 8.71], [-83.40127, 8.71012], [-83.40143, 8.71017], [-83.40198, 8.7103], [-83.40253, 8.71039], [-83.40308, 8.71044], [-83.40363, 8.71044], [-83.40418, 8.7104], [-83.40473, 8.71034], [-83.40528, 8.71025], [-83.40583, 8.71014]]}}, {"type": "Feature", "properties": {"depth_m": 150}, "geometry": {"type": "LineString", "coordinates": [[-83.38868, 8.68619], [-83.38823, 8.68667], [-83.38768, 8.68657], [-83.38713, 8.68634], [-83.38693, 8.68619], [-83.38713, 8.68595], [-83.38768, 8.68565], [-83.3877, 8.68565], [-83.38823, 8.68554], [-83.38838, 8.68565], [-83.38868, 8.68619]]}}, {"type": "Feature", "properties": {"depth_m": 150}, "geometry": {"type": "LineString", "coordinates": [[-83.38247, 8.68212], [-83.38219, 8.68207], [-83.38204, 8.68184], [-83.38213, 8.6813], [-83.38218, 8.68075], [-83.38219, 8.68067], [-83.38231, 8.68075], [-83.38274, 8.68083], [-83.38329, 8.6808], [-83.38383, 8.68087], [-83.38438, 8.68113], [-83.38461, 8.6813], [-83.38493, 8.68148], [-83.38536, 8.68184], [-83.38493, 8.68217], [-83.3845, 8.68227]]}}, {"type": "Feature", "properties": {"depth_m": 150}, "geometry": {"type": "LineString", "coordinates": [[-83.396, 8.6813], [-83.39593, 8.68138], [-83.39582, 8.6813], [-83.39553, 8.68075], [-83.39567, 8.68021], [-83.39593, 8.67978], [-83.39605, 8.68021], [-83.39613, 8.68075], [-83.396, 8.6813]]}}, {"type": "Feature", "properties": {"depth_m": 150}, "geometry": {"type": "LineString", "coordinates": [[-83.39403, 8.67883], [-83.39408, 8.67912], [-83.39373, 8.67948], [-83.3933, 8.67912], [-83.39318, 8.67882], [-83.39309, 8.67858], [-83.39317, 8.67803], [-83.39318, 8.67799], [-83.39362, 8.67749], [-83.39373, 8.67743], [-83.39378, 8.67749], [-83.39403, 8.67803], [-83.39402, 8.67832]]}}, {"type": "Feature", "properties": {"depth_m": 150}, "geometry": {"type": "LineString", "coordinates": [[-83.38025, 8.67749], [-83.37999, 8.67755], [-83.37944, 8.67758], [-83.37889, 8.67759], [-83.37834, 8.67755], [-83.37804, 8.67749], [-83.37834, 8.67713], [-83.37889, 8.67696], [-83.37944, 8.67705], [-83.37999, 8.67726], [-83.38025, 8.67749]]}}, {"type": "Feature", "properties": {"depth_m": 150}, "geometry": {"type": "LineString", "coordinates": [[-83.39176, 8.6764], [-83.39153, 8.6765], [-83.39098, 8.67652], [-83.39065, 8.6764], [-83.39043, 8.67609], [-83.39037, 8.67586], [-83.39011, 8.67532], [-83.39043, 8.67515], [-83.39098, 8.67507], [-83.39153, 8.67511], [-83.39208, 8.67527], [-83.39221, 8.67532], [-83.39208, 8.67554], [-83.39194, 8.67586], [-83.39176, 8.6764]]}}, {"type": "Feature", "properties": {"depth_m": 150}, "geometry": {"type": "LineString", "coordinates": [[-83.33109, 8.62583], [-83.33105, 8.62585], [-83.3305, 8.62589], [-83.32995, 8.6259], [-83.3294, 8.62589], [-83.32885, 8.62585], [-83.32874, 8.62583], [-83.3283, 8.62566], [-83.32775, 8.62544], [-83.32739, 8.62528], [-83.32775, 8.62502], [-83.3283, 8.62485], [-83.32885, 8.62477], [-83.3294, 8.62478], [-83.32995, 8.62482], [-83.3305, 8.62488], [-83.33105, 8.62497], [-83.33132, 8.62528], [-83.33109, 8.62583]]}}, {"type": "Feature", "properties": {"depth_m": 150}, "geometry": {"type": "LineString", "coordinates": [[-83.2619, 8.5486], [-83.26178, 8.54891], [-83.26123, 8.54862], [-83.2612, 8.5486], [-83.26068, 8.54818], [-83.2605, 8.54806], [-83.26013, 8.54777], [-83.25984, 8.54752], [-83.25958, 8.54735], [-83.25903, 8.54697], [-83.25958, 8.54672], [-83.26013, 8.5466], [-83.26068, 8.54655], [-83.26123, 8.5465], [-83.26178, 8.54647], [-83.26211, 8.54697], [-83.26203, 8.54752], [-83.26197, 8.54806], [-83.2619, 8.5486]]}}, {"type": "Feature", "properties": {"depth_m": 175}, "geometry": {"type": "LineString", "coordinates": [[-83.40693, 8.70798], [-83.40703, 8.70795], [-83.40748, 8.70778], [-83.40803, 8.70754], [-83.40829, 8.7074], [-83.40858, 8.70723], [-83.40913, 8.70686], [-83.40913, 8.70686], [-83.40968, 8.70644], [-83.40984, 8.70631], [-83.41023, 8.70603], [-83.41061, 8.70577], [-83.41078, 8.70567], [-83.41133, 8.70536], [-83.41161, 8.70523], [-83.41188, 8.70511], [-83.41243, 8.70492], [-83.41298, 8.70477], [-83.41347, 8.70468], [-83.41353, 8.70467], [-83.41407, 8.70459], [-83.41462, 8.70452], [-83.41517, 8.70444], [-83.41572, 8.70436], [-83.41627, 8.70426], [-83.41682, 8.70414], [-83.41682, 8.70414], [-83.41737, 8.70397], [-83.41792, 8.70379], [-83.41846, 8.70359], [-83.41847, 8.70359], [-83.41902, 8.70333], [-83.41956, 8.70305], [-83.41957, 8.70304], [-83.42012, 8.70268], [-83.42037, 8.70251], [-83.42067, 8.70227], [-83.42108, 8.70196], [-83.42122, 8.70185], [-83.42177, 8.70144], [-83.4218, 8.70142], [-83.42232, 8.70107], [-83.4227, 8.70088], [-83.42287, 8.70079], [-83.42342, 8.70057], [-83.42397, 8.70038], [-83.42414, 8.70033], [-83.42452, 8.70021], [-83.42507, 8.70004], [-83.42562, 8.69984], [-83.42575, 8.69979], [-83.42617, 8.69958], [-83.42672, 8.69925], [-83.42674, 8.69924], [-83.42727, 8.69879], [-83.42737, 8.6987], [-83.42781, 8.69816], [-83.42782, 8.69814], [-83.42812, 8.69761], [-83.42833, 8.69707], [-83.42837, 8.69693], [-83.42849, 8.69652], [-83.42859, 8.69598], [-83.42867, 8.69544], [-83.42873, 8.69489], [-83.4288, 8.69435], [-83.42889, 8.69381], [-83.42892, 8.69364], [-83.42898, 8.69326], [-83.42904, 8.69272], [-83.42907, 8.69217], [-83.42906, 8.69163], [-83.42904, 8.69109], [-83.42899, 8.69054], [-83.42894, 8.69], [-83.42892, 8.68982], [-83.42888, 8.68945], [-83.42884, 8.68891], [-83.4288, 8.68837], [-83.42876, 8.68782], [-83.42869, 8.68728], [-83.42859, 8.68674], [-83.42844, 8.68619], [-83.42837, 8.68603], [-83.42822, 8.68565], [-83.42791, 8.6851], [-83.42782, 8.68499], [-83.42749, 8.68456], [-83.42727, 8.68433], [-83.42695, 8.68402], [-83.42672, 8.68382], [-83.42629, 8.68347], [-83.42617, 8.68338], [-83.42562, 8.68301], [-83.42549, 8.68293], [-83.42507, 8.68267], [-83.4246, 8.68239], [-83.42452, 8.68233], [-83.42397, 8.68198], [-83.42376, 8.68184], [-83.42342, 8.68158], [-83.42308, 8.6813], [-83.42287, 8.68109], [-83.42256, 8.68075], [-83.42232, 8.68047], [-83.42212, 8.68021], [-83.42177, 8.67971], [-83.42175, 8.67967], [-83.42142, 8.67912], [-83.42122, 8.67872], [-83.42115, 8.67858], [-83.42093, 8.67803], [-83.42076, 8.67749], [-83.42067, 8.67712], [-83.42063, 8.67695], [-83.42055, 8.6764], [-83.42051, 8.67586], [-83.4205, 8.67532], [-83.42052, 8.67477], [-83.42055, 8.67423], [-83.42058, 8.67368], [-83.42062, 8.67314], [-83.42064, 8.6726], [-83.42066, 8.67205], [-83.42067, 8.67151], [-83.42067, 8.67142], [-83.42069, 8.67096], [-83.42071, 8.67042], [-83.42073, 8.66988], [-83.42074, 8.66933], [-83.42073, 8.66879], [-83.42071, 8.66825], [-83.42067, 8.66783], [-83.42066, 8.6677], [-83.4206, 8.66716], [-83.42053, 8.66661], [-83.42045, 8.66607], [-83.42036, 8.66553], [-83.42026, 8.66498], [-83.42015, 8.66444], [-83.42012, 8.6643], [-83.42004, 8.6639], [-83.41991, 8.66335], [-83.41976, 8.66281], [-83.41961, 8.66226], [-83.41957, 8.66215], [-83.41944, 8.66172], [-83.41926, 8.66118], [-83.41906, 8.66063], [-83.41902, 8.66052], [-83.41886, 8.66009], [-83.41865, 8.65954], [-83.41847, 8.6591], [-83.41843, 8.659], [-83.41821, 8.65846], [-83.41796, 8.65791], [-83.41792, 8.65783], [-83.41771, 8.65737], [-83.41743, 8.65683], [-83.41737, 8.65672], [-83.41714, 8.65628], [-83.41682, 8.65574], [-83.41682, 8.65574], [-83.41649, 8.65519], [-83.41627, 8.65486], [-83.41613, 8.65465], [-83.41574, 8.65411], [-83.41572, 8.65408], [-83.41532, 8.65356], [-83.41517, 8.65338], [-83.41487, 8.65302], [-83.41462, 8.65273], [-83.4144, 8.65247], [-83.41407, 8.65211], [-83.41391, 8.65193], [-83.41353, 8.65151], [-83.41341, 8.65139], [-83.41298, 8.65091], [-83.41291, 8.65084], [-83.41243, 8.65032], [-83.41241, 8.6503], [-83.41189, 8.64976], [-83.41188, 8.64974], [-83.41136, 8.64921], [-83.41133, 8.64917], [-83.41082, 8.64867], [-83.41078, 8.64863], [-83.41026, 8.64812], [-83.41023, 8.64809], [-83.40969, 8.64758], [-83.40968, 8.64757], [-83.40913, 8.64704], [-83.40913, 8.64704], [-83.40858, 8.6465], [-83.40857, 8.64649], [-83.40804, 8.64595], [-83.40803, 8.64593], [-83.40753, 8.6454], [-83.40748, 8.64534], [-83.40705, 8.64486], [-83.40693, 8.64472], [-83.40658, 8.64432], [-83.40638, 8.64407], [-83.40613, 8.64377], [-83.40583, 8.64339], [-83.4057, 8.64323], [-83.40528, 8.64269], [-83.40528, 8.64268], [-83.40488, 8.64214], [-83.40473, 8.64193], [-83.40448, 8.6416], [-83.40418, 8.64116], [-83.4041, 8.64105], [-83.40373, 8.64051], [-83.40363, 8.64037], [-83.40337, 8.63997], [-83.40308, 8.63951], [-83.40302, 8.63942], [-83.4027, 8.63888], [-83.40253, 8.63858], [-83.40239, 8.63834], [-83.40208, 8.63779], [-83.40198, 8.6376], [-83.40178, 8.63725], [-83.40149, 8.6367], [-83.40143, 8.63659], [-83.40119, 8.63616], [-83.40089, 8.63562], [-83.40088, 8.6356], [-83.40055, 8.63507], [-83.40033, 8.63473], [-83.40018, 8.63453], [-83.39978, 8.634], [-83.39977, 8.63398], [-83.39929, 8.63344], [-83.39923, 8.63338], [-83.39876, 8.6329], [-83.39868, 8.63281], [-83.39821, 8.63235], [-83.39813, 8.63228], [-83.39761, 8.63181], [-83.39758, 8.63178], [-83.39703, 8.63132], [-83.39695, 8.63127], [-83.39648, 8.63091], [-83.39621, 8.63072], [-83.39593, 8.63054], [-83.39538, 8.6302], [-83.39534, 8.63018], [-83.39483, 8.62991], [-83.39428, 8.62964], [-83.39427, 8.62963], [-83.39373, 8.6294], [-83.39318, 8.62917], [-83.39296, 8.62909], [-83.39263, 8.62897], [-83.39208, 8.62878], [-83.39153, 8.6286], [-83.39136, 8.62855], [-83.39098, 8.62843], [-83.39043, 8.62828], [-83.38988, 8.62814], [-83.38933, 8.62802], [-83.38925, 8.628], [-83.38878, 8.62791], [-83.38823, 8.62781], [-83.38768, 8.62772], [-83.38713, 8.62763], [-83.38658, 8.62753], [-83.3862, 8.62746], [-83.38603, 8.62743], [-83.38548, 8.62732], [-83.38493, 8.62722], [-83.38438, 8.62712], [-83.38383, 8.62703], [-83.38329, 8.62694], [-83.38314, 8.62691], [-83.38274, 8.62685], [-83.38219, 8.62676], [-83.38164, 8.62666], [-83.38109, 8.62656], [-83.38054, 8.62647], [-83.37999, 8.62637], [-83.37998, 8.62637], [-83.37944, 8.62627], [-83.37889, 8.62617], [-83.37834, 8.62605], [-83.37779, 8.62593], [-83.37738, 8.62583], [-83.37724, 8.62579], [-83.37669, 8.62565], [-83.37614, 8.6255], [-83.37559, 8.62534], [-83.37537, 8.62528], [-83.37504, 8.62519], [-83.37449, 8.62503], [-83.37394, 8.62487], [-83.37352, 8.62474], [-83.37339, 8.6247], [-83.37284, 8.62452], [-83.37229, 8.62433], [-83.37194, 8.6242], [-83.37174, 8.62412], [-83.37119, 8.62389], [-83.37065, 8.62365], [-83.37064, 8.62365], [-83.37009, 8.62339], [-83.36954, 8.62311], [-83.36954, 8.62311], [-83.36899, 8.62283], [-83.36849, 8.62256], [-83.36844, 8.62254], [-83.36789, 8.62226], [-83.36744, 8.62202], [-83.36734, 8.62197], [-83.36679, 8.62169], [-83.3664, 8.62148], [-83.36624, 8.62139], [-83.36569, 8.62108], [-83.36544, 8.62093], [-83.36514, 8.62076], [-83.36459, 8.62043], [-83.36453, 8.62039], [-83.36404, 8.62008], [-83.36368, 8.61984], [-83.36349, 8.61973], [-83.36294, 8.61937], [-83.36283, 8.6193], [-83.36239, 8.61903], [-83.36196, 8.61876], [-83.36184, 8.61869], [-83.36129, 8.61836], [-83.36105, 8.61821], [-83.36074, 8.61803], [-83.36019, 8.6177], [-83.36014, 8.61767], [-83.35964, 8.61737], [-83.35927, 8.61713], [-83.35909, 8.61701], [-83.35854, 8.61663], [-83.35847, 8.61658], [-83.35799, 8.61625], [-83.3577, 8.61604], [-83.35744, 8.61586], [-83.35694, 8.61549], [-83.35689, 8.61547], [-83.35634, 8.61509], [-83.35615, 8.61495], [-83.35579, 8.61471], [-83.35535, 8.61441], [-83.35524, 8.61434], [-83.35469, 8.61394], [-83.3546, 8.61386], [-83.35414, 8.61349], [-83.35395, 8.61332], [-83.35359, 8.613], [-83.35337, 8.61278], [-83.35305, 8.61245], [-83.35284, 8.61223], [-83.3525, 8.61184], [-83.35237, 8.61169], [-83.35195, 8.61118], [-83.35191, 8.61114], [-83.35146, 8.6106], [-83.3514, 8.61052], [-83.35099, 8.61006], [-83.35085, 8.60989], [-83.35051, 8.60951], [-83.3503, 8.60926], [-83.35005, 8.60897], [-83.34975, 8.6086], [-83.34961, 8.60842], [-83.3492, 8.6079], [-83.34918, 8.60788], [-83.34877, 8.60734], [-83.34865, 8.60717], [-83.34836, 8.60679], [-83.3481, 8.60643], [-83.34796, 8.60625], [-83.34755, 8.60571], [-83.34754, 8.60571], [-83.34709, 8.60516], [-83.347, 8.60505], [-83.3466, 8.60462], [-83.34645, 8.60445], [-83.34608, 8.60407], [-83.3459, 8.6039], [-83.34552, 8.60353], [-83.34535, 8.60337], [-83.34493, 8.60299], [-83.3448, 8.60287], [-83.34429, 8.60244], [-83.34425, 8.60241], [-83.3437, 8.60201], [-83.34354, 8.6019], [-83.34315, 8.60165], [-83.34264, 8.60135], [-83.3426, 8.60133], [-83.34205, 8.60107], [-83.3415, 8.60086], [-83.34133, 8.60081], [-83.34095, 8.6007], [-83.3404, 8.60058], [-83.33985, 8.60048], [-83.3393, 8.60038], [-83.33875, 8.60028], [-83.33867, 8.60027], [-83.3382, 8.60017], [-83.33765, 8.60003], [-83.3371, 8.59985], [-83.33672, 8.59972], [-83.33655, 8.59967], [-83.336, 8.59947], [-83.33545, 8.59926], [-83.33525, 8.59918], [-83.3349, 8.59904], [-83.33435, 8.59879], [-83.33404, 8.59864], [-83.3338, 8.59852], [-83.33325, 8.59821], [-83.33307, 8.59809], [-83.3327, 8.59784], [-83.33235, 8.59755], [-83.33215, 8.59737], [-83.33181, 8.597], [-83.3316, 8.59678], [-83.33135, 8.59646], [-83.33105, 8.59608], [-83.33093, 8.59592], [-83.33052, 8.59537], [-83.3305, 8.59535], [-83.33007, 8.59483], [-83.32995, 8.5947], [-83.32954, 8.59429], [-83.3294, 8.59416], [-83.32887, 8.59374], [-83.32885, 8.59373], [-83.3283, 8.59336], [-83.32807, 8.5932], [-83.32775, 8.59298], [-83.32733, 8.59265], [-83.3272, 8.59255], [-83.32672, 8.59211], [-83.32665, 8.59205], [-83.3262, 8.59157], [-83.3261, 8.59147], [-83.32571, 8.59102], [-83.32555, 8.59085], [-83.32521, 8.59048], [-83.325, 8.59028], [-83.3246, 8.58993], [-83.32445, 8.58983], [-83.3239, 8.58948], [-83.32377, 8.58939], [-83.32335, 8.58916], [-83.32285, 8.58885], [-83.32281, 8.58882], [-83.32226, 8.58847], [-83.32203, 8.5883], [-83.32171, 8.58805], [-83.32138, 8.58776], [-83.32116, 8.58754], [-83.32083, 8.58722], [-83.32061, 8.58699], [-83.32027, 8.58667], [-83.32006, 8.58648], [-83.31961, 8.58613], [-83.31951, 8.58606], [-83.31896, 8.58572], [-83.31871, 8.58558], [-83.31841, 8.58544], [-83.31786, 8.58521], [-83.31746, 8.58504], [-83.31731, 8.58498], [-83.31676, 8.58478], [-83.31621, 8.58456], [-83.31608, 8.5845], [-83.31566, 8.58432], [-83.31511, 8.58404], [-83.31494, 8.58395], [-83.31456, 8.58373], [-83.31415, 8.58341], [-83.31401, 8.58328], [-83.31367, 8.58286], [-83.31346, 8.5825], [-83.31336, 8.58232], [-83.31311, 8.58178], [-83.31291, 8.5813], [-83.31288, 8.58123], [-83.31261, 8.58069], [-83.31236, 8.58019], [-83.31233, 8.58015], [-83.31199, 8.5796], [-83.31181, 8.57931], [-83.31162, 8.57906], [-83.31126, 8.57858], [-83.31119, 8.57851], [-83.31071, 8.57799], [-83.31068, 8.57797], [-83.31016, 8.57748], [-83.31009, 8.57743], [-83.30961, 8.57702], [-83.30942, 8.57688], [-83.30906, 8.57659], [-83.30871, 8.57634], [-83.30851, 8.57618], [-83.308, 8.57579], [-83.30796, 8.57577], [-83.30741, 8.57536], [-83.30727, 8.57525], [-83.30686, 8.57494], [-83.30655, 8.57471], [-83.30631, 8.57454], [-83.30576, 8.57419], [-83.30571, 8.57416], [-83.30521, 8.57389], [-83.30474, 8.57362], [-83.30466, 8.57357], [-83.30411, 8.57324], [-83.30387, 8.57308], [-83.30356, 8.57285], [-83.30316, 8.57253], [-83.30301, 8.57238], [-83.30262, 8.57199], [-83.30246, 8.5717], [-83.30227, 8.57144], [-83.30206, 8.5709], [-83.30191, 8.57046], [-83.3018, 8.57036], [-83.30136, 8.5701], [-83.30106, 8.57036], [-83.30081, 8.57087], [-83.30081, 8.5709], [-83.30072, 8.57144], [-83.30053, 8.57199], [-83.30026, 8.57242], [-83.3002, 8.57253], [-83.2999, 8.57308], [-83.29971, 8.57347], [-83.29964, 8.57362], [-83.29938, 8.57416], [-83.29916, 8.57458], [-83.29908, 8.57471], [-83.29863, 8.57525], [-83.29861, 8.57527], [-83.29806, 8.57563], [-83.29768, 8.57579], [-83.29751, 8.57586], [-83.29696, 8.57602], [-83.29641, 8.57615], [-83.29586, 8.57624], [-83.29531, 8.5763], [-83.29476, 8.57632], [-83.29421, 8.57631], [-83.29366, 8.57627], [-83.29311, 8.57621], [-83.2931, 8.57634], [-83.29306, 8.57688], [-83.29302, 8.57743], [-83.29297, 8.57797], [-83.29289, 8.57851], [-83.29293, 8.57906], [-83.29311, 8.57935], [-83.29366, 8.57933], [-83.29421, 8.57932], [-83.29476, 8.57931], [-83.29493, 8.5796], [-83.29483, 8.58015], [-83.29476, 8.58064], [-83.29421, 8.58037], [-83.29366, 8.5802], [-83.29336, 8.58015], [-83.29311, 8.58012], [-83.29256, 8.57999], [-83.29202, 8.57989], [-83.29147, 8.57974], [-83.29114, 8.5796], [-83.29092, 8.57951], [-83.29037, 8.57929], [-83.28982, 8.57906], [-83.28981, 8.57906], [-83.28927, 8.5788], [-83.28872, 8.57855], [-83.28863, 8.57851], [-83.28817, 8.57831], [-83.28762, 8.57805], [-83.28745, 8.57797], [-83.28707, 8.57777], [-83.28652, 8.57751], [-83.28629, 8.57743], [-83.28597, 8.57729], [-83.28542, 8.57702], [-83.28512, 8.57688], [-83.28487, 8.57674], [-83.28432, 8.57639], [-83.28422, 8.57634], [-83.28377, 8.57613], [-83.28322, 8.57579], [-83.28322, 8.57579], [-83.28267, 8.57543], [-83.28212, 8.57525], [-83.28212, 8.57525], [-83.28165, 8.57471], [-83.28157, 8.57462], [-83.28123, 8.57416], [-83.28102, 8.57388], [-83.2809, 8.57362], [-83.28047, 8.57313], [-83.28041, 8.57308], [-83.28023, 8.57253], [-83.28006, 8.57199], [-83.27992, 8.57159], [-83.27986, 8.57144], [-83.27963, 8.5709], [-83.27943, 8.57036], [-83.27937, 8.57021], [-83.27921, 8.56981], [-83.27895, 8.56927], [-83.27882, 8.56899], [-83.27868, 8.56873], [-83.27841, 8.56818], [-83.27827, 8.56785], [-83.27819, 8.56764], [-83.27798, 8.56709], [-83.27772, 8.56661], [-83.27768, 8.56655], [-83.27725, 8.56601], [-83.27717, 8.56592], [-83.27672, 8.56546], [-83.27662, 8.56536], [-83.27625, 8.56492], [-83.27607, 8.56467], [-83.27584, 8.56437], [-83.27552, 8.5639], [-83.27548, 8.56383], [-83.27531, 8.56329], [-83.27524, 8.56274], [-83.27521, 8.5622], [-83.27507, 8.56166], [-83.27499, 8.56111], [-83.27497, 8.56099], [-83.27442, 8.56061], [-83.27434, 8.56057], [-83.27387, 8.56039], [-83.27332, 8.5603], [-83.27277, 8.56015], [-83.27222, 8.56003], [-83.27221, 8.56002], [-83.27167, 8.55987], [-83.27112, 8.55967], [-83.27057, 8.55951], [-83.27047, 8.55948], [-83.27002, 8.5593], [-83.26947, 8.55916], [-83.26892, 8.55912], [-83.26837, 8.55917], [-83.26807, 8.55948], [-83.26837, 8.55974], [-83.26846, 8.56002], [-83.26837, 8.56004], [-83.26782, 8.56011], [-83.26779, 8.56002], [-83.26782, 8.55948], [-83.26782, 8.5591], [-83.268, 8.55894], [-83.26801, 8.55839], [-83.26811, 8.55785], [-83.26808, 8.5573], [-83.26782, 8.55684], [-83.26779, 8.55676], [-83.26742, 8.55622], [-83.26727, 8.55602], [-83.26706, 8.55567], [-83.26672, 8.55524], [-83.26662, 8.55513], [-83.26617, 8.55477], [-83.26584, 8.55459], [-83.26562, 8.55451], [-83.26507, 8.55437], [-83.26452, 8.55435], [-83.26397, 8.55437], [-83.26342, 8.55438], [-83.2631, 8.55404], [-83.26287, 8.55391], [-83.26232, 8.55392], [-83.26178, 8.55395], [-83.26123, 8.55397], [-83.26102, 8.5535], [-83.26098, 8.55295], [-83.26093, 8.55241], [-83.2608, 8.55187], [-83.26068, 8.55163], [-83.26013, 8.55151], [-83.25958, 8.55145], [-83.25918, 8.55132], [-83.25903, 8.55126], [-83.25858, 8.55078], [-83.25848, 8.55067], [-83.25793, 8.55064], [-83.25738, 8.55058], [-83.25683, 8.55049], [-83.25628, 8.55032], [-83.25595, 8.55023], [-83.25573, 8.55017], [-83.25518, 8.55], [-83.25463, 8.54981], [-83.25429, 8.54969], [-83.25408, 8.54962], [-83.25353, 8.54941], [-83.25298, 8.54918], [-83.2529, 8.54915], [-83.25243, 8.54898], [-83.25188, 8.54882], [-83.25133, 8.54871], [-83.25078, 8.54868], [-83.25023, 8.54871], [-83.24968, 8.54884], [-83.24913, 8.5491], [-83.24907, 8.54915], [-83.24858, 8.54961], [-83.24852, 8.54969], [-83.24822, 8.55023], [-83.24803, 8.55071], [-83.24801, 8.55078], [-83.2479, 8.55132], [-83.24786, 8.55187], [-83.24785, 8.55241], [-83.24788, 8.55295], [-83.24791, 8.5535], [-83.24795, 8.55404], [-83.24798, 8.55459], [-83.248, 8.55513], [-83.24803, 8.55565], [-83.24803, 8.55567], [-83.24809, 8.55622], [-83.24815, 8.55676], [-83.24822, 8.5573], [-83.24826, 8.55785], [-83.24827, 8.55839], [-83.24824, 8.55894], [-83.24815, 8.55948], [-83.24805, 8.56002], [-83.24803, 8.56013], [-83.24795, 8.56057], [-83.24783, 8.56111], [-83.24769, 8.56166], [-83.24751, 8.5622], [-83.24748, 8.56226], [-83.24727, 8.56274], [-83.24697, 8.56329], [-83.24693, 8.56334], [-83.24652, 8.56383], [-83.24638, 8.56396], [-83.24586, 8.56437], [-83.24583, 8.56439], [-83.24528, 8.56468], [-83.24473, 8.56491], [-83.24471, 8.56492], [-83.24418, 8.56509], [-83.24363, 8.56524], [-83.24308, 8.56537], [-83.24266, 8.56546], [-83.24253, 8.56549], [-83.24198, 8.56559], [-83.24143, 8.56569], [-83.24088, 8.56579], [-83.24033, 8.56588], [-83.23978, 8.56596], [-83.23945, 8.56601], [-83.23923, 8.56603], [-83.23868, 8.5661], [-83.23813, 8.56618], [-83.23758, 8.56626], [-83.23703, 8.56636], [-83.23648, 8.56648], [-83.23624, 8.56655], [-83.23593, 8.56664], [-83.23538, 8.56682], [-83.23483, 8.56704], [-83.2347, 8.56709], [-83.23428, 8.56728], [-83.23373, 8.56754], [-83.23354, 8.56764], [-83.23318, 8.56781], [-83.23263, 8.56807], [-83.23233, 8.56818], [-83.23208, 8.56828], [-83.23154, 8.56844], [-83.23099, 8.56856], [-83.23044, 8.56865], [-83.22989, 8.5687], [-83.22955, 8.56873], [-83.22934, 8.56874], [-83.22879, 8.56876], [-83.22824, 8.56878], [-83.22769, 8.5688], [-83.22714, 8.56882], [-83.22659, 8.5688], [-83.22604, 8.56878], [-83.22549, 8.56876], [-83.22494, 8.56874], [-83.22453, 8.56873], [-83.22439, 8.56872], [-83.22384, 8.56872], [-83.22375, 8.56873], [-83.22329, 8.56874], [-83.22274, 8.56878], [-83.22219, 8.56882], [-83.22164, 8.56888], [-83.22109, 8.56895], [-83.22054, 8.56903], [-83.21999, 8.56912], [-83.21944, 8.56922], [-83.21918, 8.56927], [-83.21889, 8.56933], [-83.21834, 8.56945], [-83.21779, 8.56958], [-83.21724, 8.56973], [-83.21695, 8.56981], [-83.21669, 8.5699], [-83.21614, 8.57009], [-83.21559, 8.5703], [-83.21545, 8.57036], [-83.21504, 8.57055], [-83.21449, 8.57082], [-83.21432, 8.5709], [-83.21394, 8.57112], [-83.21339, 8.5714], [-83.21331, 8.57144], [-83.21284, 8.57177], [-83.21255, 8.57199], [-83.21229, 8.57238], [-83.21221, 8.57253], [-83.21223, 8.57308], [-83.21229, 8.57321], [-83.2125, 8.57362], [-83.21284, 8.57404], [-83.21294, 8.57416], [-83.21339, 8.57461], [-83.21349, 8.57471], [-83.21394, 8.5751], [-83.21411, 8.57525], [-83.21449, 8.57555], [-83.21483, 8.57579], [-83.21504, 8.57593], [-83.21559, 8.57622], [-83.21585, 8.57634], [-83.21614, 8.57645], [-83.21669, 8.57665], [-83.21724, 8.57682], [-83.21744, 8.57688], [-83.21779, 8.57699], [-83.21834, 8.57715], [-83.21889, 8.57734], [-83.21912, 8.57743], [-83.21944, 8.57754], [-83.21999, 8.57774], [-83.22054, 8.57794], [-83.22063, 8.57797], [-83.22109, 8.57811], [-83.22164, 8.57826], [-83.22219, 8.57838], [-83.22274, 8.57847], [-83.22318, 8.57851], [-83.22329, 8.57852], [-83.22384, 8.57853], [-83.22402, 8.57851], [-83.22439, 8.57848], [-83.22494, 8.57839], [-83.22549, 8.57829], [-83.22604, 8.5782], [-83.22659, 8.57812], [-83.22714, 8.5781], [-83.22769, 8.57814], [-83.22824, 8.57823], [-83.22879, 8.57835], [-83.22934, 8.57849], [-83.22942, 8.57851], [-83.22989, 8.57865], [-83.23044, 8.57884], [-83.23095, 8.57906], [-83.23099, 8.57907], [-83.23154, 8.57932], [-83.23203, 8.5796], [-83.23208, 8.57963], [-83.23263, 8.57996], [-83.23289, 8.58015], [-83.23318, 8.58033], [-83.23369, 8.58069], [-83.23373, 8.58072], [-83.23428, 8.58108], [-83.23451, 8.58123], [-83.23483, 8.58142], [-83.23538, 8.58173], [-83.23547, 8.58178], [-83.23593, 8.582], [-83.23648, 8.58224], [-83.23667, 8.58232], [-83.23703, 8.58247], [-83.23758, 8.58269], [-83.23802, 8.58286], [-83.23813, 8.58291], [-83.23868, 8.5831], [-83.23923, 8.58328], [-83.23967, 8.58341], [-83.23978, 8.58344], [-83.24033, 8.58357], [-83.24088, 8.58367], [-83.24143, 8.58374], [-83.24198, 8.58379], [-83.24253, 8.58383], [-83.24308, 8.58385], [-83.24363, 8.58387], [-83.24418, 8.58388], [-83.24473, 8.58389], [-83.24528, 8.5839], [-83.24583, 8.58391], [-83.24638, 8.58391], [-83.24693, 8.5839], [-83.24748, 8.58388], [-83.24803, 8.58387], [-83.24858, 8.58385], [-83.24913, 8.58385], [-83.24968, 8.58385], [-83.25023, 8.58387], [-83.25078, 8.5839], [-83.25133, 8.58395], [-83.25135, 8.58395], [-83.25188, 8.58401], [-83.25243, 8.58407], [-83.25298, 8.58414], [-83.25353, 8.58421], [-83.25408, 8.58428], [-83.25463, 8.58433], [-83.25518, 8.58438], [-83.25573, 8.58443], [-83.25628, 8.58447], [-83.25673, 8.5845], [-83.25683, 8.5845], [-83.25738, 8.58454], [-83.25793, 8.58458], [-83.25848, 8.58463], [-83.25903, 8.58469], [-83.25958, 8.58474], [-83.26013, 8.5848], [-83.26068, 8.58487], [-83.26123, 8.58495], [-83.26169, 8.58504], [-83.26178, 8.58506], [-83.26232, 8.58518], [-83.26287, 8.58534], [-83.26342, 8.58553], [-83.26356, 8.58558], [-83.26397, 8.58574], [-83.26452, 8.58598], [-83.26483, 8.58613], [-83.26507, 8.58625], [-83.26562, 8.58657], [-83.26578, 8.58667], [-83.26617, 8.58694], [-83.26652, 8.58722], [-83.26672, 8.58737], [-83.26715, 8.58776], [-83.26727, 8.58786], [-83.26772, 8.5883], [-83.26782, 8.58839], [-83.26828, 8.58885], [-83.26837, 8.58893], [-83.26883, 8.58939], [-83.26892, 8.58947], [-83.2694, 8.58993], [-83.26947, 8.59], [-83.26997, 8.59048], [-83.27002, 8.59052], [-83.27054, 8.59102], [-83.27057, 8.59106], [-83.27109, 8.59157], [-83.27112, 8.59159], [-83.27166, 8.59211], [-83.27167, 8.59212], [-83.27222, 8.59263], [-83.27224, 8.59265], [-83.27277, 8.59313], [-83.27284, 8.5932], [-83.27332, 8.59361], [-83.27347, 8.59374], [-83.27387, 8.59408], [-83.27412, 8.59429], [-83.27442, 8.59454], [-83.27477, 8.59483], [-83.27497, 8.595], [-83.27543, 8.59537], [-83.27552, 8.59545], [-83.27607, 8.5959], [-83.27609, 8.59592], [-83.27662, 8.59634], [-83.27677, 8.59646], [-83.27717, 8.59676], [-83.27749, 8.597], [-83.27772, 8.59717], [-83.27825, 8.59755], [-83.27827, 8.59756], [-83.27882, 8.59795], [-83.27902, 8.59809], [-83.27937, 8.59835], [-83.27974, 8.59864], [-83.27992, 8.59878], [-83.28036, 8.59918], [-83.28047, 8.59928], [-83.28089, 8.59972], [-83.28102, 8.59987], [-83.28135, 8.60027], [-83.28157, 8.60056], [-83.28174, 8.60081], [-83.28209, 8.60135], [-83.28212, 8.6014], [-83.28241, 8.6019], [-83.28267, 8.60236], [-83.28271, 8.60244], [-83.28301, 8.60299], [-83.28322, 8.60339], [-83.28329, 8.60353], [-83.28357, 8.60407], [-83.28377, 8.60446], [-83.28385, 8.60462], [-83.28411, 8.60516], [-83.28432, 8.60561], [-83.28436, 8.60571], [-83.2846, 8.60625], [-83.28482, 8.60679], [-83.28487, 8.60692], [-83.28502, 8.60734], [-83.28521, 8.60788], [-83.28538, 8.60842], [-83.28542, 8.60854], [-83.28554, 8.60897], [-83.28569, 8.60951], [-83.28584, 8.61006], [-83.28597, 8.61056], [-83.28598, 8.6106], [-83.28612, 8.61114], [-83.28626, 8.61169], [-83.2864, 8.61223], [-83.28652, 8.61267], [-83.28655, 8.61278], [-83.28669, 8.61332], [-83.28684, 8.61386], [-83.28698, 8.61441], [-83.28707, 8.61474], [-83.28712, 8.61495], [-83.28726, 8.61549], [-83.28739, 8.61604], [-83.28752, 8.61658], [-83.28762, 8.617], [-83.28765, 8.61713], [-83.28777, 8.61767], [-83.2879, 8.61821], [-83.28803, 8.61876], [-83.28816, 8.6193], [-83.28817, 8.61933], [-83.2883, 8.61984], [-83.28845, 8.62039], [-83.2886, 8.62093], [-83.28872, 8.62133], [-83.28876, 8.62148], [-83.28894, 8.62202], [-83.28912, 8.62256], [-83.28927, 8.62301], [-83.2893, 8.62311], [-83.28949, 8.62365], [-83.28967, 8.6242], [-83.28982, 8.6247], [-83.28983, 8.62474], [-83.28999, 8.62528], [-83.29014, 8.62583], [-83.29029, 8.62637], [-83.29037, 8.62667], [-83.29043, 8.62691], [-83.29059, 8.62746], [-83.29075, 8.628], [-83.29092, 8.62855], [-83.29092, 8.62855], [-83.29111, 8.62909], [-83.2913, 8.62963], [-83.29147, 8.63007], [-83.29151, 8.63018], [-83.29173, 8.63072], [-83.29196, 8.63127], [-83.29202, 8.63138], [-83.29222, 8.63181], [-83.2925, 8.63235], [-83.29256, 8.63247], [-83.29281, 8.6329], [-83.29311, 8.63341], [-83.29313, 8.63344], [-83.29347, 8.63398], [-83.29366, 8.6343], [-83.29381, 8.63453], [-83.29419, 8.63507], [-83.29421, 8.6351], [-83.29465, 8.63562], [-83.29476, 8.63574], [-83.29519, 8.63616], [-83.29531, 8.63627], [-83.29584, 8.6367], [-83.29586, 8.63672], [-83.29641, 8.6371], [-83.29663, 8.63725], [-83.29696, 8.63745], [-83.2975, 8.63779], [-83.29751, 8.6378], [-83.29806, 8.63816], [-83.29832, 8.63834], [-83.29861, 8.63853], [-83.29908, 8.63888], [-83.29916, 8.63894], [-83.29971, 8.63936], [-83.29979, 8.63942], [-83.30026, 8.63981], [-83.30045, 8.63997], [-83.30081, 8.64028], [-83.30106, 8.64051], [-83.30136, 8.64079], [-83.30164, 8.64105], [-83.30191, 8.64134], [-83.30217, 8.6416], [-83.30246, 8.64192], [-83.30267, 8.64214], [-83.30301, 8.64255], [-83.30313, 8.64269], [-83.30353, 8.64323], [-83.30356, 8.64328], [-83.30388, 8.64377], [-83.30411, 8.64427], [-83.30414, 8.64432], [-83.30433, 8.64486], [-83.30445, 8.6454], [-83.30449, 8.64595], [-83.30438, 8.64649], [-83.30411, 8.64695], [-83.30407, 8.64704], [-83.30369, 8.64758], [-83.30356, 8.64775], [-83.30335, 8.64812], [-83.30311, 8.64867], [-83.30301, 8.64903], [-83.30298, 8.64921], [-83.30298, 8.64976], [-83.30301, 8.64992], [-83.30312, 8.6503], [-83.30345, 8.65084], [-83.30356, 8.65097], [-83.30403, 8.65139], [-83.30411, 8.65145], [-83.30466, 8.65176], [-83.30505, 8.65193], [-83.30521, 8.652], [-83.30576, 8.65218], [-83.30631, 8.65237], [-83.30661, 8.65247], [-83.30686, 8.65255], [-83.30741, 8.65275], [-83.30796, 8.65295], [-83.30818, 8.65302], [-83.30851, 8.65311], [-83.30906, 8.65322], [-83.30961, 8.65327], [-83.31016, 8.65323], [-83.31071, 8.65308], [-83.31083, 8.65302], [-83.31126, 8.65275], [-83.3115, 8.65247], [-83.31181, 8.65199], [-83.31184, 8.65193], [-83.312, 8.65139], [-83.3121, 8.65084], [-83.31212, 8.6503], [-83.31205, 8.64976], [-83.31188, 8.64921], [-83.31181, 8.64905], [-83.31159, 8.64867], [-83.31126, 8.64816], [-83.31122, 8.64812], [-83.31071, 8.64758], [-83.31071, 8.64758], [-83.31016, 8.64707], [-83.31012, 8.64704], [-83.30962, 8.64649], [-83.30961, 8.64646], [-83.30934, 8.64595], [-83.30928, 8.6454], [-83.30933, 8.64486], [-83.30951, 8.64432], [-83.30961, 8.64413], [-83.30979, 8.64377], [-83.31016, 8.64328], [-83.3102, 8.64323], [-83.31071, 8.64269], [-83.31072, 8.64269], [-83.31126, 8.64221], [-83.31133, 8.64214], [-83.31181, 8.64176], [-83.312, 8.6416], [-83.31236, 8.64135], [-83.3128, 8.64105], [-83.31291, 8.64099], [-83.31346, 8.64071], [-83.3139, 8.64051], [-83.31401, 8.64047], [-83.31456, 8.64028], [-83.31511, 8.64015], [-83.31566, 8.64006], [-83.31621, 8.64], [-83.31663, 8.63997], [-83.31676, 8.63996], [-83.31731, 8.63992], [-83.31786, 8.6399], [-83.31841, 8.63991], [-83.31896, 8.63994], [-83.31917, 8.63997], [-83.31951, 8.64001], [-83.32006, 8.64011], [-83.32061, 8.64026], [-83.32116, 8.64047], [-83.32125, 8.64051], [-83.32171, 8.64072], [-83.32226, 8.641], [-83.32235, 8.64105], [-83.32281, 8.64131], [-83.32331, 8.6416], [-83.32335, 8.64162], [-83.3239, 8.64193], [-83.32431, 8.64214], [-83.32445, 8.64221], [-83.325, 8.64248], [-83.3254, 8.64269], [-83.32555, 8.64277], [-83.3261, 8.64306], [-83.32641, 8.64323], [-83.32665, 8.64336], [-83.3272, 8.64366], [-83.32741, 8.64377], [-83.32775, 8.64396], [-83.3283, 8.64426], [-83.32843, 8.64432], [-83.32885, 8.64454], [-83.3294, 8.64481], [-83.32951, 8.64486], [-83.32995, 8.64509], [-83.3305, 8.64537], [-83.33057, 8.6454], [-83.33105, 8.6457], [-83.33143, 8.64595], [-83.3316, 8.64609], [-83.33207, 8.64649], [-83.33215, 8.64658], [-83.33257, 8.64704], [-83.3327, 8.6472], [-83.33299, 8.64758], [-83.33325, 8.64796], [-83.33336, 8.64812], [-83.33369, 8.64867], [-83.3338, 8.64887], [-83.33399, 8.64921], [-83.33427, 8.64976], [-83.33435, 8.64992], [-83.33454, 8.6503], [-83.33479, 8.65084], [-83.3349, 8.65111], [-83.33502, 8.65139], [-83.33525, 8.65193], [-83.33545, 8.65243], [-83.33547, 8.65247], [-83.33569, 8.65302], [-83.33591, 8.65356], [-83.336, 8.65377], [-83.33614, 8.65411], [-83.33638, 8.65465], [-83.33655, 8.65504], [-83.33662, 8.65519], [-83.33687, 8.65574], [-83.3371, 8.65622], [-83.33713, 8.65628], [-83.33741, 8.65683], [-83.33765, 8.65728], [-83.3377, 8.65737], [-83.33799, 8.65791], [-83.3382, 8.65828], [-83.3383, 8.65846], [-83.33861, 8.659], [-83.33875, 8.65923], [-83.33894, 8.65954], [-83.33929, 8.66009], [-83.3393, 8.66011], [-83.33966, 8.66063], [-83.33985, 8.66089], [-83.34006, 8.66118], [-83.3404, 8.6616], [-83.3405, 8.66172], [-83.34095, 8.66225], [-83.34096, 8.66226], [-83.34146, 8.66281], [-83.3415, 8.66285], [-83.34199, 8.66335], [-83.34205, 8.66342], [-83.34252, 8.6639], [-83.3426, 8.66398], [-83.34304, 8.66444], [-83.34315, 8.66455], [-83.34357, 8.66498], [-83.3437, 8.66511], [-83.34412, 8.66553], [-83.34425, 8.66565], [-83.34469, 8.66607], [-83.3448, 8.66617], [-83.3453, 8.66661], [-83.34535, 8.66665], [-83.3459, 8.66712], [-83.34595, 8.66716], [-83.34645, 8.66756], [-83.34662, 8.6677], [-83.347, 8.66798], [-83.34735, 8.66825], [-83.34755, 8.66839], [-83.3481, 8.66878], [-83.34811, 8.66879], [-83.34865, 8.66917], [-83.34886, 8.66933], [-83.3492, 8.66958], [-83.34958, 8.66988], [-83.34975, 8.67], [-83.35028, 8.67042], [-83.3503, 8.67043], [-83.35085, 8.67089], [-83.35093, 8.67096], [-83.3514, 8.67137], [-83.35154, 8.67151], [-83.35195, 8.67189], [-83.35211, 8.67205], [-83.3525, 8.67243], [-83.35265, 8.6726], [-83.35305, 8.673], [-83.35318, 8.67314], [-83.35359, 8.67357], [-83.3537, 8.67368], [-83.35414, 8.67417], [-83.3542, 8.67423], [-83.35469, 8.67477], [-83.3547, 8.67477], [-83.3552, 8.67532], [-83.35524, 8.67537], [-83.35569, 8.67586], [-83.35579, 8.67597], [-83.35617, 8.6764], [-83.35634, 8.67659], [-83.35665, 8.67695], [-83.35689, 8.67721], [-83.35713, 8.67749], [-83.35744, 8.67784], [-83.35761, 8.67803], [-83.35799, 8.6785], [-83.35805, 8.67858], [-83.35846, 8.67912], [-83.35854, 8.67924], [-83.35884, 8.67967], [-83.35909, 8.68008], [-83.35917, 8.68021], [-83.35948, 8.68075], [-83.35964, 8.6811], [-83.35974, 8.6813], [-83.35999, 8.68184], [-83.36019, 8.68228], [-83.36024, 8.68239], [-83.36049, 8.68293], [-83.36074, 8.68347], [-83.36074, 8.68349], [-83.36099, 8.68402], [-83.36125, 8.68456], [-83.36129, 8.68464], [-83.36152, 8.6851], [-83.36179, 8.68565], [-83.36184, 8.68574], [-83.36207, 8.68619], [-83.36234, 8.68674], [-83.36239, 8.68683], [-83.36263, 8.68728], [-83.36292, 8.68782], [-83.36294, 8.68787], [-83.36322, 8.68837], [-83.36349, 8.68883], [-83.36354, 8.68891], [-83.36388, 8.68945], [-83.36404, 8.68971], [-83.36424, 8.69], [-83.36459, 8.69051], [-83.36461, 8.69054], [-83.365, 8.69109], [-83.36514, 8.69128], [-83.3654, 8.69163], [-83.36569, 8.69201], [-83.36582, 8.69217], [-83.36624, 8.69269], [-83.36626, 8.69272], [-83.36672, 8.69326], [-83.36679, 8.69334], [-83.36722, 8.69381], [-83.36734, 8.69394], [-83.36773, 8.69435], [-83.36789, 8.69451], [-83.36828, 8.69489], [-83.36844, 8.69505], [-83.36885, 8.69544], [-83.36899, 8.69556], [-83.36943, 8.69598], [-83.36954, 8.69608], [-83.37002, 8.69652], [-83.37009, 8.69658], [-83.37064, 8.69706], [-83.37065, 8.69707], [-83.37119, 8.69749], [-83.37137, 8.69761], [-83.37174, 8.69786], [-83.37226, 8.69816], [-83.37229, 8.69817], [-83.37284, 8.69841], [-83.37339, 8.69859], [-83.37388, 8.6987], [-83.37394, 8.69871], [-83.37449, 8.69879], [-83.37504, 8.69885], [-83.37559, 8.69888], [-83.37614, 8.69892], [-83.37669, 8.69895], [-83.37724, 8.699], [-83.37779, 8.69906], [-83.37834, 8.6991], [-83.37889, 8.69913], [-83.37944, 8.69917], [-83.37999, 8.6992], [-83.38042, 8.69924], [-83.38054, 8.69925], [-83.38109, 8.69932], [-83.38164, 8.69941], [-83.38219, 8.69952], [-83.38274, 8.69965], [-83.38323, 8.69979], [-83.38329, 8.6998], [-83.38383, 8.69997], [-83.38438, 8.70015], [-83.38486, 8.70033], [-83.38493, 8.70036], [-83.38548, 8.70056], [-83.38603, 8.70078], [-83.38628, 8.70088], [-83.38658, 8.70099], [-83.38713, 8.7012], [-83.38768, 8.70141], [-83.38772, 8.70142], [-83.38823, 8.7016], [-83.38878, 8.70178], [-83.38933, 8.70196], [-83.38935, 8.70196], [-83.38988, 8.70214], [-83.39043, 8.70234], [-83.39087, 8.70251], [-83.39098, 8.70255], [-83.39153, 8.7028], [-83.39202, 8.70305], [-83.39208, 8.70308], [-83.39263, 8.70338], [-83.39301, 8.70359], [-83.39318, 8.70369], [-83.39373, 8.70401], [-83.39396, 8.70414], [-83.39428, 8.70431], [-83.39483, 8.70461], [-83.39497, 8.70468], [-83.39538, 8.7049], [-83.39593, 8.70518], [-83.39602, 8.70523], [-83.39648, 8.70545], [-83.39703, 8.7057], [-83.39718, 8.70577], [-83.39758, 8.70594], [-83.39813, 8.70617], [-83.39848, 8.70631], [-83.39868, 8.7064], [-83.39923, 8.70663], [-83.39972, 8.70686], [-83.39978, 8.70689], [-83.40033, 8.70718], [-83.40071, 8.7074], [-83.40088, 8.7075], [-83.40143, 8.70779], [-83.40176, 8.70795], [-83.40198, 8.70804], [-83.40253, 8.70823], [-83.40308, 8.70836], [-83.40363, 8.70843], [-83.40418, 8.70844], [-83.40473, 8.70841], [-83.40528, 8.70835], [-83.40583, 8.70826], [-83.40638, 8.70814], [-83.40693, 8.70798]]}}, {"type": "Feature", "properties": {"depth_m": 175}, "geometry": {"type": "LineString", "coordinates": [[-83.38856, 8.68674], [-83.38823, 8.68684], [-83.38778, 8.68674], [-83.38768, 8.68672], [-83.38713, 8.68657], [-83.38662, 8.68619], [-83.38696, 8.68565], [-83.38713, 8.68552], [-83.38768, 8.68534], [-83.38823, 8.68533], [-83.38867, 8.68565], [-83.38878, 8.68617], [-83.38879, 8.68619], [-83.38878, 8.68622], [-83.38856, 8.68674]]}}, {"type": "Feature", "properties": {"depth_m": 175}, "geometry": {"type": "LineString", "coordinates": [[-83.38258, 8.68223], [-83.38219, 8.68216], [-83.38199, 8.68184], [-83.38207, 8.6813], [-83.38212, 8.68075], [-83.38217, 8.68021], [-83.38219, 8.68007], [-83.38227, 8.68021], [-83.38274, 8.68062], [-83.38329, 8.68068], [-83.38363, 8.68075], [-83.38383, 8.68079], [-83.38438, 8.68105], [-83.38472, 8.6813], [-83.38493, 8.68142], [-83.38544, 8.68184], [-83.38493, 8.68223], [-83.38443, 8.68234]]}}, {"type": "Feature", "properties": {"depth_m": 175}, "geometry": {"type": "LineString", "coordinates": [[-83.39623, 8.6813], [-83.39593, 8.68164], [-83.39544, 8.6813], [-83.39538, 8.68117], [-83.39522, 8.68075], [-83.39525, 8.68021], [-83.39535, 8.67967], [-83.39538, 8.67963], [-83.39593, 8.67923], [-83.39615, 8.67967], [-83.39623, 8.68021], [-83.39628, 8.68075], [-83.39623, 8.6813]]}}, {"type": "Feature", "properties": {"depth_m": 175}, "geometry": {"type": "LineString", "coordinates": [[-83.3941, 8.67875], [-83.39417, 8.67912], [-83.39373, 8.67957], [-83.39319, 8.67912], [-83.39318, 8.67909], [-83.39299, 8.67858], [-83.39301, 8.67803], [-83.39318, 8.67757], [-83.39325, 8.67749], [-83.39373, 8.67723], [-83.39392, 8.67749], [-83.3941, 8.67803], [-83.3941, 8.6784]]}}, {"type": "Feature", "properties": {"depth_m": 175}, "geometry": {"type": "LineString", "coordinates": [[-83.38051, 8.67749], [-83.37999, 8.6776], [-83.37944, 8.67764], [-83.37889, 8.67765], [-83.37834, 8.67762], [-83.37779, 8.67753], [-83.37764, 8.67749], [-83.37779, 8.67721], [-83.37798, 8.67695], [-83.37812, 8.6764], [-83.37834, 8.676], [-83.37889, 8.67608], [-83.37921, 8.6764], [-83.37944, 8.67656], [-83.37977, 8.67695], [-83.37999, 8.67704], [-83.38051, 8.67749]]}}, {"type": "Feature", "properties": {"depth_m": 175}, "geometry": {"type": "LineString", "coordinates": [[-83.39229, 8.6764], [-83.39208, 8.67659], [-83.39153, 8.67674], [-83.39098, 8.67668], [-83.39043, 8.67647], [-83.39035, 8.6764], [-83.39016, 8.67586], [-83.38988, 8.67543], [-83.38982, 8.67532], [-83.38988, 8.67525], [-83.39043, 8.67497], [-83.39098, 8.67489], [-83.39153, 8.67491], [-83.39208, 8.67503], [-83.39263, 8.67521], [-83.39287, 8.67532], [-83.39263, 8.67563], [-83.39249, 8.67586], [-83.39229, 8.6764]]}}, {"type": "Feature", "properties": {"depth_m": 175}, "geometry": {"type": "LineString", "coordinates": [[-83.38949, 8.67477], [-83.38933, 8.67491], [-83.38919, 8.67477], [-83.38886, 8.67423], [-83.38884, 8.67368], [-83.38878, 8.67344], [-83.38847, 8.67314], [-83.38878, 8.67311], [-83.38933, 8.67305], [-83.38938, 8.67314], [-83.38942, 8.67368], [-83.38945, 8.67423], [-83.38949, 8.67477]]}}, {"type": "Feature", "properties": {"depth_m": 175}, "geometry": {"type": "LineString", "coordinates": [[-83.33132, 8.62583], [-83.33105, 8.62598], [-83.3305, 8.626], [-83.32995, 8.626], [-83.3294, 8.62599], [-83.32885, 8.62594], [-83.32835, 8.62583], [-83.3283, 8.62581], [-83.32775, 8.62559], [-83.3272, 8.62535], [-83.32717, 8.62528], [-83.3272, 8.62502], [-83.32775, 8.62476], [-83.32787, 8.62474], [-83.3283, 8.62466], [-83.32885, 8.62461], [-83.3294, 8.62464], [-83.32995, 8.62469], [-83.33033, 8.62474], [-83.3305, 8.62476], [-83.33105, 8.62483], [-83.33144, 8.62528], [-83.33132, 8.62583]]}}, {"type": "Feature", "properties": {"depth_m": 175}, "geometry": {"type": "LineString", "coordinates": [[-83.33447, 8.62039], [-83.33435, 8.62055], [-83.33416, 8.62039], [-83.33395, 8.61984], [-83.33406, 8.6193], [-83.33423, 8.61876], [-83.33435, 8.61871], [-83.33438, 8.61876], [-83.33445, 8.6193], [-83.33452, 8.61984], [-83.33447, 8.62039]]}}, {"type": "Feature", "properties": {"depth_m": 175}, "geometry": {"type": "LineString", "coordinates": [[-83.27332, 8.55982], [-83.27377, 8.55948], [-83.27379, 8.55894], [-83.2736, 8.55839], [-83.27342, 8.55785], [-83.27332, 8.55761], [-83.27328, 8.55785], [-83.2732, 8.55839], [-83.27311, 8.55894], [-83.27311, 8.55948], [-83.27332, 8.55982]]}}, {"type": "Feature", "properties": {"depth_m": 175}, "geometry": {"type": "LineString", "coordinates": [[-83.27222, 8.55736], [-83.27246, 8.5573], [-83.27277, 8.557], [-83.27293, 8.55676], [-83.27277, 8.55654], [-83.27245, 8.55622], [-83.27222, 8.55598], [-83.27191, 8.55567], [-83.27167, 8.55546], [-83.27131, 8.55513], [-83.27112, 8.55496], [-83.27111, 8.55513], [-83.27108, 8.55567], [-83.27103, 8.55622], [-83.27096, 8.55676], [-83.271, 8.5573], [-83.27112, 8.55749], [-83.27167, 8.55744], [-83.27222, 8.55736]]}}, {"type": "Feature", "properties": {"depth_m": 175}, "geometry": {"type": "LineString", "coordinates": [[-83.25848, 8.54998], [-83.25861, 8.54969], [-83.25848, 8.54929], [-83.25793, 8.54918], [-83.25738, 8.54943], [-83.25683, 8.54958], [-83.25676, 8.54969], [-83.25683, 8.54982], [-83.25738, 8.54991], [-83.25793, 8.54998], [-83.25848, 8.54998]]}}, {"type": "Feature", "properties": {"depth_m": 200}, "geometry": {"type": "LineString", "coordinates": [[-83.40528, 8.70477], [-83.40564, 8.70468], [-83.40583, 8.70463], [-83.40638, 8.7044], [-83.40693, 8.70417], [-83.40699, 8.70414], [-83.40748, 8.7039], [-83.40803, 8.70365], [-83.40816, 8.70359], [-83.40858, 8.70341], [-83.40913, 8.70318], [-83.4095, 8.70305], [-83.40968, 8.70299], [-83.41023, 8.70281], [-83.41078, 8.70267], [-83.41133, 8.70257], [-83.41174, 8.70251], [-83.41188, 8.70248], [-83.41243, 8.7024], [-83.41298, 8.70238], [-83.41353, 8.70245], [-83.41387, 8.70251], [-83.41407, 8.70252], [-83.41462, 8.70257], [-83.41517, 8.70259], [-83.41572, 8.70257], [-83.41613, 8.70251], [-83.41627, 8.70247], [-83.41682, 8.70224], [-83.41731, 8.70196], [-83.41737, 8.70191], [-83.41783, 8.70142], [-83.41792, 8.70123], [-83.4181, 8.70088], [-83.41821, 8.70033], [-83.41817, 8.69979], [-83.41808, 8.69924], [-83.4182, 8.6987], [-83.41838, 8.69816], [-83.41847, 8.69793], [-83.41896, 8.69761], [-83.41902, 8.69753], [-83.41957, 8.69707], [-83.41958, 8.69707], [-83.41957, 8.69698], [-83.41955, 8.69652], [-83.41902, 8.696], [-83.41901, 8.69598], [-83.41855, 8.69544], [-83.41847, 8.69532], [-83.41824, 8.69489], [-83.41813, 8.69435], [-83.41823, 8.69381], [-83.41847, 8.69341], [-83.41858, 8.69326], [-83.41902, 8.69287], [-83.41926, 8.69272], [-83.41957, 8.69256], [-83.42012, 8.69235], [-83.42066, 8.69217], [-83.42067, 8.69217], [-83.42122, 8.69196], [-83.42177, 8.69195], [-83.42198, 8.69217], [-83.42225, 8.69272], [-83.42232, 8.69296], [-83.42237, 8.69326], [-83.42245, 8.69381], [-83.4224, 8.69435], [-83.42232, 8.69454], [-83.42215, 8.69489], [-83.42183, 8.69544], [-83.42177, 8.69555], [-83.4214, 8.69598], [-83.42122, 8.69637], [-83.42094, 8.69652], [-83.42112, 8.69707], [-83.42122, 8.69709], [-83.42176, 8.69761], [-83.42177, 8.69762], [-83.42232, 8.69798], [-83.42258, 8.69816], [-83.42287, 8.69826], [-83.42342, 8.69841], [-83.42397, 8.69848], [-83.42452, 8.69846], [-83.42507, 8.69834], [-83.4255, 8.69816], [-83.42562, 8.69807], [-83.42605, 8.69761], [-83.42617, 8.69737], [-83.42629, 8.69707], [-83.42636, 8.69652], [-83.42633, 8.69598], [-83.42621, 8.69544], [-83.42617, 8.69527], [-83.42602, 8.69489], [-83.42584, 8.69435], [-83.42574, 8.69381], [-83.42565, 8.69326], [-83.42562, 8.69316], [-83.42541, 8.69272], [-83.42511, 8.69217], [-83.42507, 8.69211], [-83.42461, 8.69163], [-83.42452, 8.69153], [-83.42397, 8.69109], [-83.42397, 8.69109], [-83.42342, 8.69066], [-83.42327, 8.69054], [-83.42287, 8.69001], [-83.42286, 8.69], [-83.42258, 8.68945], [-83.42246, 8.68891], [-83.42241, 8.68837], [-83.42232, 8.6879], [-83.42231, 8.68782], [-83.42199, 8.68728], [-83.42177, 8.6871], [-83.42143, 8.68674], [-83.42122, 8.68659], [-83.42078, 8.68619], [-83.42067, 8.68612], [-83.42012, 8.68571], [-83.42005, 8.68565], [-83.41957, 8.68532], [-83.41931, 8.6851], [-83.41902, 8.68489], [-83.41863, 8.68456], [-83.41847, 8.68443], [-83.41803, 8.68402], [-83.41792, 8.68391], [-83.41751, 8.68347], [-83.41737, 8.6833], [-83.4171, 8.68293], [-83.41682, 8.68245], [-83.41679, 8.68239], [-83.41657, 8.68184], [-83.41647, 8.6813], [-83.41648, 8.68075], [-83.41653, 8.68021], [-83.41659, 8.67967], [-83.41666, 8.67912], [-83.41674, 8.67858], [-83.41682, 8.67803], [-83.41682, 8.678], [-83.41689, 8.67749], [-83.41698, 8.67695], [-83.41706, 8.6764], [-83.41717, 8.67586], [-83.41729, 8.67532], [-83.41737, 8.67493], [-83.41741, 8.67477], [-83.41753, 8.67423], [-83.41764, 8.67368], [-83.41774, 8.67314], [-83.41783, 8.6726], [-83.41789, 8.67205], [-83.41792, 8.67179], [-83.41796, 8.67151], [-83.41802, 8.67096], [-83.41807, 8.67042], [-83.41812, 8.66988], [-83.41816, 8.66933], [-83.41818, 8.66879], [-83.41818, 8.66825], [-83.41817, 8.6677], [-83.41814, 8.66716], [-83.4181, 8.66661], [-83.41805, 8.66607], [-83.41798, 8.66553], [-83.41792, 8.66509], [-83.41791, 8.66498], [-83.41782, 8.66444], [-83.41772, 8.6639], [-83.4176, 8.66335], [-83.41747, 8.66281], [-83.41737, 8.66248], [-83.41731, 8.66226], [-83.41714, 8.66172], [-83.41696, 8.66118], [-83.41682, 8.66081], [-83.41676, 8.66063], [-83.41655, 8.66009], [-83.41632, 8.65954], [-83.41627, 8.65943], [-83.41609, 8.659], [-83.41584, 8.65846], [-83.41572, 8.65822], [-83.41557, 8.65791], [-83.41528, 8.65737], [-83.41517, 8.65719], [-83.41496, 8.65683], [-83.41463, 8.65628], [-83.41462, 8.65628], [-83.41427, 8.65574], [-83.41407, 8.65546], [-83.41389, 8.65519], [-83.41353, 8.6547], [-83.41349, 8.65465], [-83.41306, 8.65411], [-83.41298, 8.65401], [-83.41259, 8.65356], [-83.41243, 8.65338], [-83.4121, 8.65302], [-83.41188, 8.65277], [-83.41159, 8.65247], [-83.41133, 8.6522], [-83.41106, 8.65193], [-83.41078, 8.65164], [-83.41052, 8.65139], [-83.41023, 8.65109], [-83.40997, 8.65084], [-83.40968, 8.65055], [-83.40941, 8.6503], [-83.40913, 8.65003], [-83.40884, 8.64976], [-83.40858, 8.64952], [-83.40824, 8.64921], [-83.40803, 8.64901], [-83.40765, 8.64867], [-83.40748, 8.6485], [-83.40708, 8.64812], [-83.40693, 8.64798], [-83.40651, 8.64758], [-83.40638, 8.64745], [-83.40596, 8.64704], [-83.40583, 8.6469], [-83.40543, 8.64649], [-83.40528, 8.64633], [-83.40491, 8.64595], [-83.40473, 8.64575], [-83.4044, 8.6454], [-83.40418, 8.64515], [-83.40391, 8.64486], [-83.40363, 8.64453], [-83.40344, 8.64432], [-83.40308, 8.64388], [-83.40299, 8.64377], [-83.40258, 8.64323], [-83.40253, 8.64317], [-83.40218, 8.64269], [-83.40198, 8.64241], [-83.40179, 8.64214], [-83.40143, 8.64162], [-83.40141, 8.6416], [-83.40104, 8.64105], [-83.40088, 8.64082], [-83.40067, 8.64051], [-83.40033, 8.64], [-83.4003, 8.63997], [-83.39993, 8.63942], [-83.39978, 8.63921], [-83.39954, 8.63888], [-83.39923, 8.63846], [-83.39913, 8.63834], [-83.39871, 8.63779], [-83.39868, 8.63776], [-83.39827, 8.63725], [-83.39813, 8.63708], [-83.39781, 8.6367], [-83.39758, 8.63644], [-83.39731, 8.63616], [-83.39703, 8.63587], [-83.39676, 8.63562], [-83.39648, 8.63536], [-83.39612, 8.63507], [-83.39593, 8.63492], [-83.39538, 8.63455], [-83.39535, 8.63453], [-83.39483, 8.63423], [-83.3943, 8.63398], [-83.39428, 8.63397], [-83.39373, 8.63375], [-83.39318, 8.63356], [-83.39277, 8.63344], [-83.39263, 8.6334], [-83.39208, 8.63326], [-83.39153, 8.63314], [-83.39098, 8.63303], [-83.39043, 8.63294], [-83.39009, 8.6329], [-83.38988, 8.63287], [-83.38933, 8.63283], [-83.38878, 8.63283], [-83.38823, 8.63284], [-83.38768, 8.63287], [-83.38733, 8.6329], [-83.38713, 8.63291], [-83.38658, 8.63295], [-83.38603, 8.63299], [-83.38548, 8.63303], [-83.38493, 8.63308], [-83.38438, 8.63315], [-83.38383, 8.63323], [-83.38329, 8.63331], [-83.38274, 8.63341], [-83.38255, 8.63344], [-83.38219, 8.63351], [-83.38164, 8.63361], [-83.38109, 8.63372], [-83.38054, 8.63383], [-83.37999, 8.63396], [-83.37987, 8.63398], [-83.37944, 8.63409], [-83.37889, 8.63423], [-83.37834, 8.63438], [-83.37779, 8.63452], [-83.37776, 8.63453], [-83.37724, 8.63466], [-83.37669, 8.63479], [-83.37614, 8.63489], [-83.37559, 8.63498], [-83.37504, 8.63505], [-83.37489, 8.63507], [-83.37449, 8.63513], [-83.37394, 8.63521], [-83.37339, 8.63533], [-83.37284, 8.63548], [-83.37247, 8.63562], [-83.37229, 8.6357], [-83.37174, 8.636], [-83.3715, 8.63616], [-83.37119, 8.63642], [-83.3709, 8.6367], [-83.37064, 8.63706], [-83.37051, 8.63725], [-83.37026, 8.63779], [-83.37014, 8.63834], [-83.37013, 8.63888], [-83.37021, 8.63942], [-83.37038, 8.63997], [-83.37061, 8.64051], [-83.37064, 8.64056], [-83.37087, 8.64105], [-83.3711, 8.6416], [-83.37119, 8.64194], [-83.37124, 8.64214], [-83.37138, 8.64269], [-83.3716, 8.64323], [-83.37174, 8.64349], [-83.37184, 8.64377], [-83.37205, 8.64432], [-83.37224, 8.64486], [-83.37229, 8.64538], [-83.37229, 8.6454], [-83.37229, 8.64541], [-83.37201, 8.64595], [-83.37174, 8.64612], [-83.37119, 8.64616], [-83.37064, 8.64601], [-83.37051, 8.64595], [-83.37009, 8.64569], [-83.36962, 8.6454], [-83.36954, 8.64535], [-83.36899, 8.64509], [-83.36844, 8.64502], [-83.36789, 8.64506], [-83.36734, 8.6451], [-83.36679, 8.64512], [-83.36624, 8.64513], [-83.36569, 8.64511], [-83.36514, 8.64506], [-83.36459, 8.64498], [-83.36405, 8.64486], [-83.36404, 8.64486], [-83.36349, 8.64469], [-83.36294, 8.64447], [-83.36262, 8.64432], [-83.36239, 8.6442], [-83.36184, 8.6439], [-83.36164, 8.64377], [-83.36129, 8.64355], [-83.3608, 8.64323], [-83.36074, 8.64319], [-83.36019, 8.6428], [-83.36001, 8.64269], [-83.35964, 8.64242], [-83.35923, 8.64214], [-83.35909, 8.64204], [-83.35855, 8.6416], [-83.35854, 8.64159], [-83.35799, 8.64115], [-83.35787, 8.64105], [-83.35744, 8.64069], [-83.35724, 8.64051], [-83.35689, 8.64021], [-83.35667, 8.64051], [-83.35634, 8.64085], [-83.35582, 8.64051], [-83.35585, 8.63997], [-83.35611, 8.63942], [-83.35579, 8.63918], [-83.35542, 8.63888], [-83.35524, 8.63871], [-83.35485, 8.63834], [-83.35469, 8.63818], [-83.35466, 8.63834], [-83.35452, 8.63888], [-83.35436, 8.63942], [-83.35414, 8.63988], [-83.35362, 8.63942], [-83.35359, 8.63939], [-83.35326, 8.63888], [-83.35305, 8.63856], [-83.35289, 8.63834], [-83.35305, 8.63807], [-83.35323, 8.63779], [-83.35359, 8.63748], [-83.354, 8.63725], [-83.35359, 8.63694], [-83.35331, 8.6367], [-83.35305, 8.63643], [-83.35278, 8.63616], [-83.3525, 8.63588], [-83.35226, 8.63562], [-83.35195, 8.63532], [-83.35164, 8.63507], [-83.3514, 8.63485], [-83.35102, 8.63453], [-83.35085, 8.63438], [-83.35036, 8.63398], [-83.3503, 8.63394], [-83.35028, 8.63398], [-83.34998, 8.63453], [-83.34975, 8.63482], [-83.3492, 8.63457], [-83.3491, 8.63453], [-83.34865, 8.63436], [-83.3481, 8.6342], [-83.34757, 8.63398], [-83.34755, 8.63398], [-83.347, 8.6337], [-83.34664, 8.63344], [-83.34645, 8.63326], [-83.34604, 8.6329], [-83.3459, 8.63274], [-83.34566, 8.63235], [-83.34537, 8.63181], [-83.34535, 8.63176], [-83.34511, 8.63127], [-83.34495, 8.63072], [-83.34489, 8.63018], [-83.34482, 8.62963], [-83.345, 8.62909], [-83.3452, 8.62855], [-83.34486, 8.628], [-83.3448, 8.62788], [-83.34459, 8.62746], [-83.34433, 8.62691], [-83.34425, 8.62676], [-83.34406, 8.62637], [-83.34379, 8.62583], [-83.3437, 8.62564], [-83.34352, 8.62528], [-83.34324, 8.62474], [-83.34315, 8.62456], [-83.34295, 8.6242], [-83.34261, 8.62365], [-83.3426, 8.62363], [-83.34223, 8.62311], [-83.34205, 8.62288], [-83.34168, 8.62256], [-83.3415, 8.62242], [-83.34095, 8.62228], [-83.3404, 8.62224], [-83.33985, 8.62214], [-83.33956, 8.62202], [-83.3393, 8.62191], [-83.33883, 8.62148], [-83.33875, 8.62139], [-83.33852, 8.62093], [-83.33829, 8.62039], [-83.3382, 8.62012], [-83.33814, 8.61984], [-83.33804, 8.6193], [-83.33792, 8.61876], [-83.33779, 8.61821], [-83.33765, 8.6177], [-83.33764, 8.61767], [-83.33752, 8.61713], [-83.33738, 8.61658], [-83.33721, 8.61604], [-83.3371, 8.61568], [-83.33705, 8.61549], [-83.33689, 8.61495], [-83.33669, 8.61441], [-83.33655, 8.61413], [-83.33641, 8.61386], [-83.336, 8.61332], [-83.336, 8.61332], [-83.33545, 8.61286], [-83.33532, 8.61278], [-83.3349, 8.61256], [-83.33435, 8.61236], [-83.33388, 8.61223], [-83.3338, 8.61221], [-83.33325, 8.61209], [-83.3327, 8.61198], [-83.33215, 8.61187], [-83.3316, 8.61176], [-83.33118, 8.61169], [-83.33105, 8.61166], [-83.3305, 8.61156], [-83.32995, 8.61148], [-83.3294, 8.61143], [-83.32885, 8.61141], [-83.3283, 8.61141], [-83.32816, 8.61169], [-83.32811, 8.61223], [-83.328, 8.61278], [-83.32792, 8.61332], [-83.32805, 8.61386], [-83.3283, 8.61404], [-83.32885, 8.61402], [-83.3294, 8.61399], [-83.32995, 8.61395], [-83.33016, 8.61441], [-83.33009, 8.61495], [-83.33004, 8.61549], [-83.33001, 8.61604], [-83.32995, 8.61616], [-83.32964, 8.61604], [-83.3294, 8.61593], [-83.32885, 8.61574], [-83.3283, 8.61561], [-83.32794, 8.61549], [-83.32775, 8.61537], [-83.3272, 8.61504], [-83.32701, 8.61495], [-83.32665, 8.61475], [-83.3261, 8.6147], [-83.32555, 8.61477], [-83.325, 8.61493], [-83.32496, 8.61495], [-83.32445, 8.61526], [-83.32404, 8.61549], [-83.3239, 8.61564], [-83.32348, 8.61604], [-83.32335, 8.61644], [-83.32333, 8.61658], [-83.32333, 8.61713], [-83.32335, 8.61736], [-83.3234, 8.61767], [-83.32347, 8.61821], [-83.3239, 8.61828], [-83.32445, 8.61849], [-83.32485, 8.61876], [-83.32445, 8.61879], [-83.3239, 8.61881], [-83.32335, 8.61882], [-83.32281, 8.61884], [-83.32275, 8.61876], [-83.32279, 8.61821], [-83.32279, 8.61767], [-83.32277, 8.61713], [-83.32226, 8.61665], [-83.32171, 8.61665], [-83.32116, 8.61665], [-83.32061, 8.61665], [-83.32055, 8.61658], [-83.32058, 8.61604], [-83.32054, 8.61549], [-83.32036, 8.61495], [-83.32006, 8.61472], [-83.31951, 8.61469], [-83.31896, 8.61467], [-83.31841, 8.61464], [-83.31825, 8.61441], [-83.31822, 8.61386], [-83.31815, 8.61332], [-83.31786, 8.61287], [-83.31731, 8.61281], [-83.31692, 8.61278], [-83.31676, 8.61276], [-83.31621, 8.61271], [-83.31586, 8.61223], [-83.31569, 8.61169], [-83.31566, 8.61161], [-83.31511, 8.61149], [-83.31456, 8.61138], [-83.31401, 8.61127], [-83.31346, 8.6112], [-83.31317, 8.61114], [-83.31291, 8.61108], [-83.31236, 8.61095], [-83.31181, 8.61083], [-83.31126, 8.61072], [-83.31071, 8.61066], [-83.31016, 8.61062], [-83.30961, 8.61061], [-83.30906, 8.61062], [-83.30851, 8.61062], [-83.30796, 8.61062], [-83.30741, 8.6106], [-83.30738, 8.6106], [-83.30686, 8.61054], [-83.30631, 8.61043], [-83.30576, 8.61028], [-83.30521, 8.61011], [-83.30504, 8.61006], [-83.30466, 8.60992], [-83.30411, 8.60975], [-83.30356, 8.6096], [-83.30316, 8.60951], [-83.30301, 8.60948], [-83.30246, 8.60939], [-83.30191, 8.60931], [-83.30136, 8.60923], [-83.30081, 8.60914], [-83.30026, 8.60905], [-83.29971, 8.60898], [-83.29948, 8.60897], [-83.29916, 8.60895], [-83.29884, 8.60897], [-83.29861, 8.60898], [-83.29806, 8.60912], [-83.29751, 8.60937], [-83.29726, 8.60951], [-83.29696, 8.60968], [-83.29641, 8.61004], [-83.2964, 8.61006], [-83.29586, 8.61046], [-83.2957, 8.6106], [-83.29531, 8.611], [-83.2952, 8.61114], [-83.29491, 8.61169], [-83.29476, 8.61222], [-83.29476, 8.61223], [-83.29472, 8.61278], [-83.29473, 8.61332], [-83.29476, 8.61377], [-83.29477, 8.61386], [-83.29482, 8.61441], [-83.29487, 8.61495], [-83.29491, 8.61549], [-83.29492, 8.61604], [-83.29493, 8.61658], [-83.29493, 8.61713], [-83.29494, 8.61767], [-83.29496, 8.61821], [-83.29498, 8.61876], [-83.29502, 8.6193], [-83.29508, 8.61984], [-83.29516, 8.62039], [-83.29525, 8.62093], [-83.29531, 8.62123], [-83.29536, 8.62148], [-83.29548, 8.62202], [-83.29561, 8.62256], [-83.29575, 8.62311], [-83.29586, 8.62358], [-83.29588, 8.62365], [-83.29602, 8.6242], [-83.29616, 8.62474], [-83.29629, 8.62528], [-83.29641, 8.62579], [-83.29642, 8.62583], [-83.29656, 8.62637], [-83.29671, 8.62691], [-83.29687, 8.62746], [-83.29696, 8.62774], [-83.29705, 8.628], [-83.29725, 8.62855], [-83.29747, 8.62909], [-83.29751, 8.62919], [-83.2977, 8.62963], [-83.29795, 8.63018], [-83.29806, 8.6304], [-83.29822, 8.63072], [-83.29852, 8.63127], [-83.29861, 8.63142], [-83.29885, 8.63181], [-83.29916, 8.63227], [-83.29922, 8.63235], [-83.29964, 8.6329], [-83.29971, 8.63299], [-83.30009, 8.63344], [-83.30026, 8.63363], [-83.30059, 8.63398], [-83.30081, 8.63421], [-83.30113, 8.63453], [-83.30136, 8.63474], [-83.30172, 8.63507], [-83.30191, 8.63524], [-83.30236, 8.63562], [-83.30246, 8.6357], [-83.30301, 8.63614], [-83.30303, 8.63616], [-83.30356, 8.63658], [-83.30373, 8.6367], [-83.30411, 8.637], [-83.30444, 8.63725], [-83.30466, 8.63742], [-83.30519, 8.63779], [-83.30521, 8.6378], [-83.30576, 8.63813], [-83.30616, 8.63834], [-83.30631, 8.6384], [-83.30686, 8.6386], [-83.30741, 8.63873], [-83.30796, 8.63881], [-83.30851, 8.63885], [-83.30906, 8.63885], [-83.30961, 8.63883], [-83.31016, 8.6388], [-83.31071, 8.63876], [-83.31126, 8.63871], [-83.31181, 8.63864], [-83.31236, 8.63856], [-83.31291, 8.63846], [-83.31346, 8.63837], [-83.31372, 8.63834], [-83.31401, 8.6383], [-83.31456, 8.63824], [-83.31511, 8.63821], [-83.31566, 8.63821], [-83.31621, 8.63822], [-83.31676, 8.63824], [-83.31731, 8.63826], [-83.31786, 8.63829], [-83.31831, 8.63834], [-83.31841, 8.63834], [-83.31896, 8.63841], [-83.31951, 8.6385], [-83.32006, 8.63862], [-83.32061, 8.63879], [-83.32083, 8.63888], [-83.32116, 8.63901], [-83.32171, 8.63926], [-83.32201, 8.63942], [-83.32226, 8.63955], [-83.32281, 8.63984], [-83.32305, 8.63997], [-83.32335, 8.64013], [-83.3239, 8.6404], [-83.32415, 8.64051], [-83.32445, 8.64065], [-83.325, 8.64088], [-83.32538, 8.64105], [-83.32555, 8.64113], [-83.3261, 8.64141], [-83.32648, 8.6416], [-83.32665, 8.64169], [-83.3272, 8.64197], [-83.32755, 8.64214], [-83.32775, 8.64224], [-83.3283, 8.64247], [-83.32885, 8.64268], [-83.32888, 8.64269], [-83.3294, 8.64283], [-83.32995, 8.64293], [-83.3305, 8.64299], [-83.33105, 8.64302], [-83.3316, 8.64303], [-83.33215, 8.64304], [-83.3327, 8.64308], [-83.33325, 8.64318], [-83.3334, 8.64323], [-83.3338, 8.64337], [-83.33435, 8.64364], [-83.33456, 8.64377], [-83.3349, 8.64402], [-83.33524, 8.64432], [-83.33545, 8.64455], [-83.33571, 8.64486], [-83.336, 8.6453], [-83.33606, 8.6454], [-83.33636, 8.64595], [-83.33655, 8.64634], [-83.33662, 8.64649], [-83.33687, 8.64704], [-83.33709, 8.64758], [-83.3371, 8.64761], [-83.33731, 8.64812], [-83.33752, 8.64867], [-83.33765, 8.64902], [-83.33772, 8.64921], [-83.33791, 8.64976], [-83.3381, 8.6503], [-83.3382, 8.6506], [-83.33828, 8.65084], [-83.33845, 8.65139], [-83.3386, 8.65193], [-83.33875, 8.65246], [-83.33875, 8.65247], [-83.33891, 8.65302], [-83.33906, 8.65356], [-83.33922, 8.65411], [-83.3393, 8.65434], [-83.3394, 8.65465], [-83.3396, 8.65519], [-83.33982, 8.65574], [-83.33985, 8.65579], [-83.34007, 8.65628], [-83.34034, 8.65683], [-83.3404, 8.65694], [-83.34064, 8.65737], [-83.34095, 8.65789], [-83.34097, 8.65791], [-83.34133, 8.65846], [-83.3415, 8.65869], [-83.34173, 8.659], [-83.34205, 8.6594], [-83.34218, 8.65954], [-83.3426, 8.66], [-83.34268, 8.66009], [-83.34315, 8.66055], [-83.34324, 8.66063], [-83.3437, 8.66105], [-83.34384, 8.66118], [-83.34425, 8.66152], [-83.34449, 8.66172], [-83.3448, 8.66197], [-83.34517, 8.66226], [-83.34535, 8.66241], [-83.34586, 8.66281], [-83.3459, 8.66284], [-83.34645, 8.66327], [-83.34656, 8.66335], [-83.347, 8.6637], [-83.34725, 8.6639], [-83.34755, 8.66414], [-83.34792, 8.66444], [-83.3481, 8.66459], [-83.34854, 8.66498], [-83.34865, 8.66508], [-83.3491, 8.66553], [-83.3492, 8.66562], [-83.34961, 8.66607], [-83.34975, 8.66621], [-83.35009, 8.66661], [-83.3503, 8.66685], [-83.35054, 8.66716], [-83.35085, 8.66751], [-83.35098, 8.6677], [-83.3514, 8.66822], [-83.35141, 8.66825], [-83.35182, 8.66879], [-83.35195, 8.66894], [-83.35224, 8.66933], [-83.3525, 8.66966], [-83.35267, 8.66988], [-83.35305, 8.67034], [-83.35311, 8.67042], [-83.35359, 8.67096], [-83.35359, 8.67098], [-83.35408, 8.67151], [-83.35414, 8.67158], [-83.35458, 8.67205], [-83.35469, 8.67218], [-83.35508, 8.6726], [-83.35524, 8.67277], [-83.35559, 8.67314], [-83.35579, 8.67336], [-83.3561, 8.67368], [-83.35634, 8.67396], [-83.35658, 8.67423], [-83.35689, 8.6746], [-83.35703, 8.67477], [-83.35744, 8.6753], [-83.35746, 8.67532], [-83.35786, 8.67586], [-83.35799, 8.67605], [-83.35823, 8.6764], [-83.35854, 8.67685], [-83.35861, 8.67695], [-83.359, 8.67749], [-83.35909, 8.67762], [-83.35939, 8.67803], [-83.35964, 8.6784], [-83.35977, 8.67858], [-83.36014, 8.67912], [-83.36019, 8.6792], [-83.36049, 8.67967], [-83.36074, 8.68007], [-83.36083, 8.68021], [-83.36114, 8.68075], [-83.36129, 8.68105], [-83.36143, 8.6813], [-83.36171, 8.68184], [-83.36184, 8.6821], [-83.362, 8.68239], [-83.3623, 8.68293], [-83.36239, 8.6831], [-83.3626, 8.68347], [-83.36292, 8.68402], [-83.36294, 8.68406], [-83.36324, 8.68456], [-83.36349, 8.68499], [-83.36356, 8.6851], [-83.36389, 8.68565], [-83.36404, 8.6859], [-83.36422, 8.68619], [-83.36456, 8.68674], [-83.36459, 8.68678], [-83.36492, 8.68728], [-83.36514, 8.68762], [-83.36528, 8.68782], [-83.36566, 8.68837], [-83.36569, 8.68841], [-83.36607, 8.68891], [-83.36624, 8.68914], [-83.36649, 8.68945], [-83.36679, 8.68983], [-83.36694, 8.69], [-83.36734, 8.69047], [-83.36741, 8.69054], [-83.36789, 8.69107], [-83.36791, 8.69109], [-83.36844, 8.69162], [-83.36845, 8.69163], [-83.36899, 8.69214], [-83.36903, 8.69217], [-83.36954, 8.69264], [-83.36963, 8.69272], [-83.37009, 8.69313], [-83.37025, 8.69326], [-83.37064, 8.69359], [-83.37092, 8.69381], [-83.37119, 8.69402], [-83.37166, 8.69435], [-83.37174, 8.69441], [-83.37229, 8.69476], [-83.37253, 8.69489], [-83.37284, 8.69506], [-83.37339, 8.69529], [-83.37387, 8.69544], [-83.37394, 8.69546], [-83.37449, 8.69557], [-83.37504, 8.69564], [-83.37559, 8.69568], [-83.37614, 8.6957], [-83.37669, 8.69572], [-83.37724, 8.69575], [-83.37779, 8.69578], [-83.37834, 8.69578], [-83.37889, 8.69577], [-83.37944, 8.69575], [-83.37999, 8.69573], [-83.38054, 8.69571], [-83.38109, 8.6957], [-83.38164, 8.69572], [-83.38219, 8.69575], [-83.38274, 8.6958], [-83.38329, 8.69586], [-83.38383, 8.69594], [-83.38407, 8.69598], [-83.38438, 8.69604], [-83.38493, 8.69616], [-83.38548, 8.69632], [-83.386, 8.69652], [-83.38603, 8.69654], [-83.38658, 8.69683], [-83.38688, 8.69707], [-83.38713, 8.69727], [-83.38748, 8.69761], [-83.38768, 8.6978], [-83.38804, 8.69816], [-83.38823, 8.69832], [-83.3887, 8.6987], [-83.38878, 8.69876], [-83.38933, 8.69909], [-83.38963, 8.69924], [-83.38988, 8.69935], [-83.39043, 8.69954], [-83.39098, 8.69968], [-83.39149, 8.69979], [-83.39153, 8.6998], [-83.39208, 8.69988], [-83.39263, 8.69996], [-83.39318, 8.70004], [-83.39373, 8.70015], [-83.39428, 8.7003], [-83.39437, 8.70033], [-83.39483, 8.7005], [-83.39538, 8.70081], [-83.39547, 8.70088], [-83.39593, 8.70123], [-83.39612, 8.70142], [-83.39648, 8.70176], [-83.39667, 8.70196], [-83.39703, 8.70231], [-83.39723, 8.70251], [-83.39758, 8.70279], [-83.39792, 8.70305], [-83.39813, 8.70318], [-83.39868, 8.70347], [-83.39896, 8.70359], [-83.39923, 8.7037], [-83.39978, 8.70387], [-83.40033, 8.70402], [-83.40081, 8.70414], [-83.40088, 8.70416], [-83.40143, 8.70428], [-83.40198, 8.70442], [-83.40253, 8.70457], [-83.40296, 8.70468], [-83.40308, 8.70471], [-83.40363, 8.70482], [-83.40418, 8.70487], [-83.40473, 8.70485], [-83.40528, 8.70477]]}}, {"type": "Feature", "properties": {"depth_m": 200}, "geometry": {"type": "LineString", "coordinates": [[-83.39092, 8.68837], [-83.39043, 8.68881], [-83.38988, 8.68837], [-83.38988, 8.68837], [-83.38988, 8.68835], [-83.3902, 8.68782], [-83.39043, 8.68769], [-83.3906, 8.68782], [-83.39092, 8.68837]]}}, {"type": "Feature", "properties": {"depth_m": 200}, "geometry": {"type": "LineString", "coordinates": [[-83.38899, 8.68728], [-83.38878, 8.68731], [-83.38876, 8.68728], [-83.38823, 8.68705], [-83.38768, 8.687], [-83.38713, 8.68687], [-83.38688, 8.68674], [-83.38658, 8.68659], [-83.38636, 8.68619], [-83.38645, 8.68565], [-83.38649, 8.6851], [-83.38652, 8.68456], [-83.38658, 8.6842], [-83.38682, 8.68456], [-83.38713, 8.68492], [-83.38768, 8.68502], [-83.38813, 8.6851], [-83.38823, 8.68512], [-83.38878, 8.68543], [-83.38909, 8.68565], [-83.38933, 8.68601], [-83.3895, 8.68619], [-83.38971, 8.68674], [-83.38933, 8.68717], [-83.38899, 8.68728]]}}, {"type": "Feature", "properties": {"depth_m": 200}, "geometry": {"type": "LineString", "coordinates": [[-83.3984, 8.68347], [-83.39813, 8.68378], [-83.3977, 8.68347], [-83.39758, 8.6831], [-83.39753, 8.68293], [-83.39758, 8.68279], [-83.39788, 8.68239], [-83.39813, 8.68226], [-83.39824, 8.68239], [-83.39845, 8.68293], [-83.3984, 8.68347]]}}, {"type": "Feature", "properties": {"depth_m": 200}, "geometry": {"type": "LineString", "coordinates": [[-83.39628, 8.68184], [-83.39593, 8.68195], [-83.39574, 8.68184], [-83.39538, 8.68165], [-83.3951, 8.6813], [-83.3949, 8.68075], [-83.39483, 8.68025], [-83.39482, 8.68021], [-83.3945, 8.67967], [-83.39483, 8.67912], [-83.39483, 8.67912], [-83.39538, 8.67889], [-83.39593, 8.67878], [-83.39632, 8.67912], [-83.3964, 8.67967], [-83.39642, 8.68021], [-83.39643, 8.68075], [-83.39646, 8.6813], [-83.39628, 8.68184]]}}, {"type": "Feature", "properties": {"depth_m": 200}, "geometry": {"type": "LineString", "coordinates": [[-83.38269, 8.68234], [-83.38219, 8.68225], [-83.38193, 8.68184], [-83.38201, 8.6813], [-83.38206, 8.68075], [-83.38211, 8.68021], [-83.38219, 8.67969], [-83.3825, 8.68021], [-83.38274, 8.68042], [-83.38329, 8.68055], [-83.38383, 8.6807], [-83.38394, 8.68075], [-83.38438, 8.68097], [-83.38483, 8.6813], [-83.38493, 8.68136], [-83.38548, 8.68182], [-83.3855, 8.68184], [-83.38548, 8.68189], [-83.38493, 8.68229], [-83.3845, 8.68239], [-83.38438, 8.68242], [-83.38383, 8.6825], [-83.38329, 8.68245], [-83.38293, 8.68239]]}}, {"type": "Feature", "properties": {"depth_m": 200}, "geometry": {"type": "LineString", "coordinates": [[-83.39418, 8.67868], [-83.39426, 8.67912], [-83.39373, 8.67966], [-83.39318, 8.67925], [-83.39309, 8.67912], [-83.39289, 8.67858], [-83.39286, 8.67803], [-83.39289, 8.67749], [-83.39318, 8.67709], [-83.39373, 8.67703], [-83.39407, 8.67749], [-83.39418, 8.67803], [-83.39418, 8.67848]]}}, {"type": "Feature", "properties": {"depth_m": 200}, "geometry": {"type": "LineString", "coordinates": [[-83.38065, 8.67749], [-83.38054, 8.67754], [-83.37999, 8.67766], [-83.37944, 8.6777], [-83.37889, 8.67771], [-83.37834, 8.6777], [-83.37779, 8.67762], [-83.37724, 8.6775], [-83.37711, 8.67749], [-83.37724, 8.67742], [-83.37739, 8.67695], [-83.37735, 8.6764], [-83.37727, 8.67586], [-83.37724, 8.6757], [-83.37669, 8.67584], [-83.37667, 8.67586], [-83.37614, 8.67639], [-83.37611, 8.6764], [-83.37559, 8.67665], [-83.37558, 8.6764], [-83.37555, 8.67586], [-83.37504, 8.67534], [-83.37449, 8.67537], [-83.37394, 8.6754], [-83.37339, 8.67543], [-83.37331, 8.67532], [-83.37335, 8.67477], [-83.37336, 8.67423], [-83.37336, 8.67368], [-83.37337, 8.67314], [-83.37339, 8.67282], [-83.37394, 8.673], [-83.37417, 8.67314], [-83.37441, 8.67368], [-83.37442, 8.67423], [-83.37443, 8.67477], [-83.37449, 8.6748], [-83.37504, 8.67509], [-83.37547, 8.67477], [-83.37559, 8.67457], [-83.3759, 8.67423], [-83.37614, 8.67382], [-83.37669, 8.67384], [-83.37724, 8.67419], [-83.37728, 8.67423], [-83.37779, 8.67463], [-83.37794, 8.67477], [-83.37834, 8.67495], [-83.37883, 8.67532], [-83.37889, 8.67534], [-83.37937, 8.67586], [-83.37944, 8.67593], [-83.37973, 8.6764], [-83.37999, 8.67669], [-83.38012, 8.67695], [-83.38054, 8.67732], [-83.38065, 8.67749]]}}, {"type": "Feature", "properties": {"depth_m": 200}, "geometry": {"type": "LineString", "coordinates": [[-83.39238, 8.67695], [-83.39208, 8.67699], [-83.39153, 8.67696], [-83.39144, 8.67695], [-83.39098, 8.67684], [-83.39043, 8.6766], [-83.3902, 8.6764], [-83.38995, 8.67586], [-83.38988, 8.67576], [-83.38964, 8.67532], [-83.38933, 8.67506], [-83.38903, 8.67477], [-83.38878, 8.67437], [-83.38867, 8.67423], [-83.3885, 8.67368], [-83.38823, 8.67342], [-83.38768, 8.67327], [-83.38713, 8.67315], [-83.3871, 8.67314], [-83.38713, 8.67313], [-83.38768, 8.67306], [-83.38823, 8.67302], [-83.38878, 8.67297], [-83.38933, 8.67291], [-83.38945, 8.67314], [-83.38948, 8.67368], [-83.3895, 8.67423], [-83.38967, 8.67477], [-83.38988, 8.67503], [-83.39043, 8.67479], [-83.39058, 8.67477], [-83.39098, 8.67474], [-83.39153, 8.67474], [-83.39199, 8.67477], [-83.39208, 8.67479], [-83.39263, 8.67492], [-83.39318, 8.67512], [-83.39355, 8.67532], [-83.39318, 8.6757], [-83.39305, 8.67586], [-83.3928, 8.6764], [-83.39263, 8.67677], [-83.39238, 8.67695]]}}, {"type": "Feature", "properties": {"depth_m": 200}, "geometry": {"type": "LineString", "coordinates": [[-83.38126, 8.66226], [-83.38109, 8.66238], [-83.38054, 8.66244], [-83.37999, 8.66228], [-83.37995, 8.66226], [-83.37976, 8.66172], [-83.37999, 8.66153], [-83.38054, 8.66143], [-83.38109, 8.66161], [-83.38121, 8.66172], [-83.38126, 8.66226]]}}, {"type": "Feature", "properties": {"depth_m": 200}, "geometry": {"type": "LineString", "coordinates": [[-83.30961, 8.65047], [-83.30977, 8.6503], [-83.30961, 8.65002], [-83.30915, 8.64976], [-83.30906, 8.64974], [-83.30897, 8.64976], [-83.30866, 8.6503], [-83.30906, 8.6505], [-83.30961, 8.65047]]}}, {"type": "Feature", "properties": {"depth_m": 200}, "geometry": {"type": "LineString", "coordinates": [[-83.3481, 8.63354], [-83.34822, 8.63344], [-83.34865, 8.63322], [-83.34916, 8.6329], [-83.34865, 8.63256], [-83.34833, 8.63235], [-83.3481, 8.63216], [-83.34807, 8.63235], [-83.34795, 8.6329], [-83.34806, 8.63344], [-83.3481, 8.63354]]}}, {"type": "Feature", "properties": {"depth_m": 200}, "geometry": {"type": "LineString", "coordinates": [[-83.34645, 8.63086], [-83.34682, 8.63072], [-83.34645, 8.63044], [-83.34615, 8.63018], [-83.3459, 8.62984], [-83.34577, 8.63018], [-83.3456, 8.63072], [-83.3459, 8.63115], [-83.34645, 8.63086]]}}, {"type": "Feature", "properties": {"depth_m": 200}, "geometry": {"type": "LineString", "coordinates": [[-83.33156, 8.62583], [-83.33105, 8.62611], [-83.3305, 8.62611], [-83.32995, 8.6261], [-83.3294, 8.62608], [-83.32885, 8.62603], [-83.3283, 8.62592], [-83.32797, 8.62583], [-83.32775, 8.62574], [-83.3272, 8.6255], [-83.32711, 8.62528], [-83.32717, 8.62474], [-83.3272, 8.6242], [-83.3272, 8.62417], [-83.32723, 8.6242], [-83.32775, 8.62438], [-83.3283, 8.62442], [-83.32885, 8.62445], [-83.3294, 8.62449], [-83.32995, 8.62454], [-83.3305, 8.6246], [-83.33105, 8.62467], [-83.33122, 8.62474], [-83.33156, 8.62528], [-83.33156, 8.62583]]}}, {"type": "Feature", "properties": {"depth_m": 200}, "geometry": {"type": "LineString", "coordinates": [[-83.33694, 8.62256], [-83.33655, 8.6231], [-83.336, 8.62265], [-83.33595, 8.62256], [-83.33579, 8.62202], [-83.33573, 8.62148], [-83.33548, 8.62093], [-83.336, 8.62069], [-83.33655, 8.62045], [-83.3369, 8.62093], [-83.33691, 8.62148], [-83.33693, 8.62202], [-83.33694, 8.62256]]}}, {"type": "Feature", "properties": {"depth_m": 200}, "geometry": {"type": "LineString", "coordinates": [[-83.32646, 8.62093], [-83.3261, 8.62102], [-83.32555, 8.62105], [-83.325, 8.62111], [-83.3249, 8.62093], [-83.32494, 8.62039], [-83.32496, 8.61984], [-83.32496, 8.6193], [-83.325, 8.61887], [-83.32525, 8.6193], [-83.32552, 8.61984], [-83.32555, 8.61992], [-83.32598, 8.62039], [-83.3261, 8.62043], [-83.32646, 8.62093]]}}, {"type": "Feature", "properties": {"depth_m": 200}, "geometry": {"type": "LineString", "coordinates": [[-83.33474, 8.62039], [-83.33435, 8.62093], [-83.3338, 8.6205], [-83.33372, 8.62039], [-83.33351, 8.61984], [-83.33343, 8.6193], [-83.33325, 8.61891], [-83.33312, 8.61876], [-83.33325, 8.61868], [-83.3338, 8.61843], [-83.33435, 8.61828], [-83.33465, 8.61876], [-83.33467, 8.6193], [-83.3347, 8.61984], [-83.33474, 8.62039]]}}, {"type": "Feature", "properties": {"depth_m": 200}, "geometry": {"type": "LineString", "coordinates": [[-83.33226, 8.61767], [-83.33215, 8.61805], [-83.3316, 8.61769], [-83.33157, 8.61767], [-83.33106, 8.61713], [-83.33105, 8.61712], [-83.3305, 8.61686], [-83.33018, 8.61658], [-83.3305, 8.61638], [-83.33105, 8.61629], [-83.3316, 8.6162], [-83.33215, 8.61613], [-83.33238, 8.61658], [-83.33231, 8.61713], [-83.33226, 8.61767]]}}, {"type": "Feature", "properties": {"depth_m": 200}, "geometry": {"type": "LineString", "coordinates": [[-83.24528, 8.57909], [-83.24539, 8.57906], [-83.24583, 8.57888], [-83.24638, 8.5786], [-83.24651, 8.57851], [-83.24693, 8.57821], [-83.24722, 8.57797], [-83.24748, 8.57772], [-83.24778, 8.57743], [-83.24803, 8.57713], [-83.24825, 8.57688], [-83.24858, 8.57642], [-83.24864, 8.57634], [-83.24897, 8.57579], [-83.24913, 8.57541], [-83.2492, 8.57525], [-83.24936, 8.57471], [-83.24942, 8.57416], [-83.24937, 8.57362], [-83.24921, 8.57308], [-83.24913, 8.57293], [-83.24895, 8.57253], [-83.24858, 8.57207], [-83.24852, 8.57199], [-83.24803, 8.57161], [-83.24779, 8.57144], [-83.24748, 8.5713], [-83.24693, 8.57109], [-83.24638, 8.57095], [-83.24606, 8.5709], [-83.24583, 8.57087], [-83.24528, 8.57086], [-83.24473, 8.5709], [-83.2447, 8.5709], [-83.24418, 8.57098], [-83.24363, 8.57109], [-83.24308, 8.57124], [-83.24253, 8.57141], [-83.24243, 8.57144], [-83.24198, 8.57164], [-83.24143, 8.57191], [-83.24129, 8.57199], [-83.24088, 8.57227], [-83.24055, 8.57253], [-83.24033, 8.57276], [-83.24009, 8.57308], [-83.23978, 8.57358], [-83.23976, 8.57362], [-83.23955, 8.57416], [-83.2394, 8.57471], [-83.23933, 8.57525], [-83.23934, 8.57579], [-83.23942, 8.57634], [-83.23957, 8.57688], [-83.23976, 8.57743], [-83.23978, 8.5775], [-83.23999, 8.57797], [-83.2403, 8.57851], [-83.24033, 8.57855], [-83.24083, 8.57906], [-83.24088, 8.5791], [-83.24143, 8.57937], [-83.24198, 8.57953], [-83.24253, 8.57958], [-83.24308, 8.57956], [-83.24363, 8.57948], [-83.24418, 8.57937], [-83.24473, 8.57924], [-83.24528, 8.57909]]}}, {"type": "Feature", "properties": {"depth_m": 225}, "geometry": {"type": "LineString", "coordinates": [[-83.38476, 8.68239], [-83.38438, 8.6825], [-83.38383, 8.68257], [-83.38329, 8.68254], [-83.38274, 8.68246], [-83.38244, 8.68239], [-83.38219, 8.68234], [-83.38187, 8.68184], [-83.38195, 8.6813], [-83.38201, 8.68075], [-83.38206, 8.68021], [-83.38214, 8.67967], [-83.38219, 8.67944], [-83.38229, 8.67967], [-83.38274, 8.68021], [-83.38274, 8.68021], [-83.38329, 8.68043], [-83.38383, 8.68061], [-83.3841, 8.68075], [-83.38438, 8.68089], [-83.38493, 8.6813], [-83.38493, 8.6813], [-83.38548, 8.68174], [-83.38556, 8.68184], [-83.38548, 8.682], [-83.38493, 8.68235], [-83.38476, 8.68239]]}}, {"type": "Feature", "properties": {"depth_m": 225}, "geometry": {"type": "LineString", "coordinates": [[-83.39426, 8.6786], [-83.39428, 8.67874], [-83.39466, 8.67858], [-83.39466, 8.67803], [-83.39483, 8.67757], [-83.39488, 8.67749], [-83.39538, 8.67698], [-83.39546, 8.67695], [-83.39593, 8.67681], [-83.39648, 8.67683], [-83.39697, 8.67695], [-83.39703, 8.67697], [-83.39758, 8.67728], [-83.39791, 8.67749], [-83.39813, 8.67769], [-83.3986, 8.67803], [-83.39868, 8.67812], [-83.39923, 8.67837], [-83.39978, 8.67844], [-83.40033, 8.67852], [-83.40081, 8.67858], [-83.40088, 8.67859], [-83.40143, 8.67868], [-83.40198, 8.67876], [-83.40253, 8.67884], [-83.40308, 8.67892], [-83.40363, 8.67898], [-83.40418, 8.67904], [-83.40473, 8.6791], [-83.40496, 8.67912], [-83.40528, 8.67915], [-83.40583, 8.67919], [-83.40638, 8.67921], [-83.40693, 8.67921], [-83.40748, 8.67919], [-83.40803, 8.67914], [-83.40812, 8.67912], [-83.40858, 8.67906], [-83.40913, 8.67895], [-83.40968, 8.6788], [-83.41023, 8.6786], [-83.41028, 8.67858], [-83.41078, 8.67836], [-83.41133, 8.67804], [-83.41133, 8.67803], [-83.41188, 8.67765], [-83.41207, 8.67749], [-83.41243, 8.67717], [-83.41266, 8.67695], [-83.41298, 8.67658], [-83.41312, 8.6764], [-83.41351, 8.67586], [-83.41353, 8.67584], [-83.41386, 8.67532], [-83.41407, 8.67494], [-83.41417, 8.67477], [-83.41444, 8.67423], [-83.41462, 8.67383], [-83.41469, 8.67368], [-83.4149, 8.67314], [-83.41508, 8.6726], [-83.41517, 8.67226], [-83.41523, 8.67205], [-83.41537, 8.67151], [-83.4155, 8.67096], [-83.41562, 8.67042], [-83.41571, 8.66988], [-83.41572, 8.66981], [-83.4158, 8.66933], [-83.41586, 8.66879], [-83.4159, 8.66825], [-83.41592, 8.6677], [-83.41592, 8.66716], [-83.41591, 8.66661], [-83.41588, 8.66607], [-83.41584, 8.66553], [-83.41578, 8.66498], [-83.41572, 8.66459], [-83.4157, 8.66444], [-83.41561, 8.6639], [-83.4155, 8.66335], [-83.41537, 8.66281], [-83.41521, 8.66226], [-83.41517, 8.66216], [-83.41503, 8.66172], [-83.41483, 8.66118], [-83.41462, 8.66066], [-83.41461, 8.66063], [-83.41438, 8.66009], [-83.41414, 8.65954], [-83.41407, 8.65941], [-83.41388, 8.659], [-83.4136, 8.65846], [-83.41353, 8.65831], [-83.4133, 8.65791], [-83.41298, 8.65737], [-83.41298, 8.65737], [-83.41263, 8.65683], [-83.41243, 8.65653], [-83.41225, 8.65628], [-83.41188, 8.65576], [-83.41186, 8.65574], [-83.41144, 8.65519], [-83.41133, 8.65505], [-83.41101, 8.65465], [-83.41078, 8.65438], [-83.41054, 8.65411], [-83.41023, 8.65377], [-83.41003, 8.65356], [-83.40968, 8.6532], [-83.4095, 8.65302], [-83.40913, 8.65266], [-83.40893, 8.65247], [-83.40858, 8.65215], [-83.40834, 8.65193], [-83.40803, 8.65165], [-83.40774, 8.65139], [-83.40748, 8.65115], [-83.40713, 8.65084], [-83.40693, 8.65065], [-83.40654, 8.6503], [-83.40638, 8.65015], [-83.40593, 8.64976], [-83.40583, 8.64966], [-83.40533, 8.64921], [-83.40528, 8.64917], [-83.40473, 8.64867], [-83.40472, 8.64867], [-83.40418, 8.64817], [-83.40412, 8.64812], [-83.40363, 8.64767], [-83.40353, 8.64758], [-83.40308, 8.64716], [-83.40296, 8.64704], [-83.40253, 8.6466], [-83.40242, 8.64649], [-83.40198, 8.64602], [-83.40191, 8.64595], [-83.40143, 8.64542], [-83.40142, 8.6454], [-83.40094, 8.64486], [-83.40088, 8.64478], [-83.40048, 8.64432], [-83.40033, 8.64413], [-83.40002, 8.64377], [-83.39978, 8.64348], [-83.39956, 8.64323], [-83.39923, 8.64285], [-83.39908, 8.64269], [-83.39868, 8.64223], [-83.3986, 8.64214], [-83.39813, 8.64161], [-83.39812, 8.6416], [-83.39765, 8.64105], [-83.39758, 8.64098], [-83.39717, 8.64051], [-83.39703, 8.64035], [-83.39667, 8.63997], [-83.39648, 8.63976], [-83.39614, 8.63942], [-83.39593, 8.63922], [-83.39554, 8.63888], [-83.39538, 8.63874], [-83.39483, 8.63835], [-83.3948, 8.63834], [-83.39428, 8.63806], [-83.39373, 8.63784], [-83.39356, 8.63779], [-83.39318, 8.63768], [-83.39263, 8.63758], [-83.39208, 8.63751], [-83.39153, 8.63748], [-83.39098, 8.63746], [-83.39043, 8.63747], [-83.38988, 8.6375], [-83.38933, 8.63758], [-83.38878, 8.6377], [-83.38848, 8.63779], [-83.38823, 8.63787], [-83.38768, 8.63807], [-83.38713, 8.6383], [-83.38707, 8.63834], [-83.38658, 8.63856], [-83.38603, 8.63883], [-83.38595, 8.63888], [-83.38548, 8.63915], [-83.38509, 8.63942], [-83.38493, 8.63954], [-83.38443, 8.63997], [-83.38438, 8.64001], [-83.3839, 8.64051], [-83.38383, 8.64059], [-83.38346, 8.64105], [-83.38329, 8.64129], [-83.38307, 8.6416], [-83.38274, 8.64214], [-83.38273, 8.64214], [-83.38243, 8.64269], [-83.38219, 8.6432], [-83.38217, 8.64323], [-83.38194, 8.64377], [-83.38174, 8.64432], [-83.38164, 8.64466], [-83.38158, 8.64486], [-83.38144, 8.6454], [-83.38133, 8.64595], [-83.38122, 8.64649], [-83.38112, 8.64704], [-83.38109, 8.64719], [-83.38102, 8.64758], [-83.38093, 8.64812], [-83.38087, 8.64867], [-83.38082, 8.64921], [-83.3808, 8.64976], [-83.38081, 8.6503], [-83.38086, 8.65084], [-83.38096, 8.65139], [-83.38109, 8.65185], [-83.38111, 8.65193], [-83.3813, 8.65247], [-83.38152, 8.65302], [-83.38164, 8.65327], [-83.38176, 8.65356], [-83.38198, 8.65411], [-83.38216, 8.65465], [-83.38219, 8.65477], [-83.38228, 8.65519], [-83.38237, 8.65574], [-83.38243, 8.65628], [-83.38247, 8.65683], [-83.38249, 8.65737], [-83.3825, 8.65791], [-83.3825, 8.65846], [-83.38248, 8.659], [-83.38257, 8.65954], [-83.38274, 8.65982], [-83.38286, 8.66009], [-83.38319, 8.66063], [-83.38329, 8.66083], [-83.38342, 8.66118], [-83.38354, 8.66172], [-83.38353, 8.66226], [-83.38335, 8.66281], [-83.38329, 8.66289], [-83.38275, 8.66335], [-83.38274, 8.66336], [-83.38219, 8.66355], [-83.38164, 8.66367], [-83.38109, 8.66374], [-83.38095, 8.6639], [-83.38077, 8.66444], [-83.38069, 8.66498], [-83.38064, 8.66553], [-83.38061, 8.66607], [-83.38059, 8.66661], [-83.38057, 8.66716], [-83.38055, 8.6677], [-83.38054, 8.66817], [-83.37999, 8.66816], [-83.37944, 8.66819], [-83.37892, 8.66825], [-83.37889, 8.66825], [-83.37834, 8.6684], [-83.3778, 8.66879], [-83.37779, 8.6688], [-83.3774, 8.66933], [-83.37724, 8.66976], [-83.37719, 8.66988], [-83.37711, 8.67042], [-83.37713, 8.67096], [-83.37719, 8.67151], [-83.37724, 8.67168], [-83.3773, 8.67205], [-83.37751, 8.6726], [-83.37779, 8.67301], [-83.37785, 8.67314], [-83.37816, 8.67368], [-83.37834, 8.67392], [-83.37849, 8.67423], [-83.37889, 8.67471], [-83.37892, 8.67477], [-83.37934, 8.67532], [-83.37944, 8.67542], [-83.3797, 8.67586], [-83.37999, 8.67626], [-83.38005, 8.6764], [-83.38034, 8.67695], [-83.38054, 8.67712], [-83.38079, 8.67749], [-83.38054, 8.6776], [-83.37999, 8.67771], [-83.37944, 8.67775], [-83.37889, 8.67778], [-83.37834, 8.67777], [-83.37779, 8.67772], [-83.37724, 8.67763], [-83.37669, 8.67762], [-83.37614, 8.67765], [-83.37559, 8.67766], [-83.37547, 8.67749], [-83.37549, 8.67695], [-83.37548, 8.6764], [-83.37541, 8.67586], [-83.37504, 8.67548], [-83.37449, 8.6755], [-83.37394, 8.67553], [-83.37339, 8.67555], [-83.37323, 8.67532], [-83.37326, 8.67477], [-83.37327, 8.67423], [-83.37327, 8.67368], [-83.37328, 8.67314], [-83.3733, 8.6726], [-83.37331, 8.67205], [-83.3733, 8.67151], [-83.37329, 8.67096], [-83.37327, 8.67042], [-83.37325, 8.66988], [-83.37313, 8.66933], [-83.37284, 8.66907], [-83.37229, 8.6691], [-83.37174, 8.66912], [-83.37119, 8.66911], [-83.37064, 8.6691], [-83.37009, 8.66908], [-83.36954, 8.66906], [-83.36899, 8.66905], [-83.3688, 8.66879], [-83.36882, 8.66825], [-83.36882, 8.6677], [-83.36869, 8.66716], [-83.36844, 8.66698], [-83.36789, 8.66697], [-83.36734, 8.66697], [-83.36679, 8.66698], [-83.36649, 8.66661], [-83.36645, 8.66607], [-83.36637, 8.66553], [-83.36624, 8.66531], [-83.36569, 8.66535], [-83.36514, 8.66538], [-83.36459, 8.6654], [-83.36404, 8.6653], [-83.36349, 8.66521], [-83.36294, 8.66504], [-83.36279, 8.66498], [-83.36239, 8.66479], [-83.36184, 8.66445], [-83.36182, 8.66444], [-83.36129, 8.66405], [-83.36108, 8.6639], [-83.36074, 8.66363], [-83.36031, 8.66335], [-83.36019, 8.66328], [-83.35964, 8.66307], [-83.35909, 8.66296], [-83.35854, 8.66292], [-83.35799, 8.66294], [-83.35744, 8.66303], [-83.35689, 8.6632], [-83.35656, 8.66335], [-83.35634, 8.66346], [-83.35579, 8.66384], [-83.35572, 8.6639], [-83.35524, 8.66426], [-83.35507, 8.66444], [-83.35469, 8.66484], [-83.3546, 8.66498], [-83.3543, 8.66553], [-83.35414, 8.66599], [-83.35412, 8.66607], [-83.35406, 8.66661], [-83.3541, 8.66716], [-83.35414, 8.66735], [-83.35423, 8.6677], [-83.35448, 8.66825], [-83.35469, 8.66862], [-83.35481, 8.66879], [-83.35523, 8.66933], [-83.35524, 8.66935], [-83.35576, 8.66988], [-83.35579, 8.66991], [-83.35634, 8.67041], [-83.35635, 8.67042], [-83.35689, 8.67092], [-83.35694, 8.67096], [-83.35744, 8.67147], [-83.35748, 8.67151], [-83.35794, 8.67205], [-83.35799, 8.67212], [-83.35833, 8.6726], [-83.35854, 8.67291], [-83.35868, 8.67314], [-83.35899, 8.67368], [-83.35909, 8.67386], [-83.35928, 8.67423], [-83.35955, 8.67477], [-83.35964, 8.67496], [-83.35981, 8.67532], [-83.36006, 8.67586], [-83.36019, 8.67615], [-83.36031, 8.6764], [-83.36057, 8.67695], [-83.36074, 8.67725], [-83.36087, 8.67749], [-83.36119, 8.67803], [-83.36129, 8.6782], [-83.36153, 8.67858], [-83.36184, 8.67906], [-83.36189, 8.67912], [-83.36225, 8.67967], [-83.36239, 8.67988], [-83.36261, 8.68021], [-83.36294, 8.68073], [-83.36296, 8.68075], [-83.36329, 8.6813], [-83.36349, 8.68163], [-83.36362, 8.68184], [-83.36397, 8.68239], [-83.36404, 8.6825], [-83.36433, 8.68293], [-83.36459, 8.68331], [-83.3647, 8.68347], [-83.36508, 8.68402], [-83.36514, 8.6841], [-83.36546, 8.68456], [-83.36569, 8.6849], [-83.36584, 8.6851], [-83.36621, 8.68565], [-83.36624, 8.68569], [-83.3666, 8.68619], [-83.36679, 8.68645], [-83.36701, 8.68674], [-83.36734, 8.68715], [-83.36745, 8.68728], [-83.36789, 8.68778], [-83.36793, 8.68782], [-83.36844, 8.68835], [-83.36845, 8.68837], [-83.36899, 8.68888], [-83.36903, 8.68891], [-83.36954, 8.68937], [-83.36964, 8.68945], [-83.37009, 8.68984], [-83.3703, 8.69], [-83.37064, 8.69027], [-83.37102, 8.69054], [-83.37119, 8.69066], [-83.37174, 8.69103], [-83.37184, 8.69109], [-83.37229, 8.69135], [-83.37284, 8.69162], [-83.37286, 8.69163], [-83.37339, 8.69184], [-83.37394, 8.692], [-83.37449, 8.6921], [-83.37504, 8.69217], [-83.37508, 8.69217], [-83.37559, 8.69221], [-83.37614, 8.69223], [-83.37669, 8.69224], [-83.37724, 8.69225], [-83.37779, 8.69226], [-83.37834, 8.69227], [-83.37889, 8.69226], [-83.37944, 8.69223], [-83.37999, 8.69219], [-83.38012, 8.69217], [-83.38054, 8.69212], [-83.38109, 8.69202], [-83.38164, 8.69186], [-83.3821, 8.69163], [-83.38219, 8.69158], [-83.38269, 8.69109], [-83.38274, 8.69103], [-83.38302, 8.69054], [-83.38328, 8.69], [-83.38329, 8.68999], [-83.38347, 8.68945], [-83.38346, 8.68891], [-83.38329, 8.68857], [-83.38316, 8.68837], [-83.38274, 8.68794], [-83.38259, 8.68782], [-83.38219, 8.68752], [-83.38186, 8.68728], [-83.38164, 8.68703], [-83.38145, 8.68674], [-83.38147, 8.68619], [-83.38164, 8.68603], [-83.38219, 8.68584], [-83.38274, 8.6859], [-83.38329, 8.68603], [-83.38383, 8.68617], [-83.38392, 8.68619], [-83.38438, 8.68636], [-83.38493, 8.68649], [-83.38548, 8.68656], [-83.38603, 8.6866], [-83.3861, 8.68619], [-83.38621, 8.68565], [-83.3863, 8.6851], [-83.38637, 8.68456], [-83.38648, 8.68402], [-83.38658, 8.68376], [-83.38679, 8.68402], [-83.38713, 8.68443], [-83.38742, 8.68456], [-83.38768, 8.68469], [-83.38823, 8.6849], [-83.38878, 8.68509], [-83.38881, 8.6851], [-83.38933, 8.68548], [-83.3896, 8.68565], [-83.38988, 8.68594], [-83.39021, 8.68619], [-83.39043, 8.68644], [-83.39095, 8.68674], [-83.39098, 8.68676], [-83.39153, 8.68708], [-83.39199, 8.68728], [-83.39208, 8.68733], [-83.39263, 8.68759], [-83.39318, 8.68773], [-83.39363, 8.68782], [-83.39373, 8.68786], [-83.39428, 8.68799], [-83.39483, 8.68806], [-83.39538, 8.68796], [-83.39568, 8.68782], [-83.39593, 8.68769], [-83.39636, 8.68728], [-83.39648, 8.68711], [-83.39668, 8.68674], [-83.39684, 8.68619], [-83.3969, 8.68565], [-83.39685, 8.6851], [-83.39669, 8.68456], [-83.3965, 8.68402], [-83.39648, 8.68397], [-83.39634, 8.68347], [-83.39613, 8.68293], [-83.39593, 8.68257], [-83.3958, 8.68239], [-83.39538, 8.68218], [-83.39509, 8.68184], [-83.39483, 8.68146], [-83.39475, 8.6813], [-83.39448, 8.68075], [-83.39428, 8.68039], [-83.39423, 8.68021], [-83.39373, 8.67984], [-83.39354, 8.67967], [-83.39318, 8.6794], [-83.39299, 8.67912], [-83.39279, 8.67858], [-83.39271, 8.67803], [-83.39263, 8.67769], [-83.3925, 8.67749], [-83.39208, 8.67726], [-83.39153, 8.6771], [-83.39098, 8.67698], [-83.39089, 8.67695], [-83.39043, 8.67672], [-83.39006, 8.6764], [-83.38988, 8.67606], [-83.3898, 8.67586], [-83.38945, 8.67532], [-83.38933, 8.67522], [-83.38888, 8.67477], [-83.38878, 8.67462], [-83.38847, 8.67423], [-83.38823, 8.67377], [-83.38812, 8.67368], [-83.38768, 8.67349], [-83.38713, 8.67329], [-83.38658, 8.67316], [-83.38653, 8.67314], [-83.38658, 8.67312], [-83.38713, 8.67301], [-83.38768, 8.67293], [-83.38823, 8.67289], [-83.38878, 8.67282], [-83.38933, 8.67276], [-83.38952, 8.67314], [-83.38954, 8.67368], [-83.38954, 8.67423], [-83.38984, 8.67477], [-83.38988, 8.67482], [-83.39, 8.67477], [-83.39043, 8.6747], [-83.39098, 8.67465], [-83.39153, 8.67464], [-83.39208, 8.67466], [-83.39263, 8.6747], [-83.39318, 8.67477], [-83.39318, 8.67477], [-83.39373, 8.675], [-83.39387, 8.67532], [-83.39373, 8.67574], [-83.39362, 8.67586], [-83.39333, 8.6764], [-83.39373, 8.67672], [-83.39398, 8.67695], [-83.39421, 8.67749], [-83.39426, 8.67803], [-83.39426, 8.67855]]}}, {"type": "Feature", "properties": {"depth_m": 225}, "geometry": {"type": "LineString", "coordinates": [[-83.38278, 8.66879], [-83.38274, 8.66915], [-83.38219, 8.66912], [-83.38164, 8.66908], [-83.38109, 8.66902], [-83.38074, 8.66879], [-83.38109, 8.66872], [-83.38164, 8.6687], [-83.38219, 8.66868], [-83.38274, 8.66865], [-83.38278, 8.66879]]}}, {"type": "Feature", "properties": {"depth_m": 225}, "geometry": {"type": "LineString", "coordinates": [[-83.32995, 8.6401], [-83.33025, 8.63997], [-83.3305, 8.63983], [-83.33102, 8.63942], [-83.33105, 8.63939], [-83.3315, 8.63888], [-83.3316, 8.63874], [-83.33188, 8.63834], [-83.33215, 8.63782], [-83.33217, 8.63779], [-83.33243, 8.63725], [-83.33262, 8.6367], [-83.3327, 8.6364], [-83.33278, 8.63616], [-83.33292, 8.63562], [-83.33303, 8.63507], [-83.33311, 8.63453], [-83.33317, 8.63398], [-83.33321, 8.63344], [-83.33322, 8.6329], [-83.33322, 8.63235], [-83.33319, 8.63181], [-83.33315, 8.63127], [-83.3331, 8.63072], [-83.33305, 8.63018], [-83.33301, 8.62963], [-83.33298, 8.62909], [-83.33311, 8.62855], [-83.3327, 8.62842], [-83.33215, 8.62825], [-83.3316, 8.6281], [-83.33152, 8.628], [-83.3313, 8.62746], [-83.3313, 8.62691], [-83.33135, 8.62637], [-83.33105, 8.62624], [-83.3305, 8.62622], [-83.32995, 8.6262], [-83.3294, 8.62617], [-83.32885, 8.62612], [-83.3283, 8.62602], [-83.32775, 8.62588], [-83.32761, 8.62583], [-83.3272, 8.62566], [-83.32704, 8.62528], [-83.32709, 8.62474], [-83.32712, 8.6242], [-83.32715, 8.62365], [-83.3272, 8.62325], [-83.3274, 8.62365], [-83.32775, 8.62401], [-83.3283, 8.62418], [-83.32836, 8.6242], [-83.32885, 8.62428], [-83.3294, 8.62434], [-83.32995, 8.62439], [-83.3305, 8.62444], [-83.33105, 8.62449], [-83.3316, 8.62469], [-83.33199, 8.62474], [-83.33215, 8.62482], [-83.3327, 8.62507], [-83.33315, 8.62528], [-83.33325, 8.62535], [-83.3338, 8.62534], [-83.33395, 8.62528], [-83.33435, 8.62507], [-83.33464, 8.62474], [-83.3348, 8.6242], [-83.33478, 8.62365], [-83.33472, 8.62311], [-83.33463, 8.62256], [-83.33452, 8.62202], [-83.33435, 8.62158], [-83.33431, 8.62148], [-83.3338, 8.62111], [-83.33368, 8.62093], [-83.3333, 8.62039], [-83.33325, 8.62027], [-83.33302, 8.61984], [-83.3327, 8.61931], [-83.3327, 8.6193], [-83.33218, 8.61876], [-83.33215, 8.61873], [-83.3316, 8.61841], [-83.33114, 8.61821], [-83.33105, 8.61816], [-83.3305, 8.61791], [-83.33001, 8.61767], [-83.32995, 8.61762], [-83.3294, 8.61732], [-83.32885, 8.61715], [-83.3283, 8.61716], [-83.32775, 8.61732], [-83.32725, 8.61767], [-83.3272, 8.61772], [-83.32692, 8.61821], [-83.32679, 8.61876], [-83.32678, 8.6193], [-83.3268, 8.61984], [-83.32681, 8.62039], [-83.32686, 8.62093], [-83.32665, 8.62113], [-83.3261, 8.62123], [-83.32555, 8.62123], [-83.325, 8.62127], [-83.3248, 8.62093], [-83.32482, 8.62039], [-83.32481, 8.61984], [-83.32461, 8.6193], [-83.32445, 8.61914], [-83.3239, 8.61916], [-83.32335, 8.61916], [-83.32281, 8.61917], [-83.32254, 8.61876], [-83.32251, 8.61821], [-83.32245, 8.61767], [-83.32226, 8.61734], [-83.32171, 8.61733], [-83.32116, 8.61732], [-83.32061, 8.61731], [-83.3203, 8.61713], [-83.32006, 8.61665], [-83.31951, 8.6166], [-83.31933, 8.61658], [-83.31896, 8.61653], [-83.31841, 8.61644], [-83.31786, 8.61634], [-83.31731, 8.61623], [-83.31676, 8.61614], [-83.31621, 8.61606], [-83.316, 8.61604], [-83.31566, 8.616], [-83.31511, 8.61599], [-83.31456, 8.61601], [-83.31435, 8.61604], [-83.31401, 8.61607], [-83.31346, 8.61615], [-83.31291, 8.61625], [-83.31236, 8.61635], [-83.31181, 8.61645], [-83.31126, 8.61654], [-83.31092, 8.61658], [-83.31071, 8.61661], [-83.31016, 8.61666], [-83.30961, 8.61672], [-83.30906, 8.61678], [-83.30851, 8.61687], [-83.30796, 8.61699], [-83.30751, 8.61713], [-83.30741, 8.61716], [-83.30686, 8.61742], [-83.30648, 8.61767], [-83.30631, 8.6178], [-83.30585, 8.61821], [-83.30576, 8.61831], [-83.30538, 8.61876], [-83.30521, 8.61899], [-83.30499, 8.6193], [-83.30466, 8.61984], [-83.30466, 8.61985], [-83.30439, 8.62039], [-83.30415, 8.62093], [-83.30411, 8.62105], [-83.30396, 8.62148], [-83.3038, 8.62202], [-83.30367, 8.62256], [-83.30358, 8.62311], [-83.30356, 8.62323], [-83.30351, 8.62365], [-83.30347, 8.6242], [-83.30346, 8.62474], [-83.30346, 8.62528], [-83.30348, 8.62583], [-83.30352, 8.62637], [-83.30356, 8.62672], [-83.30358, 8.62691], [-83.30367, 8.62746], [-83.30379, 8.628], [-83.30394, 8.62855], [-83.30411, 8.62903], [-83.30413, 8.62909], [-83.30436, 8.62963], [-83.30462, 8.63018], [-83.30466, 8.63026], [-83.30491, 8.63072], [-83.30521, 8.6312], [-83.30525, 8.63127], [-83.30563, 8.63181], [-83.30576, 8.63198], [-83.30605, 8.63235], [-83.30631, 8.63266], [-83.30652, 8.6329], [-83.30686, 8.63324], [-83.30706, 8.63344], [-83.30741, 8.63373], [-83.30773, 8.63398], [-83.30796, 8.63414], [-83.30851, 8.63448], [-83.3086, 8.63453], [-83.30906, 8.63476], [-83.30961, 8.635], [-83.30978, 8.63507], [-83.31016, 8.63521], [-83.31071, 8.63539], [-83.31126, 8.63554], [-83.31155, 8.63562], [-83.31181, 8.63568], [-83.31236, 8.63578], [-83.31291, 8.63587], [-83.31346, 8.63595], [-83.31401, 8.63601], [-83.31456, 8.63608], [-83.31511, 8.63615], [-83.31518, 8.63616], [-83.31566, 8.63622], [-83.31621, 8.6363], [-83.31676, 8.63638], [-83.31731, 8.63646], [-83.31786, 8.63654], [-83.31841, 8.63664], [-83.31874, 8.6367], [-83.31896, 8.63674], [-83.31951, 8.63686], [-83.32006, 8.637], [-83.32061, 8.63718], [-83.32075, 8.63725], [-83.32116, 8.63741], [-83.32171, 8.63767], [-83.32193, 8.63779], [-83.32226, 8.63795], [-83.32281, 8.63824], [-83.32299, 8.63834], [-83.32335, 8.63852], [-83.3239, 8.63877], [-83.32419, 8.63888], [-83.32445, 8.63898], [-83.325, 8.63916], [-83.32555, 8.63935], [-83.32579, 8.63942], [-83.3261, 8.63953], [-83.32665, 8.63971], [-83.3272, 8.63989], [-83.32748, 8.63997], [-83.32775, 8.64005], [-83.3283, 8.64017], [-83.32885, 8.64025], [-83.3294, 8.64024], [-83.32995, 8.6401]]}}, {"type": "Feature", "properties": {"depth_m": 225}, "geometry": {"type": "LineString", "coordinates": [[-83.33435, 8.6177], [-83.33444, 8.61767], [-83.33435, 8.61756], [-83.3338, 8.61724], [-83.33355, 8.61713], [-83.33325, 8.6169], [-83.33274, 8.61658], [-83.3327, 8.61656], [-83.3327, 8.61658], [-83.33265, 8.61713], [-83.33257, 8.61767], [-83.3327, 8.61804], [-83.33325, 8.61792], [-83.3338, 8.6178], [-83.33435, 8.6177]]}}]}