{"type": "FeatureCollection", "features": [{"type": "Feature", "geometry": {"type": "Polygon", "coordinates": [[[-83.58071, 8.63728], [-83.58095, 8.63783], [-83.58113, 8.63852], [-83.58154, 8.63934], [-83.58182, 8.63999], [-83.58233, 8.64027], [-83.58266, 8.64032], [-83.5835, 8.64032], [-83.58391, 8.64043], [-83.58396, 8.64049], [-83.58417, 8.64066], [-83.58443, 8.64092], [-83.58478, 8.64135], [-83.58495, 8.64153], [-83.58527, 8.64181], [-83.58563, 8.64209], [-83.58575, 8.64233], [-83.58578, 8.64256], [-83.58576, 8.64319], [-83.5858, 8.64355], [-83.58593, 8.64384], [-83.5862, 8.6443], [-83.58654, 8.64454], [-83.58677, 8.64474], [-83.58696, 8.64493], [-83.58711, 8.6452], [-83.58714, 8.64539], [-83.5871, 8.64565], [-83.58702, 8.64615], [-83.58693, 8.6469], [-83.5869, 8.64721], [-83.58651, 8.64789], [-83.58611, 8.64831], [-83.5859, 8.64879], [-83.58577, 8.64916], [-83.58575, 8.64928], [-83.58569, 8.64971], [-83.58564, 8.65017], [-83.58564, 8.65018], [-83.60567, 8.65064], [-83.60568, 8.65066], [-83.61931, 8.63709], [-83.63294, 8.6371], [-83.63748, 8.63258], [-83.64656, 8.63258], [-83.65565, 8.64162], [-83.66473, 8.64162], [-83.67836, 8.62806], [-83.71891, 8.62805], [-83.72833, 8.62805], [-83.72956, 8.62776], [-83.73101, 8.62775], [-83.73102, 8.62782], [-83.73125, 8.6277], [-83.73131, 8.62763], [-83.73133, 8.62797], [-83.73164, 8.62807], [-83.73892, 8.6281], [-83.73979, 8.62627], [-83.74022, 8.62453], [-83.74028, 8.62336], [-83.74017, 8.62217], [-83.73995, 8.62156], [-83.74042, 8.62032], [-83.74049, 8.61891], [-83.74012, 8.61755], [-83.73996, 8.6173], [-83.74003, 8.61694], [-83.7401, 8.61647], [-83.74018, 8.61546], [-83.74005, 8.61394], [-83.73969, 8.61315], [-83.73966, 8.61273], [-83.7391, 8.61139], [-83.73903, 8.61127], [-83.73903, 8.61125], [-83.73886, 8.60955], [-83.73885, 8.60952], [-83.73894, 8.60908], [-83.73883, 8.6078], [-83.73868, 8.60741], [-83.73877, 8.60674], [-83.73868, 8.60503], [-83.73847, 8.60416], [-83.73817, 8.60344], [-83.73816, 8.60324], [-83.73788, 8.60194], [-83.73814, 8.60171], [-83.73888, 8.60037], [-83.73913, 8.59885], [-83.73885, 8.59735], [-83.73856, 8.59654], [-83.7379, 8.59556], [-83.73787, 8.59545], [-83.73776, 8.59444], [-83.7372, 8.5927], [-83.73708, 8.5925], [-83.73714, 8.59165], [-83.73703, 8.59099], [-83.73663, 8.58973], [-83.73587, 8.58864], [-83.73483, 8.58782], [-83.73399, 8.58748], [-83.73372, 8.58721], [-83.73258, 8.58658], [-83.73222, 8.5865], [-83.73177, 8.58588], [-83.73147, 8.58503], [-83.73093, 8.58395], [-83.73011, 8.58305], [-83.72909, 8.58219], [-83.72768, 8.58138], [-83.72749, 8.58132], [-83.72703, 8.58055], [-83.72596, 8.57961], [-83.72465, 8.57906], [-83.72386, 8.57898], [-83.72333, 8.57869], [-83.72196, 8.57841], [-83.72056, 8.57856], [-83.71937, 8.57908], [-83.71831, 8.57917], [-83.71702, 8.57971], [-83.71663, 8.57944], [-83.71535, 8.57903], [-83.714, 8.57901], [-83.71197, 8.57928], [-83.71153, 8.57932], [-83.71082, 8.57889], [-83.70894, 8.57827], [-83.70701, 8.57806], [-83.70339, 8.5758], [-83.70058, 8.57189], [-83.70039, 8.57165], [-83.69591, 8.56622], [-83.69248, 8.56191], [-83.69219, 8.56158], [-83.68855, 8.55781], [-83.68845, 8.5577], [-83.68426, 8.55362], [-83.68131, 8.55062], [-83.68121, 8.55051], [-83.67797, 8.54742], [-83.6779, 8.54735], [-83.67468, 8.54441], [-83.67461, 8.54435], [-83.67152, 8.54164], [-83.66779, 8.53829], [-83.66468, 8.53538], [-83.6619, 8.53245], [-83.65998, 8.53001], [-83.65715, 8.52634], [-83.6538, 8.5217], [-83.65296, 8.5202], [-83.65233, 8.51934], [-83.65072, 8.5176], [-83.65052, 8.5174], [-83.64983, 8.51675], [-83.64897, 8.5161], [-83.64649, 8.51467], [-83.64393, 8.51302], [-83.64057, 8.5106], [-83.63747, 8.50829], [-83.62968, 8.50188], [-83.62501, 8.49782], [-83.62483, 8.49767], [-83.62326, 8.49644], [-83.62284, 8.49615], [-83.61809, 8.49323], [-83.61402, 8.49041], [-83.61082, 8.48786], [-83.60849, 8.48571], [-83.60679, 8.48385], [-83.60676, 8.48382], [-83.60463, 8.48154], [-83.60339, 8.4796], [-83.602, 8.47668], [-83.60151, 8.47588], [-83.59936, 8.47305], [-83.59911, 8.47276], [-83.59721, 8.47066], [-83.59705, 8.47051], [-83.59733, 8.46997], [-83.5975, 8.46956], [-83.59777, 8.4685], [-83.59779, 8.46741], [-83.59773, 8.46688], [-83.59741, 8.46565], [-83.59676, 8.46456], [-83.59666, 8.46443], [-83.59647, 8.46403], [-83.5964, 8.46389], [-83.59588, 8.46291], [-83.59538, 8.46214], [-83.59492, 8.46158], [-83.59448, 8.46096], [-83.59427, 8.46064], [-83.59415, 8.46051], [-83.5942, 8.46031], [-83.59423, 8.45981], [-83.59411, 8.45842], [-83.59357, 8.45713], [-83.59267, 8.45607], [-83.59221, 8.45568], [-83.59177, 8.45534], [-83.59107, 8.45488], [-83.59009, 8.45439], [-83.58975, 8.45426], [-83.5894, 8.45401], [-83.58844, 8.45331], [-83.58687, 8.45257], [-83.58602, 8.45251], [-83.58496, 8.45232], [-83.58475, 8.45229], [-83.58453, 8.45226], [-83.58451, 8.45223], [-83.58404, 8.4517], [-83.58357, 8.45125], [-83.58255, 8.45051], [-83.5817, 8.45006], [-83.58098, 8.44975], [-83.57977, 8.44935], [-83.57864, 8.44895], [-83.57845, 8.44889], [-83.57744, 8.44858], [-83.57739, 8.44857], [-83.57648, 8.4483], [-83.57552, 8.44798], [-83.5755, 8.44798], [-83.57419, 8.44755], [-83.57341, 8.44692], [-83.57393, 8.44616], [-83.57455, 8.4448], [-83.5747, 8.44332], [-83.57435, 8.44188], [-83.57355, 8.44062], [-83.57201, 8.43889], [-83.57105, 8.43808], [-83.56991, 8.43757], [-83.5665, 8.43656], [-83.56507, 8.43637], [-83.56364, 8.43664], [-83.56238, 8.43735], [-83.56182, 8.43796], [-83.56019, 8.43768], [-83.55796, 8.4377], [-83.55646, 8.43766], [-83.55526, 8.4373], [-83.55407, 8.43711], [-83.55236, 8.43706], [-83.552, 8.43702], [-83.55142, 8.43673], [-83.5507, 8.43644], [-83.54893, 8.4359], [-83.54823, 8.43575], [-83.5464, 8.4355], [-83.54517, 8.43549], [-83.544, 8.43581], [-83.54269, 8.43637], [-83.54192, 8.4366], [-83.54069, 8.43719], [-83.53968, 8.43812], [-83.539, 8.4393], [-83.53898, 8.43941], [-83.53892, 8.43944], [-83.53612, 8.44012], [-83.53397, 8.44033], [-83.53279, 8.4406], [-83.53103, 8.44127], [-83.52909, 8.44158], [-83.52698, 8.44173], [-83.52531, 8.44173], [-83.52411, 8.44188], [-83.52332, 8.44221], [-83.52257, 8.44229], [-83.52118, 8.44265], [-83.52079, 8.44282], [-83.52008, 8.44261], [-83.51877, 8.44243], [-83.51747, 8.44263], [-83.5165, 8.44292], [-83.51569, 8.44326], [-83.51489, 8.44368], [-83.51321, 8.44401], [-83.51256, 8.44419], [-83.51196, 8.4444], [-83.51059, 8.44416], [-83.50703, 8.44344], [-83.50594, 8.44336], [-83.50485, 8.44354], [-83.50406, 8.44377], [-83.50399, 8.44379], [-83.50279, 8.44417], [-83.49976, 8.44414], [-83.49711, 8.44406], [-83.49349, 8.44376], [-83.49079, 8.44342], [-83.49074, 8.44341], [-83.48892, 8.4432], [-83.48863, 8.44317], [-83.48738, 8.44311], [-83.48709, 8.44313], [-83.48672, 8.4477], [-83.48674, 8.44792], [-83.48667, 8.44813], [-83.48676, 8.44839], [-83.48688, 8.44846], [-83.48735, 8.44866], [-83.48804, 8.45024], [-83.48808, 8.45084], [-83.48785, 8.45157], [-83.48762, 8.45199], [-83.48719, 8.45239], [-83.48672, 8.45249], [-83.48662, 8.45283], [-83.48635, 8.45335], [-83.48597, 8.45399], [-83.48582, 8.45421], [-83.48582, 8.45472], [-83.48563, 8.4548], [-83.48538, 8.45545], [-83.48324, 8.45734], [-83.48289, 8.45736], [-83.48153, 8.45766], [-83.48084, 8.45775], [-83.47954, 8.45772], [-83.47853, 8.45806], [-83.4773, 8.45819], [-83.47549, 8.45889], [-83.47513, 8.45859], [-83.47504, 8.4586], [-83.47434, 8.4586], [-83.47398, 8.45859], [-83.47402, 8.45887], [-83.47408, 8.45951], [-83.47404, 8.46043], [-83.47399, 8.461], [-83.474, 8.46138], [-83.47395, 8.46212], [-83.47401, 8.46274], [-83.47405, 8.46351], [-83.47406, 8.46515], [-83.47402, 8.46571], [-83.47401, 8.46766], [-83.47401, 8.46857], [-83.47399, 8.47024], [-83.47398, 8.47107], [-83.47439, 8.47435], [-83.4743, 8.47461], [-83.47424, 8.47488], [-83.47418, 8.47516], [-83.47404, 8.47544], [-83.47381, 8.47572], [-83.47347, 8.47621], [-83.47333, 8.47658], [-83.47324, 8.47682], [-83.47291, 8.47717], [-83.47271, 8.47778], [-83.47267, 8.47832], [-83.47249, 8.47881], [-83.47238, 8.47933], [-83.47202, 8.47984], [-83.4717, 8.48039], [-83.47131, 8.48076], [-83.47101, 8.48114], [-83.47081, 8.48155], [-83.4706, 8.48218], [-83.47032, 8.48247], [-83.47019, 8.48274], [-83.46997, 8.48331], [-83.46952, 8.48332], [-83.46907, 8.48345], [-83.46842, 8.48351], [-83.46798, 8.48378], [-83.46713, 8.48405], [-83.46651, 8.48407], [-83.46586, 8.48378], [-83.46495, 8.48355], [-83.46465, 8.48346], [-83.46393, 8.48343], [-83.46359, 8.48289], [-83.46306, 8.48254], [-83.46215, 8.48233], [-83.46161, 8.48238], [-83.46117, 8.48238], [-83.46068, 8.48227], [-83.4605, 8.48241], [-83.46003, 8.48278], [-83.45946, 8.48308], [-83.45868, 8.48349], [-83.45817, 8.48398], [-83.45802, 8.48409], [-83.4573, 8.48461], [-83.45693, 8.4852], [-83.45668, 8.48504], [-83.45648, 8.48507], [-83.45595, 8.48544], [-83.45545, 8.48546], [-83.45511, 8.48543], [-83.45446, 8.48511], [-83.4543, 8.48436], [-83.45383, 8.48218], [-83.45317, 8.4815], [-83.45356, 8.48065], [-83.45364, 8.48034], [-83.4536, 8.48016], [-83.4531, 8.47977], [-83.45255, 8.47981], [-83.45234, 8.48045], [-83.4518, 8.48018], [-83.45161, 8.48017], [-83.45072, 8.48052], [-83.45064, 8.481], [-83.4498, 8.48056], [-83.4499, 8.48037], [-83.44969, 8.48024], [-83.44974, 8.48053], [-83.44967, 8.48095], [-83.44935, 8.48103], [-83.44895, 8.48069], [-83.44828, 8.4807], [-83.44843, 8.48103], [-83.44834, 8.48227], [-83.44856, 8.48298], [-83.44814, 8.48333], [-83.44771, 8.483], [-83.44781, 8.48269], [-83.4474, 8.48259], [-83.44707, 8.48335], [-83.44595, 8.48434], [-83.44526, 8.48446], [-83.44456, 8.48487], [-83.44396, 8.4844], [-83.44365, 8.48449], [-83.44367, 8.48379], [-83.4431, 8.4839], [-83.44235, 8.48442], [-83.44187, 8.48449], [-83.44135, 8.4855], [-83.4409, 8.48593], [-83.44061, 8.48585], [-83.44009, 8.48539], [-83.43955, 8.4855], [-83.43928, 8.48697], [-83.43962, 8.48786], [-83.4391, 8.4877], [-83.43791, 8.48741], [-83.43746, 8.4874], [-83.43709, 8.48694], [-83.43683, 8.48701], [-83.43659, 8.48716], [-83.43553, 8.48711], [-83.43494, 8.48802], [-83.43492, 8.48887], [-83.43495, 8.4896], [-83.43452, 8.49021], [-83.43431, 8.49118], [-83.43373, 8.49188], [-83.43299, 8.49223], [-83.43283, 8.49182], [-83.43257, 8.49192], [-83.43131, 8.49154], [-83.43069, 8.49223], [-83.43062, 8.49245], [-83.42991, 8.4928], [-83.42878, 8.49178], [-83.42819, 8.49109], [-83.42791, 8.49082], [-83.42757, 8.49003], [-83.42727, 8.48994], [-83.42566, 8.49114], [-83.42529, 8.49099], [-83.42492, 8.49127], [-83.42445, 8.49111], [-83.4242, 8.49116], [-83.42357, 8.49199], [-83.42239, 8.49095], [-83.42269, 8.48981], [-83.42143, 8.48939], [-83.42021, 8.49124], [-83.41992, 8.49254], [-83.419, 8.49619], [-83.41809, 8.49613], [-83.41784, 8.49702], [-83.41718, 8.49667], [-83.41667, 8.49696], [-83.416, 8.49827], [-83.41626, 8.49883], [-83.41488, 8.49887], [-83.41486, 8.49925], [-83.41536, 8.49981], [-83.41474, 8.50035], [-83.41387, 8.5003], [-83.41336, 8.5009], [-83.41407, 8.50133], [-83.41408, 8.50241], [-83.41435, 8.50258], [-83.41499, 8.5023], [-83.41524, 8.50296], [-83.41439, 8.50371], [-83.41382, 8.50346], [-83.41332, 8.50387], [-83.41325, 8.50462], [-83.41226, 8.50561], [-83.41322, 8.50734], [-83.41371, 8.50772], [-83.41387, 8.50808], [-83.41431, 8.50865], [-83.41509, 8.5095], [-83.41534, 8.50996], [-83.4158, 8.5105], [-83.41625, 8.51105], [-83.41633, 8.51134], [-83.41714, 8.51245], [-83.41775, 8.51324], [-83.41846, 8.51444], [-83.41922, 8.51522], [-83.41992, 8.51629], [-83.42049, 8.51707], [-83.42111, 8.51789], [-83.42184, 8.51893], [-83.42248, 8.51971], [-83.42281, 8.52029], [-83.42306, 8.52026], [-83.42236, 8.52104], [-83.42529, 8.52506], [-83.43462, 8.53787], [-83.43511, 8.53787], [-83.43517, 8.53804], [-83.43503, 8.5385], [-83.43467, 8.53898], [-83.43468, 8.53923], [-83.43462, 8.53959], [-83.43489, 8.53997], [-83.43518, 8.54025], [-83.43567, 8.54025], [-83.43629, 8.54001], [-83.4367, 8.53991], [-83.43702, 8.53989], [-83.43745, 8.5403], [-83.43743, 8.54058], [-83.43761, 8.5409], [-83.43795, 8.54085], [-83.43817, 8.54066], [-83.43838, 8.54063], [-83.43893, 8.54029], [-83.43988, 8.53988], [-83.44018, 8.53991], [-83.44048, 8.54006], [-83.44086, 8.54026], [-83.44134, 8.54018], [-83.4416, 8.5399], [-83.44221, 8.53994], [-83.44282, 8.54001], [-83.44328, 8.54005], [-83.4441, 8.53991], [-83.44474, 8.53979], [-83.44524, 8.53985], [-83.44594, 8.54004], [-83.44636, 8.53982], [-83.44697, 8.5395], [-83.44739, 8.53958], [-83.44809, 8.53943], [-83.44844, 8.53955], [-83.44909, 8.53982], [-83.45012, 8.54001], [-83.4505, 8.54029], [-83.45098, 8.54073], [-83.45139, 8.54077], [-83.45187, 8.54069], [-83.45292, 8.54054], [-83.45328, 8.54052], [-83.45367, 8.54093], [-83.45409, 8.54122], [-83.45458, 8.54126], [-83.45536, 8.54148], [-83.45608, 8.54212], [-83.45671, 8.54239], [-83.45694, 8.54258], [-83.45726, 8.54275], [-83.45762, 8.54281], [-83.45819, 8.5432], [-83.45864, 8.54327], [-83.45979, 8.54368], [-83.46087, 8.54413], [-83.46154, 8.54431], [-83.46234, 8.54444], [-83.46363, 8.54431], [-83.46437, 8.5438], [-83.46513, 8.5432], [-83.46561, 8.54279], [-83.46611, 8.54247], [-83.46697, 8.54215], [-83.46698, 8.54216], [-83.4779, 8.55895], [-83.47791, 8.55896], [-83.47918, 8.559], [-83.47999, 8.55909], [-83.48044, 8.55905], [-83.48143, 8.5589], [-83.48197, 8.55885], [-83.48312, 8.55883], [-83.48398, 8.55898], [-83.4846, 8.55901], [-83.48494, 8.55906], [-83.48559, 8.55895], [-83.48614, 8.55861], [-83.48649, 8.5578], [-83.48697, 8.5574], [-83.48742, 8.55738], [-83.48819, 8.55779], [-83.48888, 8.55803], [-83.49008, 8.55855], [-83.49085, 8.55864], [-83.49156, 8.55883], [-83.4929, 8.55936], [-83.49391, 8.55933], [-83.49448, 8.55991], [-83.49483, 8.56039], [-83.49532, 8.56046], [-83.49599, 8.5601], [-83.49617, 8.5605], [-83.49665, 8.56087], [-83.49717, 8.56082], [-83.49765, 8.56035], [-83.49783, 8.55966], [-83.49815, 8.55959], [-83.49836, 8.55954], [-83.49869, 8.55979], [-83.49901, 8.56028], [-83.49946, 8.56076], [-83.50002, 8.56124], [-83.50043, 8.56176], [-83.50033, 8.56237], [-83.50033, 8.56309], [-83.50057, 8.56369], [-83.50101, 8.56465], [-83.50161, 8.56539], [-83.50219, 8.5657], [-83.50278, 8.56595], [-83.50321, 8.56631], [-83.50341, 8.56652], [-83.50372, 8.56703], [-83.50423, 8.56729], [-83.50454, 8.56729], [-83.50477, 8.56738], [-83.50487, 8.56757], [-83.50456, 8.56829], [-83.50452, 8.56865], [-83.50464, 8.5688], [-83.50481, 8.56924], [-83.50504, 8.56952], [-83.50559, 8.56988], [-83.50593, 8.56991], [-83.50634, 8.56976], [-83.5067, 8.56981], [-83.50709, 8.57004], [-83.50739, 8.57035], [-83.50796, 8.57059], [-83.50885, 8.57076], [-83.50943, 8.57071], [-83.50974, 8.57099], [-83.50976, 8.57138], [-83.50945, 8.57184], [-83.50938, 8.57242], [-83.50981, 8.5729], [-83.50974, 8.57324], [-83.50986, 8.57336], [-83.51056, 8.57337], [-83.51133, 8.57397], [-83.51185, 8.57472], [-83.51188, 8.57563], [-83.51155, 8.57657], [-83.51101, 8.57766], [-83.5107, 8.57802], [-83.50974, 8.57812], [-83.50931, 8.57843], [-83.50907, 8.57904], [-83.50907, 8.57969], [-83.50927, 8.58031], [-83.5097, 8.58063], [-83.51039, 8.58101], [-83.51063, 8.58129], [-83.51073, 8.58159], [-83.51068, 8.58204], [-83.51047, 8.58226], [-83.51023, 8.58276], [-83.51017, 8.58353], [-83.50979, 8.58388], [-83.50929, 8.58435], [-83.5091, 8.58483], [-83.509, 8.58498], [-83.50878, 8.58525], [-83.50843, 8.58569], [-83.50809, 8.58605], [-83.50687, 8.58665], [-83.50633, 8.58702], [-83.50585, 8.58743], [-83.50521, 8.58789], [-83.50472, 8.58808], [-83.50441, 8.58838], [-83.50378, 8.58897], [-83.50339, 8.5891], [-83.50296, 8.58945], [-83.50251, 8.58985], [-83.50223, 8.59038], [-83.50225, 8.59091], [-83.50245, 8.59146], [-83.50262, 8.59215], [-83.50266, 8.59254], [-83.50255, 8.59292], [-83.50217, 8.59293], [-83.50169, 8.59271], [-83.50085, 8.59252], [-83.49961, 8.59269], [-83.4992, 8.59294], [-83.49848, 8.59306], [-83.49806, 8.59278], [-83.49762, 8.59314], [-83.49679, 8.59362], [-83.49638, 8.59398], [-83.49608, 8.59481], [-83.49606, 8.59581], [-83.49647, 8.5968], [-83.49704, 8.5979], [-83.49743, 8.59857], [-83.49759, 8.59892], [-83.4977, 8.59939], [-83.49765, 8.59987], [-83.49741, 8.60046], [-83.49701, 8.60079], [-83.49674, 8.60108], [-83.49657, 8.60136], [-83.49643, 8.602], [-83.49682, 8.60265], [-83.4972, 8.6032], [-83.4973, 8.60378], [-83.49714, 8.60406], [-83.49733, 8.60411], [-83.49786, 8.60461], [-83.49822, 8.60512], [-83.4987, 8.60538], [-83.49918, 8.60536], [-83.49967, 8.60512], [-83.50011, 8.60465], [-83.50029, 8.60429], [-83.50065, 8.60365], [-83.50104, 8.60333], [-83.50141, 8.60318], [-83.5018, 8.6031], [-83.50251, 8.60282], [-83.50285, 8.60241], [-83.50306, 8.60228], [-83.50328, 8.60171], [-83.50358, 8.60108], [-83.50396, 8.60046], [-83.50432, 8.60005], [-83.50468, 8.59944], [-83.50501, 8.59872], [-83.50526, 8.59837], [-83.50572, 8.59799], [-83.50614, 8.59777], [-83.50629, 8.59765], [-83.50654, 8.59763], [-83.5072, 8.5977], [-83.50744, 8.59784], [-83.50771, 8.59799], [-83.50807, 8.59822], [-83.50809, 8.59826], [-83.50824, 8.59858], [-83.50828, 8.59924], [-83.50845, 8.59952], [-83.50883, 8.59969], [-83.50907, 8.59967], [-83.50951, 8.59945], [-83.50972, 8.59926], [-83.51043, 8.59892], [-83.5108, 8.59896], [-83.51091, 8.59932], [-83.51092, 8.60011], [-83.51076, 8.60125], [-83.51071, 8.6026], [-83.51081, 8.60281], [-83.51105, 8.60286], [-83.51129, 8.60285], [-83.512, 8.60254], [-83.51253, 8.60204], [-83.51274, 8.60186], [-83.51301, 8.60136], [-83.51334, 8.60112], [-83.5141, 8.60107], [-83.51437, 8.60095], [-83.51467, 8.60017], [-83.51484, 8.60008], [-83.51505, 8.60014], [-83.51523, 8.60022], [-83.51556, 8.60014], [-83.51606, 8.5999], [-83.51646, 8.59971], [-83.5167, 8.59973], [-83.51688, 8.5998], [-83.51701, 8.60012], [-83.51695, 8.60062], [-83.51688, 8.60089], [-83.51666, 8.60123], [-83.51606, 8.60164], [-83.5159, 8.60198], [-83.51602, 8.60216], [-83.51695, 8.60218], [-83.51714, 8.60241], [-83.51701, 8.60324], [-83.51727, 8.60365], [-83.51782, 8.60397], [-83.5181, 8.60418], [-83.51847, 8.60456], [-83.51876, 8.6051], [-83.51886, 8.60581], [-83.51892, 8.6061], [-83.51912, 8.60623], [-83.51933, 8.60604], [-83.51954, 8.60533], [-83.51964, 8.60466], [-83.51985, 8.60403], [-83.52021, 8.60385], [-83.52055, 8.60383], [-83.52117, 8.60405], [-83.52122, 8.60434], [-83.52102, 8.6048], [-83.52098, 8.60516], [-83.52117, 8.6055], [-83.52144, 8.60566], [-83.52175, 8.60602], [-83.52215, 8.60665], [-83.52269, 8.6072], [-83.5234, 8.60736], [-83.52367, 8.60731], [-83.52398, 8.60705], [-83.52436, 8.60671], [-83.52431, 8.60627], [-83.5243, 8.60553], [-83.52435, 8.60493], [-83.52454, 8.60474], [-83.52482, 8.6045], [-83.52485, 8.60421], [-83.52458, 8.60382], [-83.52399, 8.60351], [-83.52379, 8.60332], [-83.52348, 8.60274], [-83.5235, 8.60207], [-83.52369, 8.6018], [-83.52407, 8.60165], [-83.52455, 8.60183], [-83.5248, 8.60211], [-83.52527, 8.60225], [-83.52549, 8.60242], [-83.52582, 8.60249], [-83.52618, 8.60251], [-83.52659, 8.60225], [-83.52666, 8.60164], [-83.52678, 8.60146], [-83.5273, 8.60116], [-83.52775, 8.60121], [-83.52812, 8.60142], [-83.5284, 8.60149], [-83.52904, 8.60155], [-83.52928, 8.60138], [-83.52933, 8.60113], [-83.52923, 8.60091], [-83.52923, 8.60063], [-83.52945, 8.60036], [-83.53021, 8.60024], [-83.53091, 8.60038], [-83.53131, 8.6003], [-83.53186, 8.59989], [-83.53225, 8.59956], [-83.53268, 8.59953], [-83.53301, 8.59974], [-83.53332, 8.60027], [-83.53376, 8.60064], [-83.53407, 8.60083], [-83.53454, 8.60077], [-83.5349, 8.60099], [-83.53512, 8.60184], [-83.53531, 8.60217], [-83.53551, 8.60238], [-83.53577, 8.60248], [-83.53599, 8.60274], [-83.5362, 8.6031], [-83.53621, 8.60344], [-83.53658, 8.6037], [-83.53718, 8.60365], [-83.53761, 8.60382], [-83.53781, 8.60409], [-83.53812, 8.60479], [-83.53848, 8.60543], [-83.53892, 8.60587], [-83.53918, 8.60629], [-83.53962, 8.60711], [-83.53988, 8.60733], [-83.54023, 8.6073], [-83.54062, 8.60699], [-83.54104, 8.60675], [-83.54181, 8.60679], [-83.54198, 8.60694], [-83.54194, 8.60804], [-83.54237, 8.60874], [-83.54285, 8.60917], [-83.54299, 8.60934], [-83.54332, 8.60977], [-83.54366, 8.61004], [-83.54448, 8.60989], [-83.54536, 8.60959], [-83.54598, 8.60947], [-83.54615, 8.60926], [-83.54626, 8.60885], [-83.54597, 8.60825], [-83.54605, 8.60769], [-83.54624, 8.60736], [-83.5465, 8.60714], [-83.5469, 8.60684], [-83.54738, 8.60663], [-83.54858, 8.60655], [-83.54912, 8.60633], [-83.54934, 8.60631], [-83.54955, 8.60636], [-83.54991, 8.6066], [-83.55032, 8.60686], [-83.55071, 8.60696], [-83.55106, 8.60715], [-83.5513, 8.60765], [-83.55147, 8.6078], [-83.55193, 8.60787], [-83.55212, 8.60779], [-83.55243, 8.60748], [-83.55266, 8.60745], [-83.5531, 8.60757], [-83.55324, 8.608], [-83.55334, 8.60861], [-83.55365, 8.60926], [-83.55409, 8.60975], [-83.55435, 8.60985], [-83.55497, 8.60968], [-83.55545, 8.60971], [-83.55573, 8.60983], [-83.55578, 8.61019], [-83.5559, 8.61083], [-83.55612, 8.61112], [-83.55667, 8.6116], [-83.55722, 8.61203], [-83.55744, 8.61239], [-83.55785, 8.613], [-83.5583, 8.61335], [-83.55864, 8.61378], [-83.55939, 8.61477], [-83.55979, 8.61571], [-83.55989, 8.61665], [-83.55987, 8.61788], [-83.55999, 8.61855], [-83.56024, 8.61876], [-83.56071, 8.6191], [-83.56112, 8.61942], [-83.56136, 8.61975], [-83.56141, 8.62016], [-83.56129, 8.62093], [-83.56129, 8.62132], [-83.56149, 8.62165], [-83.5618, 8.62176], [-83.56211, 8.62174], [-83.56238, 8.6215], [-83.56271, 8.62155], [-83.56295, 8.6216], [-83.56307, 8.62181], [-83.56364, 8.62279], [-83.56377, 8.62298], [-83.5642, 8.62311], [-83.56487, 8.62346], [-83.56554, 8.62426], [-83.5661, 8.6246], [-83.56645, 8.62505], [-83.5668, 8.62591], [-83.56705, 8.62623], [-83.56737, 8.62642], [-83.5676, 8.62671], [-83.56782, 8.62714], [-83.56808, 8.62731], [-83.56851, 8.62742], [-83.56888, 8.62776], [-83.56907, 8.62834], [-83.56905, 8.62853], [-83.56888, 8.62973], [-83.56907, 8.62988], [-83.56939, 8.63007], [-83.57043, 8.62999], [-83.57135, 8.62994], [-83.57176, 8.63013], [-83.57202, 8.63044], [-83.57214, 8.6309], [-83.57221, 8.63141], [-83.57249, 8.63174], [-83.57271, 8.63182], [-83.57312, 8.63183], [-83.5737, 8.63204], [-83.57382, 8.63219], [-83.57389, 8.63244], [-83.57379, 8.63277], [-83.57368, 8.63314], [-83.57374, 8.63333], [-83.57398, 8.63362], [-83.57416, 8.63367], [-83.57427, 8.6338], [-83.57428, 8.6341], [-83.57401, 8.63441], [-83.57382, 8.6352], [-83.5739, 8.63551], [-83.57423, 8.63576], [-83.57456, 8.63587], [-83.57493, 8.63597], [-83.57529, 8.63619], [-83.57574, 8.63642], [-83.57607, 8.63659], [-83.57641, 8.63674], [-83.57684, 8.63673], [-83.57718, 8.63666], [-83.57736, 8.63646], [-83.57756, 8.63603], [-83.57779, 8.63584], [-83.57803, 8.63577], [-83.5783, 8.63582], [-83.57854, 8.63608], [-83.57863, 8.63644], [-83.57889, 8.63672], [-83.57918, 8.63687], [-83.58014, 8.63687], [-83.58035, 8.63692], [-83.58055, 8.63704], [-83.58071, 8.63728]], [[-83.59338, 8.47321], [-83.59312, 8.47366], [-83.59348, 8.47385], [-83.59342, 8.47395], [-83.59245, 8.47578], [-83.59042, 8.4796], [-83.59002, 8.47939], [-83.59091, 8.47772], [-83.59164, 8.47635], [-83.59302, 8.47374], [-83.59334, 8.47316], [-83.59338, 8.47321]]]}, "properties": {"name": "Corcovado", "desig_eng": "National Park", "iucn_cat": "II", "status_yr": 1975, "gis_area": 442.64697389, "site_id": 164, "realm": "Terrestrial", "mang_auth": "Federal or national ministry or agency"}}, {"type": "Feature", "geometry": {"type": "MultiPolygon", "coordinates": [[[[-83.41929, 8.82915], [-83.43109, 8.82916], [-83.43067, 8.81786], [-83.44658, 8.80566], [-83.44659, 8.7817], [-83.43752, 8.76361], [-83.41935, 8.75456], [-83.43752, 8.75457], [-83.43753, 8.74553], [-83.44662, 8.74553], [-83.45343, 8.75458], [-83.44661, 8.76362], [-83.45569, 8.77266], [-83.45841, 8.78668], [-83.49204, 8.78172], [-83.51294, 8.78445], [-83.5284, 8.76366], [-83.52841, 8.75461], [-83.5375, 8.75462], [-83.59202, 8.78176], [-83.59203, 8.73655], [-83.63747, 8.73656], [-83.64929, 8.73204], [-83.62202, 8.71666], [-83.61476, 8.68411], [-83.63566, 8.69632], [-83.64065, 8.68863], [-83.6636, 8.67733], [-83.66473, 8.67326], [-83.70472, 8.67326], [-83.70471, 8.6371], [-83.72833, 8.63709], [-83.72833, 8.62805], [-83.71731, 8.62805], [-83.67836, 8.62806], [-83.66473, 8.64162], [-83.65565, 8.64162], [-83.64656, 8.63258], [-83.63748, 8.63258], [-83.63294, 8.6371], [-83.61931, 8.63709], [-83.60568, 8.65066], [-83.60567, 8.65064], [-83.58564, 8.65018], [-83.58564, 8.65017], [-83.58569, 8.64971], [-83.58575, 8.64928], [-83.58577, 8.64916], [-83.5859, 8.64879], [-83.58611, 8.64831], [-83.58651, 8.64789], [-83.5869, 8.64721], [-83.58693, 8.6469], [-83.58702, 8.64615], [-83.5871, 8.64565], [-83.58714, 8.64539], [-83.58711, 8.6452], [-83.58696, 8.64493], [-83.58677, 8.64474], [-83.58654, 8.64454], [-83.5862, 8.6443], [-83.58593, 8.64384], [-83.5858, 8.64355], [-83.58576, 8.64319], [-83.58578, 8.64256], [-83.58575, 8.64233], [-83.58563, 8.64209], [-83.58527, 8.64181], [-83.58495, 8.64153], [-83.58478, 8.64135], [-83.58443, 8.64092], [-83.58417, 8.64066], [-83.58396, 8.64049], [-83.58391, 8.64043], [-83.5835, 8.64032], [-83.58266, 8.64032], [-83.58233, 8.64027], [-83.58182, 8.63999], [-83.58154, 8.63934], [-83.58113, 8.63852], [-83.58095, 8.63783], [-83.58071, 8.63728], [-83.58055, 8.63704], [-83.58035, 8.63692], [-83.58014, 8.63687], [-83.57918, 8.63687], [-83.57889, 8.63672], [-83.57863, 8.63644], [-83.57854, 8.63608], [-83.5783, 8.63582], [-83.57803, 8.63577], [-83.57779, 8.63584], [-83.57756, 8.63603], [-83.57736, 8.63646], [-83.57718, 8.63666], [-83.57684, 8.63673], [-83.57641, 8.63674], [-83.57607, 8.63659], [-83.57574, 8.63642], [-83.57529, 8.63619], [-83.57493, 8.63597], [-83.57456, 8.63587], [-83.57423, 8.63576], [-83.5739, 8.63551], [-83.57382, 8.6352], [-83.57401, 8.63441], [-83.57428, 8.6341], [-83.57427, 8.6338], [-83.57416, 8.63367], [-83.57398, 8.63362], [-83.57374, 8.63333], [-83.57368, 8.63314], [-83.57379, 8.63277], [-83.57389, 8.63244], [-83.57382, 8.63219], [-83.5737, 8.63204], [-83.57312, 8.63183], [-83.57271, 8.63182], [-83.57249, 8.63174], [-83.57221, 8.63141], [-83.57214, 8.6309], [-83.57202, 8.63044], [-83.57176, 8.63013], [-83.57135, 8.62994], [-83.57043, 8.62999], [-83.56939, 8.63007], [-83.56907, 8.62988], [-83.56888, 8.62973], [-83.56905, 8.62853], [-83.56907, 8.62834], [-83.56888, 8.62776], [-83.56851, 8.62742], [-83.56808, 8.62731], [-83.56782, 8.62714], [-83.5676, 8.62671], [-83.56737, 8.62642], [-83.56705, 8.62623], [-83.5668, 8.62591], [-83.56645, 8.62505], [-83.5661, 8.6246], [-83.56554, 8.62426], [-83.56487, 8.62346], [-83.5642, 8.62311], [-83.56377, 8.62298], [-83.56364, 8.62279], [-83.56307, 8.62181], [-83.56295, 8.6216], [-83.56271, 8.62155], [-83.56238, 8.6215], [-83.56211, 8.62174], [-83.5618, 8.62176], [-83.56149, 8.62165], [-83.56129, 8.62132], [-83.56129, 8.62093], [-83.56141, 8.62016], [-83.56136, 8.61975], [-83.56112, 8.61942], [-83.56071, 8.6191], [-83.56024, 8.61876], [-83.55999, 8.61855], [-83.55987, 8.61788], [-83.55989, 8.61665], [-83.55979, 8.61571], [-83.55939, 8.61477], [-83.55864, 8.61378], [-83.5583, 8.61335], [-83.55785, 8.613], [-83.55744, 8.61239], [-83.55722, 8.61203], [-83.55667, 8.6116], [-83.55612, 8.61112], [-83.5559, 8.61083], [-83.55578, 8.61019], [-83.55573, 8.60983], [-83.55545, 8.60971], [-83.55497, 8.60968], [-83.55435, 8.60985], [-83.55409, 8.60975], [-83.55365, 8.60926], [-83.55334, 8.60861], [-83.55324, 8.608], [-83.5531, 8.60757], [-83.55266, 8.60745], [-83.55243, 8.60748], [-83.55212, 8.60779], [-83.55193, 8.60787], [-83.55147, 8.6078], [-83.5513, 8.60765], [-83.55106, 8.60715], [-83.55071, 8.60696], [-83.55032, 8.60686], [-83.54991, 8.6066], [-83.54955, 8.60636], [-83.54934, 8.60631], [-83.54912, 8.60633], [-83.54858, 8.60655], [-83.54738, 8.60663], [-83.5469, 8.60684], [-83.5465, 8.60714], [-83.54624, 8.60736], [-83.54605, 8.60769], [-83.54597, 8.60825], [-83.54626, 8.60885], [-83.54615, 8.60926], [-83.54598, 8.60947], [-83.54536, 8.60959], [-83.54448, 8.60989], [-83.54366, 8.61004], [-83.54332, 8.60977], [-83.54299, 8.60934], [-83.54285, 8.60917], [-83.54237, 8.60874], [-83.54194, 8.60804], [-83.54198, 8.60694], [-83.54181, 8.60679], [-83.54104, 8.60675], [-83.54062, 8.60699], [-83.54023, 8.6073], [-83.53988, 8.60733], [-83.53962, 8.60711], [-83.53918, 8.60629], [-83.53892, 8.60587], [-83.53848, 8.60543], [-83.53812, 8.60479], [-83.53781, 8.60409], [-83.53761, 8.60382], [-83.53718, 8.60365], [-83.53658, 8.6037], [-83.53621, 8.60344], [-83.5362, 8.6031], [-83.53599, 8.60274], [-83.53577, 8.60248], [-83.53551, 8.60238], [-83.53531, 8.60217], [-83.53512, 8.60184], [-83.5349, 8.60099], [-83.53454, 8.60077], [-83.53407, 8.60083], [-83.53376, 8.60064], [-83.53332, 8.60027], [-83.53301, 8.59974], [-83.53268, 8.59953], [-83.53225, 8.59956], [-83.53186, 8.59989], [-83.53131, 8.6003], [-83.53091, 8.60038], [-83.53021, 8.60024], [-83.52945, 8.60036], [-83.52923, 8.60063], [-83.52923, 8.60091], [-83.52933, 8.60113], [-83.52928, 8.60138], [-83.52904, 8.60155], [-83.5284, 8.60149], [-83.52812, 8.60142], [-83.52775, 8.60121], [-83.5273, 8.60116], [-83.52678, 8.60146], [-83.52666, 8.60164], [-83.52659, 8.60225], [-83.52618, 8.60251], [-83.52582, 8.60249], [-83.52549, 8.60242], [-83.52527, 8.60225], [-83.5248, 8.60211], [-83.52455, 8.60183], [-83.52407, 8.60165], [-83.52369, 8.6018], [-83.5235, 8.60207], [-83.52348, 8.60274], [-83.52379, 8.60332], [-83.52399, 8.60351], [-83.52458, 8.60382], [-83.52485, 8.60421], [-83.52482, 8.6045], [-83.52454, 8.60474], [-83.52435, 8.60493], [-83.5243, 8.60553], [-83.52431, 8.60627], [-83.52436, 8.60671], [-83.52398, 8.60705], [-83.52367, 8.60731], [-83.5234, 8.60736], [-83.52269, 8.6072], [-83.52215, 8.60665], [-83.52175, 8.60602], [-83.52144, 8.60566], [-83.52117, 8.6055], [-83.52098, 8.60516], [-83.52102, 8.6048], [-83.52122, 8.60434], [-83.52117, 8.60405], [-83.52055, 8.60383], [-83.52021, 8.60385], [-83.51985, 8.60403], [-83.51964, 8.60466], [-83.51954, 8.60533], [-83.51933, 8.60604], [-83.51912, 8.60623], [-83.51892, 8.6061], [-83.51886, 8.60581], [-83.51876, 8.6051], [-83.51847, 8.60456], [-83.5181, 8.60418], [-83.51782, 8.60397], [-83.51727, 8.60365], [-83.51701, 8.60324], [-83.51714, 8.60241], [-83.51695, 8.60218], [-83.51602, 8.60216], [-83.5159, 8.60198], [-83.51606, 8.60164], [-83.51666, 8.60123], [-83.51688, 8.60089], [-83.51695, 8.60062], [-83.51701, 8.60012], [-83.51688, 8.5998], [-83.5167, 8.59973], [-83.51646, 8.59971], [-83.51606, 8.5999], [-83.51556, 8.60014], [-83.51523, 8.60022], [-83.51505, 8.60014], [-83.51484, 8.60008], [-83.51467, 8.60017], [-83.51437, 8.60095], [-83.5141, 8.60107], [-83.51334, 8.60112], [-83.51301, 8.60136], [-83.51274, 8.60186], [-83.51253, 8.60204], [-83.512, 8.60254], [-83.51129, 8.60285], [-83.51105, 8.60286], [-83.51081, 8.60281], [-83.51071, 8.6026], [-83.51076, 8.60125], [-83.51092, 8.60011], [-83.51091, 8.59932], [-83.5108, 8.59896], [-83.51043, 8.59892], [-83.50972, 8.59926], [-83.50951, 8.59945], [-83.50907, 8.59967], [-83.50883, 8.59969], [-83.50845, 8.59952], [-83.50828, 8.59924], [-83.50824, 8.59858], [-83.50809, 8.59826], [-83.50807, 8.59822], [-83.50771, 8.59799], [-83.50744, 8.59784], [-83.5072, 8.5977], [-83.50654, 8.59763], [-83.50629, 8.59765], [-83.50614, 8.59777], [-83.50572, 8.59799], [-83.50526, 8.59837], [-83.50501, 8.59872], [-83.50468, 8.59944], [-83.50432, 8.60005], [-83.50396, 8.60046], [-83.50358, 8.60108], [-83.50328, 8.60171], [-83.50306, 8.60228], [-83.50285, 8.60241], [-83.50251, 8.60282], [-83.5018, 8.6031], [-83.50141, 8.60318], [-83.50104, 8.60333], [-83.50065, 8.60365], [-83.50029, 8.60429], [-83.50011, 8.60465], [-83.49967, 8.60512], [-83.49918, 8.60536], [-83.4987, 8.60538], [-83.49822, 8.60512], [-83.49786, 8.60461], [-83.49733, 8.60411], [-83.49714, 8.60406], [-83.4973, 8.60378], [-83.4972, 8.6032], [-83.49682, 8.60265], [-83.49643, 8.602], [-83.49657, 8.60136], [-83.49674, 8.60108], [-83.49701, 8.60079], [-83.49741, 8.60046], [-83.49765, 8.59987], [-83.4977, 8.59939], [-83.49759, 8.59892], [-83.49743, 8.59857], [-83.49704, 8.5979], [-83.49647, 8.5968], [-83.49606, 8.59581], [-83.49608, 8.59481], [-83.49638, 8.59398], [-83.49679, 8.59362], [-83.49762, 8.59314], [-83.49806, 8.59278], [-83.49848, 8.59306], [-83.4992, 8.59294], [-83.49961, 8.59269], [-83.50085, 8.59252], [-83.50169, 8.59271], [-83.50217, 8.59293], [-83.50255, 8.59292], [-83.50266, 8.59254], [-83.50262, 8.59215], [-83.50245, 8.59146], [-83.50225, 8.59091], [-83.50223, 8.59038], [-83.50251, 8.58985], [-83.50296, 8.58945], [-83.50339, 8.5891], [-83.50378, 8.58897], [-83.50441, 8.58838], [-83.50472, 8.58808], [-83.50521, 8.58789], [-83.50585, 8.58743], [-83.50633, 8.58702], [-83.50687, 8.58665], [-83.50809, 8.58605], [-83.50843, 8.58569], [-83.50878, 8.58525], [-83.509, 8.58498], [-83.5091, 8.58483], [-83.50929, 8.58435], [-83.50979, 8.58388], [-83.51017, 8.58353], [-83.51023, 8.58276], [-83.51047, 8.58226], [-83.51068, 8.58204], [-83.51073, 8.58159], [-83.51063, 8.58129], [-83.51039, 8.58101], [-83.5097, 8.58063], [-83.50927, 8.58031], [-83.50907, 8.57969], [-83.50907, 8.57904], [-83.50931, 8.57843], [-83.50974, 8.57812], [-83.5107, 8.57802], [-83.51101, 8.57766], [-83.51155, 8.57657], [-83.51188, 8.57563], [-83.51185, 8.57472], [-83.51133, 8.57397], [-83.51056, 8.57337], [-83.50986, 8.57336], [-83.50974, 8.57324], [-83.50981, 8.5729], [-83.50938, 8.57242], [-83.50945, 8.57184], [-83.50976, 8.57138], [-83.50974, 8.57099], [-83.50943, 8.57071], [-83.50885, 8.57076], [-83.50796, 8.57059], [-83.50739, 8.57035], [-83.50709, 8.57004], [-83.5067, 8.56981], [-83.50634, 8.56976], [-83.50593, 8.56991], [-83.50559, 8.56988], [-83.50504, 8.56952], [-83.50481, 8.56924], [-83.50464, 8.5688], [-83.50452, 8.56865], [-83.50456, 8.56829], [-83.50487, 8.56757], [-83.50477, 8.56738], [-83.50454, 8.56729], [-83.50423, 8.56729], [-83.50372, 8.56703], [-83.50341, 8.56652], [-83.50321, 8.56631], [-83.50278, 8.56595], [-83.50219, 8.5657], [-83.50161, 8.56539], [-83.50101, 8.56465], [-83.50057, 8.56369], [-83.50033, 8.56309], [-83.50033, 8.56237], [-83.50043, 8.56176], [-83.50002, 8.56124], [-83.49946, 8.56076], [-83.49901, 8.56028], [-83.49869, 8.55979], [-83.49836, 8.55954], [-83.49815, 8.55959], [-83.49783, 8.55966], [-83.49765, 8.56035], [-83.49717, 8.56082], [-83.49665, 8.56087], [-83.49617, 8.5605], [-83.49599, 8.5601], [-83.49532, 8.56046], [-83.49483, 8.56039], [-83.49448, 8.55991], [-83.49391, 8.55933], [-83.4929, 8.55936], [-83.49156, 8.55883], [-83.49085, 8.55864], [-83.49008, 8.55855], [-83.48888, 8.55803], [-83.48819, 8.55779], [-83.48742, 8.55738], [-83.48697, 8.5574], [-83.48649, 8.5578], [-83.48614, 8.55861], [-83.48559, 8.55895], [-83.48494, 8.55906], [-83.4846, 8.55901], [-83.48398, 8.55898], [-83.48312, 8.55883], [-83.48197, 8.55885], [-83.48143, 8.5589], [-83.48044, 8.55905], [-83.47999, 8.55909], [-83.47918, 8.559], [-83.47791, 8.55896], [-83.4779, 8.55895], [-83.47016, 8.54705], [-83.46698, 8.54216], [-83.46697, 8.54215], [-83.46611, 8.54247], [-83.46561, 8.54279], [-83.46513, 8.5432], [-83.46437, 8.5438], [-83.46363, 8.54431], [-83.46234, 8.54444], [-83.46154, 8.54431], [-83.46087, 8.54413], [-83.45979, 8.54368], [-83.45864, 8.54327], [-83.45819, 8.5432], [-83.45762, 8.54281], [-83.45726, 8.54275], [-83.45694, 8.54258], [-83.45671, 8.54239], [-83.45608, 8.54212], [-83.45536, 8.54148], [-83.45458, 8.54126], [-83.45409, 8.54122], [-83.45367, 8.54093], [-83.45328, 8.54052], [-83.45292, 8.54054], [-83.45187, 8.54069], [-83.45139, 8.54077], [-83.45098, 8.54073], [-83.4505, 8.54029], [-83.45012, 8.54001], [-83.44909, 8.53982], [-83.44844, 8.53955], [-83.44809, 8.53943], [-83.44739, 8.53958], [-83.44697, 8.5395], [-83.44636, 8.53982], [-83.44594, 8.54004], [-83.44524, 8.53985], [-83.44474, 8.53979], [-83.4441, 8.53991], [-83.44328, 8.54005], [-83.44282, 8.54001], [-83.44221, 8.53994], [-83.4416, 8.5399], [-83.44134, 8.54018], [-83.44086, 8.54026], [-83.44048, 8.54006], [-83.44018, 8.53991], [-83.43988, 8.53988], [-83.43893, 8.54029], [-83.43838, 8.54063], [-83.43817, 8.54066], [-83.43795, 8.54085], [-83.43761, 8.5409], [-83.43743, 8.54058], [-83.43745, 8.5403], [-83.43702, 8.53989], [-83.4367, 8.53991], [-83.43629, 8.54001], [-83.43567, 8.54025], [-83.43518, 8.54025], [-83.43489, 8.53997], [-83.43462, 8.53959], [-83.43468, 8.53923], [-83.43467, 8.53898], [-83.43503, 8.5385], [-83.43517, 8.53804], [-83.43511, 8.53787], [-83.43462, 8.53787], [-83.42529, 8.52506], [-83.42236, 8.52104], [-83.42281, 8.52029], [-83.42248, 8.51971], [-83.42184, 8.51893], [-83.42111, 8.51789], [-83.42049, 8.51707], [-83.41992, 8.51629], [-83.41922, 8.51522], [-83.41846, 8.51444], [-83.41775, 8.51324], [-83.41714, 8.51245], [-83.41633, 8.51134], [-83.41625, 8.51105], [-83.4158, 8.5105], [-83.41534, 8.50996], [-83.41509, 8.5095], [-83.41431, 8.50865], [-83.41387, 8.50808], [-83.41371, 8.50772], [-83.41322, 8.50734], [-83.41226, 8.50561], [-83.41325, 8.50462], [-83.41332, 8.50387], [-83.41382, 8.50346], [-83.41439, 8.50371], [-83.41524, 8.50296], [-83.41499, 8.5023], [-83.41435, 8.50258], [-83.41408, 8.50241], [-83.41407, 8.50133], [-83.41336, 8.5009], [-83.41387, 8.5003], [-83.41474, 8.50035], [-83.41536, 8.49981], [-83.41486, 8.49925], [-83.41488, 8.49887], [-83.41626, 8.49883], [-83.416, 8.49827], [-83.41667, 8.49696], [-83.41718, 8.49667], [-83.41784, 8.49702], [-83.41809, 8.49613], [-83.419, 8.49619], [-83.41992, 8.49254], [-83.42021, 8.49124], [-83.42143, 8.48939], [-83.42269, 8.48981], [-83.42239, 8.49095], [-83.42357, 8.49199], [-83.4242, 8.49116], [-83.42445, 8.49111], [-83.42492, 8.49127], [-83.42529, 8.49099], [-83.42566, 8.49114], [-83.42727, 8.48994], [-83.42757, 8.49003], [-83.42791, 8.49082], [-83.42819, 8.49109], [-83.42878, 8.49178], [-83.42991, 8.4928], [-83.43062, 8.49245], [-83.43069, 8.49223], [-83.43131, 8.49154], [-83.43257, 8.49192], [-83.43283, 8.49182], [-83.43299, 8.49223], [-83.43373, 8.49188], [-83.43431, 8.49118], [-83.43452, 8.49021], [-83.43495, 8.4896], [-83.43492, 8.48887], [-83.43494, 8.48802], [-83.43553, 8.48711], [-83.43659, 8.48716], [-83.43683, 8.48701], [-83.43709, 8.48694], [-83.43746, 8.4874], [-83.43791, 8.48741], [-83.4391, 8.4877], [-83.43962, 8.48786], [-83.43928, 8.48697], [-83.43955, 8.4855], [-83.44009, 8.48539], [-83.44061, 8.48585], [-83.4409, 8.48593], [-83.44135, 8.4855], [-83.44187, 8.48449], [-83.44235, 8.48442], [-83.4431, 8.4839], [-83.44367, 8.48379], [-83.44365, 8.48449], [-83.44396, 8.4844], [-83.44456, 8.48487], [-83.44526, 8.48446], [-83.44595, 8.48434], [-83.44707, 8.48335], [-83.44771, 8.483], [-83.44814, 8.48333], [-83.44856, 8.48298], [-83.44834, 8.48227], [-83.44843, 8.48103], [-83.44828, 8.4807], [-83.44895, 8.48069], [-83.44935, 8.48103], [-83.44967, 8.48095], [-83.44974, 8.48053], [-83.44969, 8.48024], [-83.4499, 8.48037], [-83.4498, 8.48056], [-83.45064, 8.481], [-83.45072, 8.48052], [-83.45161, 8.48017], [-83.4518, 8.48018], [-83.45234, 8.48045], [-83.45255, 8.47981], [-83.4531, 8.47977], [-83.4536, 8.48016], [-83.45364, 8.48034], [-83.45356, 8.48065], [-83.45317, 8.4815], [-83.45383, 8.48218], [-83.4543, 8.48436], [-83.45446, 8.48511], [-83.45511, 8.48543], [-83.45545, 8.48546], [-83.45595, 8.48544], [-83.45648, 8.48507], [-83.45668, 8.48504], [-83.45693, 8.4852], [-83.4573, 8.48461], [-83.45802, 8.48409], [-83.45817, 8.48398], [-83.45868, 8.48349], [-83.45946, 8.48308], [-83.46003, 8.48278], [-83.4605, 8.48241], [-83.46068, 8.48227], [-83.46117, 8.48238], [-83.46161, 8.48238], [-83.46215, 8.48233], [-83.46306, 8.48254], [-83.46359, 8.48289], [-83.46393, 8.48343], [-83.46465, 8.48346], [-83.46495, 8.48355], [-83.46586, 8.48378], [-83.46651, 8.48407], [-83.46713, 8.48405], [-83.46798, 8.48378], [-83.46842, 8.48351], [-83.46907, 8.48345], [-83.46952, 8.48332], [-83.46997, 8.48331], [-83.47019, 8.48274], [-83.47032, 8.48247], [-83.4706, 8.48218], [-83.47081, 8.48155], [-83.47101, 8.48114], [-83.47131, 8.48076], [-83.4717, 8.48039], [-83.47202, 8.47984], [-83.47238, 8.47933], [-83.47249, 8.47881], [-83.47267, 8.47832], [-83.47271, 8.47778], [-83.47291, 8.47717], [-83.47324, 8.47682], [-83.47333, 8.47658], [-83.47347, 8.47621], [-83.47381, 8.47572], [-83.47404, 8.47544], [-83.47418, 8.47516], [-83.47424, 8.47488], [-83.4743, 8.47461], [-83.47439, 8.47435], [-83.47398, 8.47107], [-83.47399, 8.47024], [-83.47401, 8.46857], [-83.47401, 8.46766], [-83.47402, 8.46571], [-83.47406, 8.46515], [-83.47405, 8.46351], [-83.47401, 8.46274], [-83.47395, 8.46212], [-83.474, 8.46138], [-83.47399, 8.461], [-83.47404, 8.46043], [-83.47408, 8.45951], [-83.47402, 8.45887], [-83.47398, 8.45859], [-83.47434, 8.4586], [-83.47504, 8.4586], [-83.47513, 8.45859], [-83.47549, 8.45889], [-83.4773, 8.45819], [-83.47853, 8.45806], [-83.47954, 8.45772], [-83.48084, 8.45775], [-83.48153, 8.45766], [-83.48289, 8.45736], [-83.48324, 8.45734], [-83.48538, 8.45545], [-83.48563, 8.4548], [-83.48582, 8.45472], [-83.48582, 8.45421], [-83.48597, 8.45399], [-83.48635, 8.45335], [-83.48662, 8.45283], [-83.48672, 8.45249], [-83.48719, 8.45239], [-83.48762, 8.45199], [-83.48785, 8.45157], [-83.48808, 8.45084], [-83.48804, 8.45024], [-83.48735, 8.44866], [-83.48688, 8.44846], [-83.48676, 8.44839], [-83.48667, 8.44813], [-83.48674, 8.44792], [-83.48672, 8.4477], [-83.4468, 8.43812], [-83.4468, 8.43823], [-83.4468, 8.439], [-83.44728, 8.43916], [-83.4472, 8.43919], [-83.4468, 8.43917], [-83.4468, 8.43924], [-83.44727, 8.43926], [-83.4475, 8.43915], [-83.44743, 8.43973], [-83.44728, 8.43999], [-83.44708, 8.44026], [-83.44701, 8.44041], [-83.44705, 8.44102], [-83.44725, 8.44152], [-83.44781, 8.44216], [-83.44832, 8.44218], [-83.44854, 8.44221], [-83.44853, 8.44223], [-83.44876, 8.44226], [-83.44905, 8.44236], [-83.44928, 8.44259], [-83.45027, 8.44266], [-83.4504, 8.44263], [-83.45093, 8.44139], [-83.45109, 8.44141], [-83.45148, 8.44011], [-83.45191, 8.44022], [-83.45218, 8.44029], [-83.45234, 8.44037], [-83.45253, 8.44047], [-83.45267, 8.44052], [-83.45271, 8.44051], [-83.45314, 8.44064], [-83.45357, 8.44078], [-83.45352, 8.44085], [-83.45386, 8.44101], [-83.45681, 8.44178], [-83.45682, 8.44233], [-83.45726, 8.44229], [-83.45763, 8.4428], [-83.45763, 8.44305], [-83.45894, 8.44336], [-83.45886, 8.44224], [-83.46186, 8.44292], [-83.46193, 8.44264], [-83.46392, 8.44308], [-83.47001, 8.44452], [-83.47001, 8.44452], [-83.4709, 8.44472], [-83.47616, 8.4459], [-83.47614, 8.44632], [-83.4756, 8.44689], [-83.47525, 8.44709], [-83.47513, 8.44706], [-83.47358, 8.4529], [-83.47174, 8.45327], [-83.4706, 8.45337], [-83.47017, 8.45336], [-83.46972, 8.45336], [-83.46954, 8.4534], [-83.46938, 8.45345], [-83.46921, 8.45334], [-83.46921, 8.45333], [-83.46914, 8.45329], [-83.46856, 8.45292], [-83.46794, 8.4518], [-83.46788, 8.45179], [-83.46777, 8.45176], [-83.46756, 8.45175], [-83.46744, 8.45174], [-83.46741, 8.45174], [-83.4674, 8.45174], [-83.46739, 8.45174], [-83.46703, 8.45177], [-83.46687, 8.4518], [-83.46579, 8.45193], [-83.46557, 8.45193], [-83.46528, 8.45153], [-83.46512, 8.45136], [-83.46489, 8.45115], [-83.46479, 8.4511], [-83.46437, 8.45089], [-83.4639, 8.45063], [-83.4638, 8.45062], [-83.46358, 8.45065], [-83.46337, 8.45068], [-83.46283, 8.45083], [-83.46252, 8.45012], [-83.46287, 8.45014], [-83.46304, 8.44982], [-83.4632, 8.44917], [-83.46287, 8.44914], [-83.4629, 8.44893], [-83.46219, 8.4486], [-83.4607, 8.44784], [-83.46033, 8.44767], [-83.46021, 8.44762], [-83.45982, 8.44732], [-83.45959, 8.44714], [-83.45949, 8.44693], [-83.45952, 8.44691], [-83.4591, 8.44707], [-83.45899, 8.44712], [-83.4588, 8.44721], [-83.45854, 8.44764], [-83.45843, 8.44777], [-83.45813, 8.44848], [-83.45714, 8.44917], [-83.45694, 8.44989], [-83.45697, 8.45048], [-83.45673, 8.45081], [-83.45583, 8.45281], [-83.45501, 8.45216], [-83.45321, 8.45024], [-83.45184, 8.44916], [-83.45245, 8.44711], [-83.45281, 8.44589], [-83.45258, 8.44592], [-83.45256, 8.44594], [-83.45249, 8.44595], [-83.45015, 8.44626], [-83.44863, 8.44551], [-83.44733, 8.44539], [-83.4468, 8.4449], [-83.4468, 8.4471], [-83.4468, 8.44716], [-83.39231, 8.4435], [-83.38551, 8.43988], [-83.3796, 8.44711], [-83.37824, 8.43807], [-83.35067, 8.4193], [-83.3456, 8.41585], [-83.34544, 8.41679], [-83.34535, 8.41729], [-83.34535, 8.41851], [-83.34554, 8.41855], [-83.34589, 8.41861], [-83.34642, 8.41867], [-83.34663, 8.41886], [-83.34685, 8.41926], [-83.34694, 8.4197], [-83.34694, 8.42013], [-83.34694, 8.42057], [-83.34697, 8.42094], [-83.34697, 8.42128], [-83.34694, 8.42153], [-83.34681, 8.4219], [-83.34669, 8.42212], [-83.34653, 8.42233], [-83.34625, 8.42246], [-83.34489, 8.42203], [-83.34488, 8.42293], [-83.34432, 8.42337], [-83.34375, 8.42371], [-83.34318, 8.42405], [-83.34273, 8.42472], [-83.34284, 8.4254], [-83.34284, 8.42641], [-83.34023, 8.42629], [-83.33603, 8.43124], [-83.3349, 8.43123], [-83.33422, 8.43089], [-83.33309, 8.43066], [-83.33184, 8.431], [-83.33139, 8.43133], [-83.33071, 8.43144], [-83.32981, 8.43144], [-83.32913, 8.43065], [-83.32845, 8.42997], [-83.32789, 8.42884], [-83.32609, 8.42737], [-83.32496, 8.42669], [-83.32394, 8.42613], [-83.3193, 8.42611], [-83.31817, 8.42532], [-83.31636, 8.4252], [-83.31534, 8.4252], [-83.3149, 8.42137], [-83.31502, 8.41911], [-83.31265, 8.41753], [-83.31131, 8.41369], [-83.31199, 8.41189], [-83.31064, 8.40885], [-83.30974, 8.40828], [-83.30895, 8.40704], [-83.3085, 8.40636], [-83.30828, 8.40433], [-83.30885, 8.40253], [-83.30999, 8.40197], [-83.31168, 8.4022], [-83.3127, 8.4022], [-83.31345, 8.40191], [-83.31383, 8.40176], [-83.31431, 8.40137], [-83.31201, 8.40043], [-83.3047, 8.39742], [-83.30369, 8.397], [-83.30368, 8.397], [-83.30322, 8.3975], [-83.30262, 8.39725], [-83.30183, 8.39624], [-83.30183, 8.39624], [-83.30063, 8.39574], [-83.29565, 8.39369], [-83.28566, 8.40182], [-83.28972, 8.41991], [-83.30129, 8.42896], [-83.3062, 8.45076], [-83.30943, 8.46513], [-83.31964, 8.47419], [-83.32872, 8.47419], [-83.37408, 8.53752], [-83.40315, 8.52217], [-83.4086, 8.52625], [-83.40132, 8.54206], [-83.42719, 8.57418], [-83.46487, 8.6063], [-83.49212, 8.62349], [-83.50665, 8.6287], [-83.51936, 8.65108], [-83.50754, 8.67707], [-83.51934, 8.70172], [-83.50298, 8.699], [-83.50117, 8.69131], [-83.49027, 8.68588], [-83.47391, 8.6913], [-83.47618, 8.69401], [-83.4839, 8.69447], [-83.48526, 8.71165], [-83.48298, 8.71481], [-83.48298, 8.71843], [-83.47935, 8.72204], [-83.47117, 8.72113], [-83.46571, 8.72656], [-83.4598, 8.72655], [-83.45663, 8.72271], [-83.44436, 8.72587], [-83.43754, 8.72157], [-83.43754, 8.7184], [-83.433, 8.71433], [-83.42846, 8.7184], [-83.41709, 8.72562], [-83.408, 8.73647], [-83.40345, 8.73782], [-83.39209, 8.73645], [-83.38482, 8.73961], [-83.38299, 8.75046], [-83.37391, 8.75], [-83.37164, 8.73825], [-83.34665, 8.738], [-83.33757, 8.72737], [-83.32939, 8.72736], [-83.32848, 8.72816], [-83.32847, 8.74138], [-83.31939, 8.73865], [-83.31939, 8.73639], [-83.31122, 8.7296], [-83.3103, 8.73367], [-83.29894, 8.73366], [-83.29938, 8.74722], [-83.2912, 8.74767], [-83.28937, 8.76123], [-83.28301, 8.76348], [-83.27391, 8.77252], [-83.26846, 8.76663], [-83.26483, 8.76798], [-83.27254, 8.78156], [-83.30615, 8.80103], [-83.30611, 8.79778], [-83.30573, 8.76531], [-83.31254, 8.77481], [-83.32072, 8.77482], [-83.32425, 8.80094], [-83.3243, 8.80129], [-83.32433, 8.8015], [-83.33523, 8.80874], [-83.34206, 8.79519], [-83.33843, 8.78072], [-83.34707, 8.78389], [-83.35571, 8.76852], [-83.36071, 8.76808], [-83.35888, 8.79068], [-83.36478, 8.79068], [-83.36476, 8.81781], [-83.38976, 8.81919], [-83.3766, 8.78527], [-83.41024, 8.77716], [-83.41023, 8.7975], [-83.41932, 8.79751], [-83.41929, 8.82915]], [[-83.37272, 8.4673], [-83.36909, 8.46708], [-83.36886, 8.46698], [-83.36926, 8.465], [-83.3692, 8.46421], [-83.36906, 8.46388], [-83.36896, 8.46338], [-83.36906, 8.46276], [-83.36999, 8.46174], [-83.37013, 8.4614], [-83.37045, 8.46136], [-83.37164, 8.46109], [-83.3721, 8.46068], [-83.37267, 8.46045], [-83.37286, 8.46026], [-83.37303, 8.45972], [-83.375, 8.46024], [-83.37587, 8.46063], [-83.37632, 8.46124], [-83.37712, 8.4615], [-83.37872, 8.46146], [-83.37946, 8.46183], [-83.37937, 8.4624], [-83.37943, 8.46372], [-83.37968, 8.4643], [-83.37925, 8.46469], [-83.37925, 8.46534], [-83.37972, 8.46642], [-83.37905, 8.46711], [-83.3783, 8.46678], [-83.3752, 8.46543], [-83.37447, 8.46668], [-83.37272, 8.4673]], [[-83.35972, 8.46011], [-83.35954, 8.46026], [-83.35942, 8.46035], [-83.35874, 8.46128], [-83.35842, 8.46137], [-83.35793, 8.4615], [-83.35325, 8.46434], [-83.35304, 8.46446], [-83.35287, 8.46457], [-83.35181, 8.46195], [-83.35213, 8.46191], [-83.35317, 8.4618], [-83.3535, 8.46164], [-83.35451, 8.46172], [-83.35509, 8.46113], [-83.3556, 8.46059], [-83.35578, 8.45911], [-83.35542, 8.45904], [-83.35561, 8.45853], [-83.35597, 8.45782], [-83.35563, 8.45652], [-83.35535, 8.45622], [-83.35517, 8.45587], [-83.35479, 8.45538], [-83.35468, 8.45464], [-83.355, 8.45412], [-83.35524, 8.45346], [-83.35529, 8.45331], [-83.35542, 8.45292], [-83.35549, 8.45256], [-83.35557, 8.45232], [-83.35531, 8.45207], [-83.35531, 8.4518], [-83.35517, 8.45149], [-83.35519, 8.45132], [-83.35497, 8.4511], [-83.35499, 8.45056], [-83.35457, 8.45061], [-83.35375, 8.45057], [-83.35334, 8.4504], [-83.3531, 8.45065], [-83.35305, 8.45106], [-83.35282, 8.45121], [-83.35256, 8.45101], [-83.35225, 8.45123], [-83.35217, 8.45146], [-83.35174, 8.45036], [-83.35174, 8.45036], [-83.35151, 8.44991], [-83.3516, 8.44965], [-83.35156, 8.44878], [-83.35138, 8.44835], [-83.35113, 8.44789], [-83.35144, 8.44751], [-83.35156, 8.44717], [-83.35205, 8.44659], [-83.3527, 8.44563], [-83.35297, 8.44586], [-83.35352, 8.44583], [-83.35373, 8.44593], [-83.35395, 8.44586], [-83.35488, 8.44523], [-83.35547, 8.44505], [-83.35618, 8.44473], [-83.35642, 8.44473], [-83.35691, 8.44467], [-83.35778, 8.44505], [-83.35803, 8.44522], [-83.35834, 8.44628], [-83.35818, 8.44733], [-83.35826, 8.44752], [-83.35895, 8.44765], [-83.3591, 8.44788], [-83.35919, 8.44835], [-83.35945, 8.44866], [-83.35958, 8.44867], [-83.35969, 8.44903], [-83.35967, 8.44957], [-83.35946, 8.44986], [-83.35935, 8.45018], [-83.35924, 8.45062], [-83.35929, 8.4511], [-83.3593, 8.45152], [-83.35916, 8.45208], [-83.35943, 8.45258], [-83.35993, 8.45321], [-83.36026, 8.45488], [-83.36032, 8.45541], [-83.3606, 8.45593], [-83.36045, 8.45636], [-83.36023, 8.45659], [-83.36012, 8.45693], [-83.35994, 8.45712], [-83.35969, 8.45732], [-83.35991, 8.45834], [-83.36019, 8.45864], [-83.36017, 8.45907], [-83.35996, 8.45933], [-83.35979, 8.45955], [-83.35972, 8.46011]], [[-83.36379, 8.44704], [-83.36289, 8.44488], [-83.36267, 8.44431], [-83.36288, 8.44326], [-83.3629, 8.44317], [-83.36292, 8.4429], [-83.36295, 8.44218], [-83.36305, 8.44197], [-83.36339, 8.44088], [-83.36411, 8.44043], [-83.36455, 8.43979], [-83.36477, 8.43991], [-83.36517, 8.4401], [-83.36538, 8.44029], [-83.3667, 8.44078], [-83.36755, 8.4414], [-83.36772, 8.44152], [-83.36839, 8.4415], [-83.36878, 8.44153], [-83.36906, 8.44173], [-83.3693, 8.44204], [-83.36939, 8.44235], [-83.36941, 8.44258], [-83.36888, 8.44259], [-83.36797, 8.44306], [-83.36711, 8.44372], [-83.36693, 8.44419], [-83.36663, 8.44463], [-83.36629, 8.44499], [-83.36589, 8.44544], [-83.36576, 8.44615], [-83.36566, 8.44636], [-83.36554, 8.44656], [-83.36556, 8.44689], [-83.3647, 8.44697], [-83.36433, 8.44769], [-83.36379, 8.44704]]], [[[-83.4468, 8.44434], [-83.4468, 8.44434], [-83.44698, 8.44409], [-83.44749, 8.44232], [-83.44767, 8.44215], [-83.4468, 8.44191], [-83.4468, 8.44191], [-83.4468, 8.44434]]]]}, "properties": {"name": "Golfo Dulce", "desig_eng": "Forest Reserve", "iucn_cat": "VI", "status_yr": 1978, "gis_area": 606.85299118, "site_id": 3317, "realm": "Terrestrial", "mang_auth": "Federal or national ministry or agency"}}, {"type": "Feature", "geometry": {"type": "Polygon", "coordinates": [[[-83.16731, 8.64078], [-83.1673, 8.64078], [-83.16729, 8.64079], [-83.16728, 8.64079], [-83.16726, 8.6408], [-83.16724, 8.64081], [-83.16702, 8.6409], [-83.16686, 8.641], [-83.16679, 8.64106], [-83.16677, 8.64108], [-83.16675, 8.64111], [-83.16672, 8.64121], [-83.16669, 8.64134], [-83.16669, 8.64135], [-83.16668, 8.64137], [-83.16668, 8.64138], [-83.16665, 8.64145], [-83.16662, 8.64158], [-83.16662, 8.6416], [-83.16661, 8.64162], [-83.1666, 8.64164], [-83.16659, 8.64166], [-83.16659, 8.64167], [-83.16654, 8.64177], [-83.16653, 8.64178], [-83.16652, 8.6418], [-83.16646, 8.64188], [-83.16646, 8.64189], [-83.16645, 8.64191], [-83.16643, 8.64193], [-83.16641, 8.64194], [-83.1664, 8.64196], [-83.16638, 8.64198], [-83.16637, 8.64198], [-83.16634, 8.642], [-83.16617, 8.64216], [-83.16615, 8.64217], [-83.16612, 8.64218], [-83.1661, 8.64219], [-83.16608, 8.6422], [-83.16606, 8.64221], [-83.16603, 8.64221], [-83.16601, 8.64222], [-83.16599, 8.64222], [-83.16596, 8.64222], [-83.16595, 8.64222], [-83.16579, 8.64221], [-83.16578, 8.64221], [-83.16576, 8.64221], [-83.16574, 8.64221], [-83.16574, 8.64221], [-83.16563, 8.64219], [-83.16561, 8.64218], [-83.16559, 8.64217], [-83.16556, 8.64217], [-83.16554, 8.64216], [-83.16552, 8.64215], [-83.16551, 8.64213], [-83.16548, 8.6421], [-83.16514, 8.64166], [-83.1651, 8.64162], [-83.16508, 8.64159], [-83.16485, 8.6413], [-83.16486, 8.64129], [-83.16485, 8.64128], [-83.16484, 8.64126], [-83.16483, 8.64124], [-83.16476, 8.64118], [-83.16471, 8.64112], [-83.16473, 8.64109], [-83.16481, 8.64087], [-83.1649, 8.64062], [-83.16496, 8.64043], [-83.16502, 8.64028], [-83.16511, 8.64], [-83.16512, 8.63995], [-83.16515, 8.63987], [-83.16522, 8.63964], [-83.16521, 8.63964], [-83.16521, 8.63964], [-83.16505, 8.6396], [-83.16495, 8.63959], [-83.16485, 8.6396], [-83.16477, 8.63961], [-83.16463, 8.63965], [-83.16462, 8.63965], [-83.1646, 8.63966], [-83.16458, 8.63966], [-83.16455, 8.63966], [-83.16453, 8.63966], [-83.16452, 8.63966], [-83.16436, 8.63966], [-83.16427, 8.63966], [-83.16422, 8.63967], [-83.16414, 8.63969], [-83.16413, 8.6397], [-83.16409, 8.63971], [-83.16398, 8.63974], [-83.16398, 8.63974], [-83.16395, 8.63974], [-83.16393, 8.63975], [-83.16392, 8.63975], [-83.1638, 8.63976], [-83.16379, 8.63976], [-83.16377, 8.63976], [-83.16375, 8.63976], [-83.16372, 8.63976], [-83.1637, 8.63975], [-83.16367, 8.63975], [-83.16365, 8.63974], [-83.16365, 8.63974], [-83.16361, 8.63973], [-83.1636, 8.63972], [-83.16286, 8.63878], [-83.16281, 8.63872], [-83.16279, 8.63869], [-83.16273, 8.63863], [-83.16267, 8.63855], [-83.16269, 8.63845], [-83.16271, 8.63837], [-83.16277, 8.63816], [-83.16278, 8.63814], [-83.16279, 8.63812], [-83.16281, 8.6381], [-83.16282, 8.63809], [-83.16292, 8.63796], [-83.16293, 8.63796], [-83.16294, 8.63794], [-83.16296, 8.63792], [-83.16298, 8.63791], [-83.163, 8.63789], [-83.16302, 8.63788], [-83.16304, 8.63787], [-83.16306, 8.63786], [-83.16308, 8.63785], [-83.16311, 8.63785], [-83.16313, 8.63784], [-83.16314, 8.63784], [-83.16329, 8.63782], [-83.16337, 8.6378], [-83.16338, 8.6378], [-83.16341, 8.6378], [-83.16343, 8.6378], [-83.16345, 8.6378], [-83.16346, 8.6378], [-83.1636, 8.63781], [-83.16366, 8.63781], [-83.16366, 8.63781], [-83.16366, 8.63777], [-83.16366, 8.63774], [-83.16367, 8.63772], [-83.16367, 8.6377], [-83.16368, 8.63768], [-83.16369, 8.63765], [-83.1637, 8.63763], [-83.16371, 8.63761], [-83.16372, 8.63759], [-83.16374, 8.63757], [-83.16374, 8.63756], [-83.16376, 8.63754], [-83.16381, 8.63748], [-83.16382, 8.63747], [-83.16384, 8.63745], [-83.16385, 8.63744], [-83.16387, 8.63742], [-83.16387, 8.63742], [-83.164, 8.63733], [-83.16402, 8.63732], [-83.16404, 8.6373], [-83.16406, 8.63729], [-83.16407, 8.63729], [-83.16408, 8.63728], [-83.16412, 8.63726], [-83.16413, 8.63726], [-83.16414, 8.63723], [-83.16414, 8.63722], [-83.16415, 8.6372], [-83.16416, 8.63718], [-83.16417, 8.63716], [-83.16421, 8.63711], [-83.16419, 8.6371], [-83.16418, 8.63709], [-83.16418, 8.63709], [-83.16397, 8.63691], [-83.16396, 8.6369], [-83.1639, 8.63683], [-83.1639, 8.63683], [-83.16389, 8.63683], [-83.16383, 8.63676], [-83.16382, 8.63675], [-83.16376, 8.63668], [-83.16375, 8.63668], [-83.16375, 8.63668], [-83.16369, 8.63661], [-83.16369, 8.6366], [-83.16363, 8.63653], [-83.16362, 8.63652], [-83.16356, 8.63644], [-83.16356, 8.63644], [-83.16355, 8.63642], [-83.16353, 8.6364], [-83.16342, 8.63621], [-83.16342, 8.63621], [-83.16341, 8.6362], [-83.1633, 8.63599], [-83.1633, 8.63598], [-83.16322, 8.63582], [-83.16313, 8.63565], [-83.16313, 8.63565], [-83.16296, 8.63534], [-83.16296, 8.63533], [-83.16279, 8.63499], [-83.16279, 8.63499], [-83.16279, 8.63499], [-83.16277, 8.63495], [-83.16275, 8.63492], [-83.16274, 8.63489], [-83.16272, 8.63486], [-83.1627, 8.63483], [-83.16268, 8.63481], [-83.16265, 8.63477], [-83.16265, 8.63477], [-83.16263, 8.63475], [-83.16262, 8.63473], [-83.16262, 8.63473], [-83.16259, 8.63468], [-83.16257, 8.63466], [-83.16254, 8.63463], [-83.16249, 8.63459], [-83.16249, 8.63459], [-83.16245, 8.63455], [-83.16242, 8.63453], [-83.16229, 8.63443], [-83.16204, 8.63425], [-83.16177, 8.63407], [-83.16177, 8.63407], [-83.16176, 8.63407], [-83.16169, 8.63401], [-83.16168, 8.63401], [-83.16161, 8.63396], [-83.16161, 8.63395], [-83.1616, 8.63395], [-83.16153, 8.6339], [-83.16153, 8.63389], [-83.16146, 8.63383], [-83.16145, 8.63383], [-83.16138, 8.63377], [-83.16138, 8.63377], [-83.16138, 8.63377], [-83.16131, 8.6337], [-83.1613, 8.63369], [-83.1613, 8.63369], [-83.16099, 8.63339], [-83.16099, 8.63338], [-83.1607, 8.63308], [-83.16069, 8.63307], [-83.16042, 8.63276], [-83.16042, 8.63276], [-83.16041, 8.63275], [-83.16016, 8.63244], [-83.16016, 8.63244], [-83.15995, 8.63217], [-83.15995, 8.63217], [-83.15994, 8.63216], [-83.15989, 8.63209], [-83.15984, 8.63203], [-83.15979, 8.63196], [-83.15974, 8.6319], [-83.15969, 8.63184], [-83.15964, 8.63179], [-83.15962, 8.63177], [-83.1596, 8.63175], [-83.15957, 8.63173], [-83.15955, 8.63171], [-83.15952, 8.63169], [-83.1595, 8.63167], [-83.15947, 8.63166], [-83.15944, 8.63164], [-83.15931, 8.63157], [-83.15918, 8.63151], [-83.15905, 8.63145], [-83.15891, 8.63139], [-83.1589, 8.63138], [-83.1589, 8.63138], [-83.15882, 8.63134], [-83.15881, 8.63134], [-83.15874, 8.6313], [-83.15873, 8.63129], [-83.15866, 8.63125], [-83.15866, 8.63125], [-83.15865, 8.63125], [-83.15858, 8.6312], [-83.15857, 8.6312], [-83.1585, 8.63115], [-83.1585, 8.63115], [-83.15848, 8.63114], [-83.15842, 8.63109], [-83.15842, 8.63109], [-83.15841, 8.63109], [-83.15838, 8.63107], [-83.15838, 8.63107], [-83.15836, 8.63105], [-83.15835, 8.63104], [-83.1583, 8.63101], [-83.1583, 8.631], [-83.15829, 8.631], [-83.15825, 8.63096], [-83.15824, 8.63095], [-83.1582, 8.63091], [-83.15819, 8.6309], [-83.15819, 8.6309], [-83.15815, 8.63086], [-83.15814, 8.63085], [-83.1581, 8.63081], [-83.15809, 8.6308], [-83.15809, 8.6308], [-83.15805, 8.63075], [-83.15804, 8.63074], [-83.158, 8.6307], [-83.158, 8.63069], [-83.15799, 8.63068], [-83.15795, 8.63062], [-83.15794, 8.63061], [-83.15794, 8.63061], [-83.15791, 8.63055], [-83.1579, 8.63054], [-83.15786, 8.63049], [-83.15786, 8.63048], [-83.15786, 8.63048], [-83.15783, 8.63042], [-83.15782, 8.63041], [-83.15779, 8.63035], [-83.15779, 8.63034], [-83.15778, 8.63034], [-83.15775, 8.63028], [-83.15775, 8.63026], [-83.15772, 8.6302], [-83.15767, 8.63025], [-83.15754, 8.63034], [-83.15753, 8.63039], [-83.15752, 8.63047], [-83.15752, 8.63047], [-83.15752, 8.63047], [-83.15751, 8.6305], [-83.15751, 8.63052], [-83.1575, 8.63054], [-83.15749, 8.63056], [-83.15749, 8.63057], [-83.15745, 8.63065], [-83.15744, 8.63067], [-83.15743, 8.63069], [-83.15742, 8.63071], [-83.15741, 8.63073], [-83.15739, 8.63075], [-83.15737, 8.63077], [-83.15726, 8.63088], [-83.15725, 8.63089], [-83.1571, 8.63102], [-83.15705, 8.63107], [-83.15697, 8.63117], [-83.15695, 8.63118], [-83.15695, 8.63118], [-83.15686, 8.63126], [-83.15683, 8.63124], [-83.15661, 8.6311], [-83.15639, 8.63095], [-83.15633, 8.63091], [-83.15631, 8.6309], [-83.15571, 8.6305], [-83.15572, 8.63048], [-83.1558, 8.63033], [-83.15587, 8.63021], [-83.15595, 8.63011], [-83.15608, 8.62997], [-83.15621, 8.62983], [-83.15621, 8.62983], [-83.1563, 8.62974], [-83.15631, 8.62972], [-83.15633, 8.62971], [-83.15634, 8.62969], [-83.15635, 8.62966], [-83.15635, 8.62964], [-83.15636, 8.62962], [-83.15642, 8.62934], [-83.15646, 8.62916], [-83.15647, 8.62915], [-83.15649, 8.62909], [-83.1565, 8.62907], [-83.15655, 8.62895], [-83.15663, 8.62881], [-83.15666, 8.62876], [-83.15671, 8.62867], [-83.15674, 8.62861], [-83.15675, 8.62858], [-83.15677, 8.62855], [-83.15683, 8.62849], [-83.15684, 8.62848], [-83.15685, 8.62846], [-83.15685, 8.62845], [-83.15685, 8.62843], [-83.15675, 8.62832], [-83.15672, 8.62829], [-83.15646, 8.62799], [-83.15621, 8.62771], [-83.1561, 8.62756], [-83.15607, 8.62753], [-83.15598, 8.62742], [-83.15578, 8.62721], [-83.15553, 8.62692], [-83.15541, 8.6268], [-83.15539, 8.62677], [-83.15523, 8.62698], [-83.15516, 8.62706], [-83.15504, 8.62721], [-83.15502, 8.62724], [-83.15449, 8.62788], [-83.15448, 8.62789], [-83.15445, 8.6279], [-83.15444, 8.6279], [-83.15444, 8.62791], [-83.15442, 8.62791], [-83.15439, 8.62792], [-83.15437, 8.62793], [-83.15435, 8.62794], [-83.15433, 8.62794], [-83.1543, 8.62794], [-83.15428, 8.62794], [-83.15425, 8.62794], [-83.15423, 8.62794], [-83.15421, 8.62793], [-83.15418, 8.62793], [-83.15416, 8.62792], [-83.15414, 8.62791], [-83.15412, 8.6279], [-83.1541, 8.62789], [-83.15408, 8.62788], [-83.15406, 8.62787], [-83.15404, 8.62785], [-83.15402, 8.62784], [-83.15402, 8.62783], [-83.15387, 8.62768], [-83.1538, 8.62761], [-83.15372, 8.62753], [-83.15367, 8.62751], [-83.15366, 8.6275], [-83.15363, 8.62749], [-83.15361, 8.62748], [-83.1536, 8.62746], [-83.15358, 8.62745], [-83.15356, 8.62743], [-83.15354, 8.62741], [-83.15353, 8.6274], [-83.15351, 8.62738], [-83.1535, 8.62736], [-83.15349, 8.62734], [-83.15348, 8.62731], [-83.15348, 8.62731], [-83.15347, 8.62728], [-83.15347, 8.62727], [-83.15346, 8.62725], [-83.15346, 8.62722], [-83.15345, 8.6272], [-83.15345, 8.62718], [-83.15345, 8.62715], [-83.15345, 8.62715], [-83.15346, 8.62708], [-83.1534, 8.62709], [-83.15338, 8.62709], [-83.15335, 8.62709], [-83.15333, 8.62709], [-83.15331, 8.62708], [-83.15328, 8.62708], [-83.15327, 8.62708], [-83.15316, 8.62705], [-83.15315, 8.62705], [-83.15312, 8.62704], [-83.1531, 8.62703], [-83.15308, 8.62702], [-83.15306, 8.62701], [-83.15304, 8.627], [-83.15302, 8.62699], [-83.1529, 8.62689], [-83.15289, 8.62689], [-83.15287, 8.62688], [-83.15286, 8.62686], [-83.15284, 8.62684], [-83.15284, 8.62684], [-83.15273, 8.62672], [-83.15272, 8.6267], [-83.1527, 8.62668], [-83.15269, 8.62666], [-83.15268, 8.62664], [-83.15267, 8.62663], [-83.15262, 8.62651], [-83.15254, 8.62634], [-83.15253, 8.62632], [-83.15252, 8.6263], [-83.15252, 8.62628], [-83.15251, 8.62626], [-83.15251, 8.62623], [-83.15251, 8.62622], [-83.15251, 8.62621], [-83.1525, 8.62619], [-83.15251, 8.62616], [-83.15251, 8.62614], [-83.15251, 8.62612], [-83.15252, 8.62609], [-83.15252, 8.62607], [-83.15253, 8.62605], [-83.15254, 8.62603], [-83.15255, 8.626], [-83.15257, 8.62598], [-83.15258, 8.62597], [-83.1526, 8.62595], [-83.1526, 8.62594], [-83.15268, 8.62586], [-83.15274, 8.62579], [-83.15292, 8.62557], [-83.15293, 8.62556], [-83.15294, 8.62555], [-83.15308, 8.6254], [-83.15312, 8.62536], [-83.15316, 8.62531], [-83.15316, 8.62531], [-83.15328, 8.62519], [-83.15335, 8.62512], [-83.15338, 8.62508], [-83.15333, 8.62503], [-83.15333, 8.62502], [-83.15332, 8.62501], [-83.15322, 8.62489], [-83.15307, 8.62471], [-83.15301, 8.62465], [-83.153, 8.62464], [-83.153, 8.62464], [-83.1529, 8.62452], [-83.15279, 8.6244], [-83.15259, 8.62418], [-83.15259, 8.62418], [-83.15242, 8.62399], [-83.15242, 8.62399], [-83.15213, 8.62367], [-83.15212, 8.62366], [-83.1519, 8.62341], [-83.1519, 8.62341], [-83.1519, 8.62341], [-83.15168, 8.62316], [-83.15141, 8.62286], [-83.15114, 8.62255], [-83.15087, 8.62226], [-83.15083, 8.62221], [-83.15077, 8.62216], [-83.15077, 8.62215], [-83.15071, 8.6221], [-83.15065, 8.62204], [-83.15061, 8.62201], [-83.15057, 8.62198], [-83.15056, 8.62198], [-83.15054, 8.62196], [-83.15045, 8.6219], [-83.15045, 8.6219], [-83.15039, 8.62186], [-83.15033, 8.62182], [-83.15026, 8.62179], [-83.1502, 8.62175], [-83.15014, 8.62172], [-83.15008, 8.62169], [-83.15001, 8.62165], [-83.15001, 8.62165], [-83.14974, 8.62153], [-83.14974, 8.62153], [-83.14947, 8.6214], [-83.14947, 8.6214], [-83.14921, 8.62127], [-83.1492, 8.62127], [-83.14894, 8.62114], [-83.14894, 8.62114], [-83.14867, 8.62101], [-83.14867, 8.62101], [-83.14867, 8.62101], [-83.14841, 8.62088], [-83.14832, 8.62084], [-83.14832, 8.62083], [-83.14831, 8.62083], [-83.14822, 8.62078], [-83.14821, 8.62078], [-83.14812, 8.62073], [-83.14812, 8.62073], [-83.14803, 8.62068], [-83.14802, 8.62068], [-83.14802, 8.62067], [-83.14793, 8.62062], [-83.14793, 8.62062], [-83.14784, 8.62056], [-83.14783, 8.62056], [-83.14778, 8.62053], [-83.14775, 8.62056], [-83.14767, 8.62066], [-83.14766, 8.62068], [-83.14764, 8.62069], [-83.14762, 8.62071], [-83.14761, 8.62072], [-83.14759, 8.62074], [-83.14757, 8.62075], [-83.14755, 8.62076], [-83.14752, 8.62077], [-83.1475, 8.62078], [-83.14748, 8.62079], [-83.14746, 8.62079], [-83.14743, 8.62079], [-83.14741, 8.6208], [-83.14738, 8.6208], [-83.14736, 8.6208], [-83.14734, 8.62079], [-83.14731, 8.62079], [-83.14729, 8.62079], [-83.14727, 8.62078], [-83.14725, 8.62077], [-83.14725, 8.62077], [-83.14722, 8.62076], [-83.1472, 8.62075], [-83.14719, 8.62074], [-83.14713, 8.62071], [-83.14713, 8.62071], [-83.14707, 8.62071], [-83.14705, 8.62071], [-83.14702, 8.62071], [-83.147, 8.6207], [-83.14698, 8.6207], [-83.14695, 8.62069], [-83.14693, 8.62068], [-83.14692, 8.62068], [-83.14689, 8.62066], [-83.14689, 8.62066], [-83.14687, 8.62065], [-83.14686, 8.62064], [-83.14663, 8.62047], [-83.14662, 8.62047], [-83.1466, 8.62045], [-83.14659, 8.62044], [-83.14657, 8.62042], [-83.14655, 8.6204], [-83.14648, 8.62033], [-83.14645, 8.62031], [-83.1461, 8.62004], [-83.14587, 8.61987], [-83.14587, 8.61987], [-83.14585, 8.61985], [-83.14584, 8.61984], [-83.1458, 8.61981], [-83.14571, 8.61973], [-83.14571, 8.61973], [-83.14569, 8.61971], [-83.14567, 8.6197], [-83.14566, 8.61968], [-83.14565, 8.61966], [-83.14563, 8.61964], [-83.14562, 8.61962], [-83.14561, 8.6196], [-83.1456, 8.61957], [-83.1456, 8.61955], [-83.14559, 8.61953], [-83.14559, 8.61951], [-83.14559, 8.61948], [-83.14559, 8.61946], [-83.14559, 8.61943], [-83.14559, 8.61941], [-83.14559, 8.61939], [-83.1456, 8.61937], [-83.14554, 8.61933], [-83.14537, 8.61921], [-83.14536, 8.6192], [-83.14534, 8.61918], [-83.14533, 8.61917], [-83.14522, 8.61906], [-83.14521, 8.61905], [-83.14516, 8.61898], [-83.14515, 8.61897], [-83.14514, 8.61893], [-83.14512, 8.61885], [-83.14511, 8.61883], [-83.14511, 8.61881], [-83.14511, 8.61878], [-83.14512, 8.61876], [-83.14512, 8.61874], [-83.14513, 8.61871], [-83.14513, 8.61869], [-83.14514, 8.61867], [-83.14515, 8.61865], [-83.14516, 8.61863], [-83.14518, 8.61861], [-83.14519, 8.61859], [-83.14519, 8.61858], [-83.14522, 8.61855], [-83.14524, 8.61852], [-83.14526, 8.6185], [-83.14525, 8.6185], [-83.14527, 8.61848], [-83.14474, 8.61803], [-83.14473, 8.61805], [-83.14472, 8.61806], [-83.14472, 8.61807], [-83.14471, 8.61809], [-83.14469, 8.61811], [-83.14468, 8.61813], [-83.14467, 8.61813], [-83.14466, 8.61814], [-83.14464, 8.61816], [-83.14462, 8.61817], [-83.14461, 8.61819], [-83.14459, 8.6182], [-83.14456, 8.61821], [-83.14454, 8.61822], [-83.14452, 8.61823], [-83.1445, 8.61824], [-83.14447, 8.61824], [-83.14445, 8.61825], [-83.14443, 8.61825], [-83.1444, 8.61825], [-83.14438, 8.61825], [-83.14436, 8.61825], [-83.14433, 8.61824], [-83.14431, 8.61824], [-83.14429, 8.61823], [-83.14426, 8.61822], [-83.14424, 8.61821], [-83.14422, 8.6182], [-83.1442, 8.61819], [-83.14418, 8.61817], [-83.14418, 8.61817], [-83.14416, 8.61816], [-83.14414, 8.61814], [-83.14412, 8.61812], [-83.14411, 8.61811], [-83.14409, 8.61809], [-83.14407, 8.61808], [-83.14405, 8.61806], [-83.14405, 8.61805], [-83.14394, 8.61797], [-83.14391, 8.61794], [-83.1439, 8.61794], [-83.14381, 8.61787], [-83.14369, 8.61777], [-83.14367, 8.61776], [-83.14366, 8.61775], [-83.14363, 8.61773], [-83.14362, 8.61772], [-83.14361, 8.61772], [-83.14358, 8.61769], [-83.14357, 8.61768], [-83.14356, 8.61768], [-83.14353, 8.61766], [-83.14352, 8.61765], [-83.14352, 8.61765], [-83.14349, 8.61762], [-83.14347, 8.61761], [-83.14344, 8.61759], [-83.14344, 8.61759], [-83.14343, 8.61758], [-83.14342, 8.61757], [-83.14339, 8.61754], [-83.14339, 8.61753], [-83.14338, 8.61753], [-83.14336, 8.6175], [-83.14334, 8.61748], [-83.14334, 8.61747], [-83.14333, 8.61747], [-83.14332, 8.61745], [-83.1433, 8.61743], [-83.14329, 8.61741], [-83.14328, 8.61739], [-83.14327, 8.61737], [-83.14326, 8.61734], [-83.14326, 8.61734], [-83.14321, 8.61734], [-83.14317, 8.61734], [-83.14312, 8.61734], [-83.14308, 8.61734], [-83.14303, 8.61734], [-83.14299, 8.61735], [-83.14294, 8.61736], [-83.1429, 8.61737], [-83.14286, 8.61738], [-83.14282, 8.61739], [-83.14272, 8.61742], [-83.14263, 8.61745], [-83.14254, 8.61748], [-83.14245, 8.6175], [-83.14238, 8.61752], [-83.14231, 8.61754], [-83.14224, 8.61756], [-83.14216, 8.61758], [-83.1421, 8.61761], [-83.14203, 8.61764], [-83.14196, 8.61766], [-83.14189, 8.61769], [-83.14182, 8.61773], [-83.14179, 8.61774], [-83.14177, 8.61775], [-83.14174, 8.61776], [-83.14171, 8.61778], [-83.14169, 8.61779], [-83.14166, 8.61781], [-83.14164, 8.61783], [-83.14162, 8.61785], [-83.1416, 8.61787], [-83.14158, 8.6179], [-83.14156, 8.61791], [-83.14154, 8.61793], [-83.14152, 8.61795], [-83.14151, 8.61797], [-83.1415, 8.618], [-83.14149, 8.61802], [-83.14148, 8.61804], [-83.14147, 8.61807], [-83.14147, 8.61809], [-83.14146, 8.61812], [-83.14146, 8.61814], [-83.14152, 8.61822], [-83.14153, 8.61824], [-83.14154, 8.61826], [-83.14155, 8.61827], [-83.14157, 8.61828], [-83.14158, 8.6183], [-83.1416, 8.61831], [-83.14162, 8.61831], [-83.14171, 8.61829], [-83.1418, 8.61828], [-83.14189, 8.61826], [-83.14198, 8.61824], [-83.14201, 8.61823], [-83.14204, 8.61823], [-83.14207, 8.61822], [-83.1421, 8.61821], [-83.14213, 8.61819], [-83.14216, 8.61818], [-83.14218, 8.61816], [-83.14221, 8.61815], [-83.14223, 8.61813], [-83.14226, 8.61811], [-83.14228, 8.61808], [-83.1423, 8.61806], [-83.14232, 8.61804], [-83.14234, 8.61801], [-83.14236, 8.61799], [-83.14237, 8.61797], [-83.14239, 8.61796], [-83.14241, 8.61795], [-83.14242, 8.61794], [-83.14244, 8.61793], [-83.14246, 8.61792], [-83.14248, 8.61792], [-83.1425, 8.61792], [-83.14252, 8.61792], [-83.14255, 8.61792], [-83.14257, 8.61792], [-83.14259, 8.61792], [-83.14261, 8.61793], [-83.14263, 8.61794], [-83.14264, 8.61795], [-83.14266, 8.61796], [-83.14268, 8.61797], [-83.14269, 8.61799], [-83.14271, 8.618], [-83.14272, 8.61802], [-83.14273, 8.61804], [-83.14274, 8.61805], [-83.14276, 8.6181], [-83.14278, 8.61814], [-83.1428, 8.61818], [-83.14283, 8.61822], [-83.14286, 8.61826], [-83.14293, 8.61832], [-83.14301, 8.61837], [-83.14309, 8.61842], [-83.14311, 8.61844], [-83.14314, 8.61846], [-83.14316, 8.61848], [-83.14318, 8.6185], [-83.1432, 8.61852], [-83.14322, 8.61854], [-83.14323, 8.61856], [-83.14325, 8.61859], [-83.14326, 8.61861], [-83.14327, 8.61864], [-83.14328, 8.61867], [-83.14328, 8.6187], [-83.14329, 8.61872], [-83.14329, 8.61875], [-83.14329, 8.61878], [-83.14329, 8.61881], [-83.14329, 8.61884], [-83.14329, 8.61887], [-83.14328, 8.6189], [-83.14327, 8.61892], [-83.14326, 8.61895], [-83.14325, 8.61897], [-83.14324, 8.61899], [-83.14324, 8.61902], [-83.14323, 8.61904], [-83.14323, 8.61906], [-83.14323, 8.61908], [-83.14323, 8.61911], [-83.14323, 8.61913], [-83.14324, 8.61915], [-83.14324, 8.61917], [-83.14325, 8.6192], [-83.14326, 8.61922], [-83.14327, 8.61924], [-83.14329, 8.61925], [-83.1433, 8.61927], [-83.14332, 8.61929], [-83.14334, 8.6193], [-83.14336, 8.61932], [-83.14338, 8.61933], [-83.1434, 8.61934], [-83.14342, 8.61933], [-83.14344, 8.61933], [-83.14346, 8.61932], [-83.14348, 8.61931], [-83.14349, 8.6193], [-83.14351, 8.61928], [-83.14353, 8.61927], [-83.14355, 8.61925], [-83.14357, 8.61924], [-83.14359, 8.61922], [-83.14361, 8.61921], [-83.14364, 8.6192], [-83.14366, 8.61919], [-83.14369, 8.61918], [-83.14371, 8.61917], [-83.14374, 8.61917], [-83.14377, 8.61917], [-83.14379, 8.61917], [-83.14382, 8.61917], [-83.14385, 8.61918], [-83.14387, 8.61918], [-83.1439, 8.61919], [-83.14392, 8.61921], [-83.14394, 8.61922], [-83.14396, 8.61923], [-83.14399, 8.61925], [-83.144, 8.61927], [-83.14402, 8.61929], [-83.14404, 8.61931], [-83.14405, 8.61933], [-83.14407, 8.61935], [-83.14408, 8.61938], [-83.1441, 8.61941], [-83.14411, 8.61944], [-83.14412, 8.61948], [-83.14414, 8.61951], [-83.14415, 8.61955], [-83.14416, 8.61958], [-83.14416, 8.61962], [-83.14417, 8.61966], [-83.14417, 8.61969], [-83.14417, 8.61973], [-83.14417, 8.61977], [-83.14417, 8.6198], [-83.14417, 8.61984], [-83.14416, 8.61988], [-83.14415, 8.61991], [-83.14414, 8.61995], [-83.14413, 8.61998], [-83.14412, 8.62002], [-83.14411, 8.62005], [-83.14409, 8.62008], [-83.14407, 8.62012], [-83.14406, 8.62013], [-83.14404, 8.62015], [-83.14402, 8.62017], [-83.144, 8.62019], [-83.14398, 8.6202], [-83.14395, 8.62021], [-83.14393, 8.62022], [-83.14391, 8.62023], [-83.14388, 8.62024], [-83.14386, 8.62024], [-83.14384, 8.62025], [-83.14381, 8.62025], [-83.14379, 8.62025], [-83.14376, 8.62026], [-83.14374, 8.62027], [-83.14372, 8.62028], [-83.1437, 8.62029], [-83.14368, 8.62031], [-83.14366, 8.62032], [-83.14364, 8.62034], [-83.14362, 8.62036], [-83.14361, 8.62038], [-83.14359, 8.6204], [-83.14358, 8.62042], [-83.14357, 8.62045], [-83.14356, 8.62047], [-83.14355, 8.62049], [-83.14355, 8.62052], [-83.14354, 8.62055], [-83.14354, 8.62057], [-83.14354, 8.6206], [-83.14355, 8.62062], [-83.14355, 8.62065], [-83.14356, 8.62067], [-83.14356, 8.6207], [-83.14357, 8.62072], [-83.14358, 8.62074], [-83.1436, 8.62077], [-83.14361, 8.62079], [-83.14363, 8.62081], [-83.14365, 8.62083], [-83.14366, 8.62084], [-83.14369, 8.62087], [-83.14372, 8.6209], [-83.14375, 8.62093], [-83.14378, 8.62096], [-83.14381, 8.62099], [-83.14384, 8.62101], [-83.14387, 8.62103], [-83.14391, 8.62106], [-83.14394, 8.62108], [-83.14398, 8.6211], [-83.14402, 8.62111], [-83.14405, 8.62113], [-83.14409, 8.62114], [-83.14414, 8.62113], [-83.1442, 8.62113], [-83.14426, 8.62112], [-83.14431, 8.62111], [-83.14437, 8.62109], [-83.14442, 8.62108], [-83.14448, 8.62106], [-83.14453, 8.62105], [-83.14459, 8.62103], [-83.1446, 8.62102], [-83.14462, 8.62102], [-83.14464, 8.62102], [-83.14465, 8.62102], [-83.14467, 8.62102], [-83.14468, 8.62103], [-83.1447, 8.62104], [-83.14471, 8.62104], [-83.14473, 8.62105], [-83.14474, 8.62107], [-83.14475, 8.62108], [-83.14476, 8.62109], [-83.14477, 8.62111], [-83.14477, 8.62112], [-83.14478, 8.62114], [-83.14478, 8.62115], [-83.14478, 8.6212], [-83.14477, 8.62125], [-83.14477, 8.6213], [-83.14477, 8.62136], [-83.14477, 8.62141], [-83.14476, 8.62146], [-83.14476, 8.62151], [-83.14477, 8.62158], [-83.14478, 8.62166], [-83.14479, 8.62173], [-83.1448, 8.6218], [-83.14482, 8.62187], [-83.14484, 8.62194], [-83.14485, 8.62202], [-83.14488, 8.62209], [-83.1449, 8.62215], [-83.14492, 8.62222], [-83.14495, 8.62229], [-83.14498, 8.62236], [-83.14501, 8.62243], [-83.14504, 8.62249], [-83.14507, 8.62256], [-83.14511, 8.62262], [-83.14512, 8.62264], [-83.14513, 8.62266], [-83.14515, 8.62268], [-83.14517, 8.62269], [-83.14518, 8.62271], [-83.1452, 8.62273], [-83.14522, 8.62274], [-83.14524, 8.62275], [-83.14526, 8.62276], [-83.14529, 8.62277], [-83.14531, 8.62278], [-83.14533, 8.62278], [-83.14535, 8.62278], [-83.14537, 8.62279], [-83.1454, 8.62276], [-83.14543, 8.62274], [-83.14547, 8.62272], [-83.1455, 8.62271], [-83.14553, 8.62269], [-83.14557, 8.62267], [-83.1456, 8.62266], [-83.14563, 8.62266], [-83.14567, 8.62266], [-83.1457, 8.62267], [-83.14574, 8.62267], [-83.14577, 8.62268], [-83.14581, 8.62269], [-83.14584, 8.6227], [-83.14587, 8.62271], [-83.1459, 8.62273], [-83.14593, 8.62274], [-83.14596, 8.62276], [-83.14599, 8.62278], [-83.14602, 8.6228], [-83.14605, 8.62282], [-83.14608, 8.62286], [-83.14611, 8.62289], [-83.14614, 8.62292], [-83.14617, 8.62296], [-83.14619, 8.623], [-83.14622, 8.62303], [-83.14624, 8.62307], [-83.14627, 8.62311], [-83.14629, 8.62315], [-83.1463, 8.6232], [-83.14632, 8.62324], [-83.14634, 8.62328], [-83.14635, 8.62333], [-83.14636, 8.62337], [-83.14637, 8.62341], [-83.14638, 8.62346], [-83.14639, 8.62351], [-83.14639, 8.62355], [-83.14639, 8.6236], [-83.14639, 8.62365], [-83.1464, 8.62368], [-83.1464, 8.62372], [-83.14641, 8.62375], [-83.14642, 8.62379], [-83.14643, 8.62382], [-83.14644, 8.62386], [-83.14645, 8.62389], [-83.14647, 8.62392], [-83.14649, 8.62395], [-83.1465, 8.62398], [-83.14653, 8.62401], [-83.14655, 8.62404], [-83.14657, 8.62407], [-83.1466, 8.62409], [-83.14663, 8.62413], [-83.14666, 8.62416], [-83.1467, 8.62418], [-83.14674, 8.62421], [-83.14678, 8.62424], [-83.14681, 8.62426], [-83.14686, 8.62428], [-83.1469, 8.6243], [-83.14694, 8.62432], [-83.14698, 8.62434], [-83.14702, 8.62435], [-83.14707, 8.62436], [-83.14711, 8.62437], [-83.14716, 8.62438], [-83.14718, 8.62438], [-83.1472, 8.62438], [-83.14721, 8.62438], [-83.14723, 8.62437], [-83.14725, 8.62436], [-83.14727, 8.62435], [-83.14728, 8.62434], [-83.1473, 8.62433], [-83.14731, 8.62431], [-83.14732, 8.6243], [-83.14733, 8.62428], [-83.14734, 8.62426], [-83.14735, 8.62424], [-83.14737, 8.62421], [-83.14738, 8.62419], [-83.1474, 8.62417], [-83.14742, 8.62415], [-83.14744, 8.62413], [-83.14746, 8.62411], [-83.14748, 8.62409], [-83.14751, 8.62408], [-83.14753, 8.62407], [-83.14756, 8.62405], [-83.14759, 8.62404], [-83.14761, 8.62404], [-83.14764, 8.62403], [-83.14767, 8.62403], [-83.14771, 8.62402], [-83.14773, 8.62402], [-83.14775, 8.62402], [-83.14778, 8.62403], [-83.14781, 8.62403], [-83.14784, 8.62404], [-83.14786, 8.62405], [-83.14789, 8.62406], [-83.14792, 8.62407], [-83.14794, 8.62408], [-83.14796, 8.6241], [-83.14799, 8.62411], [-83.14801, 8.62413], [-83.14803, 8.62415], [-83.14805, 8.62417], [-83.14807, 8.6242], [-83.14808, 8.62422], [-83.1481, 8.62424], [-83.14811, 8.62427], [-83.14813, 8.62431], [-83.14814, 8.62434], [-83.14816, 8.62438], [-83.14817, 8.62442], [-83.14818, 8.62446], [-83.14819, 8.6245], [-83.14819, 8.62454], [-83.1482, 8.62459], [-83.1482, 8.62463], [-83.1482, 8.62467], [-83.1482, 8.62471], [-83.1482, 8.62475], [-83.14819, 8.62479], [-83.14819, 8.62483], [-83.14818, 8.62487], [-83.14818, 8.6249], [-83.14818, 8.62492], [-83.14819, 8.62495], [-83.1482, 8.62497], [-83.1482, 8.625], [-83.14821, 8.62502], [-83.14823, 8.62505], [-83.14824, 8.62507], [-83.14826, 8.62509], [-83.14827, 8.62511], [-83.14829, 8.62513], [-83.14831, 8.62515], [-83.14833, 8.62516], [-83.14836, 8.62518], [-83.14838, 8.62519], [-83.1484, 8.6252], [-83.14843, 8.62521], [-83.14846, 8.62522], [-83.14848, 8.62523], [-83.14853, 8.62525], [-83.14857, 8.62527], [-83.14861, 8.62529], [-83.14865, 8.62531], [-83.14866, 8.62531], [-83.14867, 8.62532], [-83.14869, 8.62532], [-83.14871, 8.62534], [-83.14872, 8.62535], [-83.14873, 8.62537], [-83.14874, 8.62538], [-83.14875, 8.6254], [-83.14875, 8.62542], [-83.14875, 8.62544], [-83.14875, 8.62546], [-83.14874, 8.62549], [-83.1487, 8.62551], [-83.14868, 8.62552], [-83.14866, 8.62553], [-83.14864, 8.62553], [-83.14861, 8.62554], [-83.14854, 8.62554], [-83.14846, 8.62553], [-83.14838, 8.62553], [-83.1483, 8.62552], [-83.14823, 8.62552], [-83.14815, 8.6255], [-83.14808, 8.62549], [-83.14805, 8.62549], [-83.14801, 8.62549], [-83.14798, 8.62548], [-83.14794, 8.62548], [-83.14791, 8.62547], [-83.14787, 8.62546], [-83.14784, 8.62544], [-83.14781, 8.62543], [-83.14778, 8.62541], [-83.14774, 8.62539], [-83.14772, 8.62536], [-83.14769, 8.62534], [-83.14767, 8.62532], [-83.14764, 8.6253], [-83.14761, 8.62528], [-83.14759, 8.62527], [-83.14755, 8.62527], [-83.14751, 8.62527], [-83.14746, 8.62527], [-83.14742, 8.62527], [-83.14737, 8.62528], [-83.14732, 8.62528], [-83.14726, 8.62529], [-83.14721, 8.62529], [-83.14716, 8.62529], [-83.14711, 8.62529], [-83.14706, 8.62528], [-83.14701, 8.62528], [-83.14695, 8.62527], [-83.14691, 8.62526], [-83.14683, 8.62526], [-83.14675, 8.62526], [-83.14667, 8.62526], [-83.14659, 8.62526], [-83.14653, 8.62527], [-83.14646, 8.62527], [-83.14645, 8.62528], [-83.14639, 8.62528], [-83.14632, 8.62528], [-83.14625, 8.62528], [-83.14618, 8.62528], [-83.14613, 8.62529], [-83.1461, 8.62529], [-83.14607, 8.62529], [-83.14605, 8.62528], [-83.14602, 8.62528], [-83.146, 8.62527], [-83.14597, 8.62526], [-83.14595, 8.62524], [-83.14591, 8.62522], [-83.14587, 8.62519], [-83.14584, 8.62516], [-83.1458, 8.62513], [-83.14577, 8.62509], [-83.14574, 8.62506], [-83.14571, 8.62502], [-83.14568, 8.62498], [-83.14567, 8.62497], [-83.14566, 8.62496], [-83.14566, 8.62495], [-83.14565, 8.62494], [-83.14564, 8.62494], [-83.14563, 8.62493], [-83.14562, 8.62493], [-83.14561, 8.62493], [-83.1456, 8.62493], [-83.14559, 8.62493], [-83.14558, 8.62493], [-83.14558, 8.62494], [-83.14558, 8.62494], [-83.14557, 8.62495], [-83.14557, 8.62496], [-83.14557, 8.62496], [-83.14557, 8.62497], [-83.14557, 8.62498], [-83.14557, 8.62498], [-83.14558, 8.62499], [-83.14559, 8.62503], [-83.14561, 8.62506], [-83.14563, 8.62509], [-83.14565, 8.62513], [-83.14568, 8.62516], [-83.1457, 8.62519], [-83.14573, 8.62522], [-83.14575, 8.62524], [-83.14578, 8.62527], [-83.14581, 8.62529], [-83.14586, 8.62532], [-83.14591, 8.62535], [-83.14597, 8.62538], [-83.14603, 8.62541], [-83.14608, 8.62543], [-83.14614, 8.62546], [-83.1462, 8.62548], [-83.14626, 8.6255], [-83.14632, 8.62552], [-83.14638, 8.62553], [-83.14643, 8.62554], [-83.1465, 8.62555], [-83.14658, 8.62556], [-83.14665, 8.62557], [-83.14667, 8.62558], [-83.14669, 8.62559], [-83.1467, 8.6256], [-83.14671, 8.62562], [-83.14672, 8.62563], [-83.14673, 8.62565], [-83.14673, 8.62567], [-83.14673, 8.62569], [-83.14672, 8.62571], [-83.14671, 8.62573], [-83.14671, 8.62574], [-83.14669, 8.62578], [-83.14668, 8.62582], [-83.14666, 8.62587], [-83.14665, 8.62592], [-83.14664, 8.62597], [-83.14663, 8.62602], [-83.14663, 8.62607], [-83.14662, 8.62609], [-83.14662, 8.62613], [-83.14661, 8.62616], [-83.1466, 8.62619], [-83.14658, 8.62621], [-83.14657, 8.62624], [-83.14655, 8.62627], [-83.14653, 8.62629], [-83.14651, 8.62631], [-83.14649, 8.62633], [-83.14645, 8.62638], [-83.14642, 8.62643], [-83.14638, 8.62647], [-83.14634, 8.62652], [-83.14631, 8.62657], [-83.1463, 8.62661], [-83.14628, 8.62665], [-83.14627, 8.6267], [-83.14626, 8.62674], [-83.14625, 8.62679], [-83.14625, 8.62683], [-83.14624, 8.62688], [-83.14624, 8.62692], [-83.14624, 8.62696], [-83.14624, 8.62701], [-83.14623, 8.62705], [-83.14623, 8.6271], [-83.14622, 8.62714], [-83.1462, 8.62718], [-83.14619, 8.62722], [-83.14619, 8.62725], [-83.14618, 8.62728], [-83.14617, 8.62731], [-83.14616, 8.62734], [-83.14615, 8.62736], [-83.14613, 8.62739], [-83.14612, 8.62742], [-83.1461, 8.62744], [-83.14608, 8.62747], [-83.14606, 8.62749], [-83.14603, 8.62751], [-83.14601, 8.62753], [-83.14598, 8.62755], [-83.14596, 8.62756], [-83.14593, 8.62758], [-83.14583, 8.6276], [-83.14573, 8.62763], [-83.14563, 8.62765], [-83.1456, 8.62766], [-83.14557, 8.62765], [-83.14554, 8.62765], [-83.14551, 8.62764], [-83.14548, 8.62763], [-83.14546, 8.62762], [-83.14544, 8.62761], [-83.14543, 8.62761], [-83.14541, 8.62761], [-83.1454, 8.62761], [-83.14539, 8.62761], [-83.14538, 8.62761], [-83.14536, 8.62762], [-83.14535, 8.62762], [-83.14534, 8.62763], [-83.14533, 8.62764], [-83.14525, 8.6277], [-83.14516, 8.62776], [-83.14508, 8.62782], [-83.145, 8.62787], [-83.14491, 8.62793], [-83.14487, 8.62796], [-83.14483, 8.628], [-83.14479, 8.62804], [-83.14475, 8.62807], [-83.14475, 8.62808], [-83.14475, 8.62808], [-83.14475, 8.62809], [-83.14475, 8.6281], [-83.14475, 8.62811], [-83.14475, 8.62812], [-83.14476, 8.62812], [-83.14476, 8.62813], [-83.14477, 8.62814], [-83.14485, 8.62823], [-83.14493, 8.62832], [-83.14501, 8.6284], [-83.14509, 8.62849], [-83.14516, 8.62858], [-83.14524, 8.62867], [-83.14526, 8.62871], [-83.14528, 8.62874], [-83.1453, 8.62877], [-83.14532, 8.6288], [-83.14534, 8.62882], [-83.14537, 8.62885], [-83.14539, 8.62887], [-83.14544, 8.6289], [-83.14549, 8.62894], [-83.14554, 8.62897], [-83.14559, 8.629], [-83.14564, 8.62902], [-83.14569, 8.62905], [-83.14575, 8.62907], [-83.14579, 8.62909], [-83.14582, 8.62911], [-83.14586, 8.62913], [-83.14589, 8.62914], [-83.14593, 8.62915], [-83.14597, 8.62916], [-83.14601, 8.62917], [-83.14606, 8.62918], [-83.14608, 8.62919], [-83.14611, 8.6292], [-83.14613, 8.62922], [-83.14616, 8.62923], [-83.14618, 8.62925], [-83.1462, 8.62927], [-83.14621, 8.62929], [-83.14623, 8.62932], [-83.14624, 8.62934], [-83.14626, 8.62937], [-83.14626, 8.62941], [-83.14627, 8.62945], [-83.14628, 8.62948], [-83.14629, 8.62952], [-83.1463, 8.62955], [-83.14631, 8.62959], [-83.14633, 8.62962], [-83.14634, 8.62965], [-83.14636, 8.62968], [-83.14638, 8.62971], [-83.1464, 8.62974], [-83.14642, 8.62977], [-83.14644, 8.62981], [-83.14645, 8.62984], [-83.14647, 8.62987], [-83.14648, 8.62991], [-83.14649, 8.62994], [-83.1465, 8.62998], [-83.1465, 8.63002], [-83.1465, 8.63005], [-83.14651, 8.63009], [-83.1465, 8.63014], [-83.14649, 8.63018], [-83.14647, 8.63023], [-83.14646, 8.63027], [-83.14645, 8.63031], [-83.14643, 8.63035], [-83.14641, 8.63039], [-83.14639, 8.63042], [-83.14637, 8.63046], [-83.14634, 8.6305], [-83.14632, 8.63053], [-83.14629, 8.63056], [-83.14626, 8.6306], [-83.14623, 8.63063], [-83.1462, 8.63066], [-83.14616, 8.63068], [-83.14613, 8.63071], [-83.1461, 8.63074], [-83.14606, 8.63076], [-83.14603, 8.63077], [-83.14602, 8.63079], [-83.146, 8.6308], [-83.14598, 8.63081], [-83.14595, 8.63082], [-83.14593, 8.63083], [-83.14591, 8.63084], [-83.14588, 8.63084], [-83.14586, 8.63084], [-83.14584, 8.63084], [-83.14581, 8.63083], [-83.14579, 8.63083], [-83.14577, 8.63083], [-83.14575, 8.63083], [-83.14573, 8.63084], [-83.14571, 8.63084], [-83.14569, 8.63085], [-83.14566, 8.63086], [-83.14563, 8.63088], [-83.14561, 8.63089], [-83.14558, 8.63091], [-83.14556, 8.63093], [-83.14554, 8.63095], [-83.14551, 8.63097], [-83.1455, 8.63099], [-83.14548, 8.63101], [-83.14546, 8.63103], [-83.14544, 8.63105], [-83.14543, 8.63108], [-83.14541, 8.6311], [-83.1454, 8.63113], [-83.14539, 8.63116], [-83.14537, 8.63119], [-83.14535, 8.63123], [-83.14533, 8.63126], [-83.14531, 8.63129], [-83.14528, 8.63132], [-83.14525, 8.63134], [-83.14523, 8.63137], [-83.1452, 8.63139], [-83.14516, 8.63142], [-83.14514, 8.63144], [-83.14507, 8.6315], [-83.145, 8.63157], [-83.14493, 8.63163], [-83.14485, 8.63169], [-83.14479, 8.63174], [-83.14472, 8.63177], [-83.14466, 8.63181], [-83.14459, 8.63184], [-83.14453, 8.63188], [-83.14446, 8.6319], [-83.14443, 8.63192], [-83.1444, 8.63194], [-83.14437, 8.63196], [-83.14434, 8.63198], [-83.14431, 8.632], [-83.14428, 8.63203], [-83.14426, 8.63205], [-83.14425, 8.63206], [-83.14425, 8.63207], [-83.14425, 8.63207], [-83.14424, 8.63208], [-83.14424, 8.63209], [-83.14424, 8.6321], [-83.14424, 8.63211], [-83.14424, 8.63212], [-83.14425, 8.63212], [-83.14425, 8.63213], [-83.14426, 8.63214], [-83.14426, 8.63214], [-83.14427, 8.63215], [-83.14429, 8.63217], [-83.1443, 8.63219], [-83.14432, 8.6322], [-83.14433, 8.63221], [-83.14435, 8.63222], [-83.14437, 8.63223], [-83.14438, 8.63223], [-83.1444, 8.63224], [-83.14442, 8.63224], [-83.14444, 8.63225], [-83.14446, 8.63225], [-83.14448, 8.63225], [-83.14449, 8.63224], [-83.14455, 8.63223], [-83.1446, 8.63221], [-83.14466, 8.6322], [-83.14471, 8.63219], [-83.14476, 8.63219], [-83.14479, 8.63219], [-83.14483, 8.63219], [-83.14486, 8.6322], [-83.1449, 8.63221], [-83.14493, 8.63222], [-83.14494, 8.63223], [-83.14496, 8.63223], [-83.14497, 8.63224], [-83.14499, 8.63224], [-83.145, 8.63224], [-83.14501, 8.63224], [-83.14503, 8.63223], [-83.14504, 8.63223], [-83.14505, 8.63222], [-83.14506, 8.63222], [-83.14508, 8.63221], [-83.14511, 8.63219], [-83.14514, 8.63217], [-83.14518, 8.63215], [-83.14521, 8.63214], [-83.14524, 8.63212], [-83.14528, 8.63211], [-83.14531, 8.6321], [-83.14534, 8.63208], [-83.14537, 8.63207], [-83.14541, 8.63206], [-83.14544, 8.63205], [-83.14548, 8.63205], [-83.14552, 8.63205], [-83.14555, 8.63204], [-83.14559, 8.63205], [-83.14561, 8.63204], [-83.14564, 8.63204], [-83.14567, 8.63204], [-83.1457, 8.63204], [-83.14573, 8.63205], [-83.14576, 8.63205], [-83.14579, 8.63206], [-83.14582, 8.63207], [-83.14586, 8.63208], [-83.14589, 8.63209], [-83.14592, 8.63211], [-83.14595, 8.63212], [-83.14598, 8.63214], [-83.14601, 8.63216], [-83.14604, 8.63219], [-83.14607, 8.63221], [-83.14609, 8.63224], [-83.14611, 8.63226], [-83.14613, 8.63229], [-83.14615, 8.63232], [-83.14617, 8.63235], [-83.14619, 8.63238], [-83.1462, 8.63242], [-83.14621, 8.63245], [-83.14622, 8.63249], [-83.14623, 8.63255], [-83.14623, 8.6326], [-83.14624, 8.63266], [-83.14624, 8.63272], [-83.14624, 8.63278], [-83.14624, 8.63283], [-83.14623, 8.6329], [-83.14622, 8.63296], [-83.14622, 8.63302], [-83.14621, 8.63307], [-83.14621, 8.63313], [-83.14621, 8.63319], [-83.14621, 8.63325], [-83.14622, 8.63331], [-83.1469, 8.63357], [-83.14757, 8.63417], [-83.1477, 8.63437], [-83.14771, 8.63438], [-83.14792, 8.63471], [-83.14827, 8.6354], [-83.14828, 8.6354], [-83.14868, 8.63592], [-83.14915, 8.63618], [-83.14987, 8.6363], [-83.1504, 8.6363], [-83.15081, 8.63646], [-83.15111, 8.63658], [-83.15121, 8.63662], [-83.15131, 8.63672], [-83.15132, 8.63674], [-83.15133, 8.63679], [-83.15135, 8.63688], [-83.15138, 8.63701], [-83.15146, 8.63725], [-83.15154, 8.63744], [-83.15164, 8.63756], [-83.1517, 8.63761], [-83.15185, 8.63772], [-83.15208, 8.63798], [-83.15211, 8.6381], [-83.15216, 8.6382], [-83.15219, 8.63826], [-83.15225, 8.63834], [-83.15231, 8.63838], [-83.15242, 8.63846], [-83.15253, 8.63852], [-83.15267, 8.6386], [-83.1528, 8.63866], [-83.15319, 8.63889], [-83.15328, 8.63897], [-83.15333, 8.63902], [-83.15338, 8.63911], [-83.15339, 8.63919], [-83.1534, 8.63928], [-83.15339, 8.63936], [-83.15336, 8.63947], [-83.15334, 8.63964], [-83.15333, 8.63979], [-83.1533, 8.64004], [-83.15331, 8.64012], [-83.15334, 8.6402], [-83.15339, 8.64028], [-83.15355, 8.64046], [-83.15379, 8.64067], [-83.1541, 8.64095], [-83.15448, 8.64127], [-83.15481, 8.64156], [-83.15491, 8.64163], [-83.15499, 8.64167], [-83.15511, 8.64172], [-83.15522, 8.64174], [-83.1553, 8.64175], [-83.15542, 8.64179], [-83.15552, 8.64184], [-83.15557, 8.64187], [-83.15563, 8.64191], [-83.15571, 8.64194], [-83.15579, 8.64196], [-83.15585, 8.64196], [-83.15592, 8.64196], [-83.156, 8.64194], [-83.15609, 8.64191], [-83.15618, 8.64189], [-83.15625, 8.64188], [-83.1563, 8.64188], [-83.15639, 8.6419], [-83.15643, 8.64194], [-83.15645, 8.64199], [-83.15642, 8.6421], [-83.15652, 8.64297], [-83.15659, 8.64338], [-83.15665, 8.64354], [-83.15667, 8.64358], [-83.15669, 8.64361], [-83.15671, 8.64364], [-83.15673, 8.64367], [-83.15675, 8.6437], [-83.15678, 8.64373], [-83.15681, 8.64376], [-83.15683, 8.64379], [-83.15686, 8.64381], [-83.15689, 8.64384], [-83.15692, 8.64386], [-83.15696, 8.64388], [-83.15699, 8.6439], [-83.15703, 8.64391], [-83.15706, 8.64393], [-83.15709, 8.64393], [-83.15712, 8.64394], [-83.15715, 8.64394], [-83.15718, 8.64395], [-83.15721, 8.64397], [-83.15724, 8.64398], [-83.15727, 8.64399], [-83.1573, 8.64401], [-83.15732, 8.64403], [-83.15735, 8.64405], [-83.15737, 8.64407], [-83.15739, 8.64409], [-83.15741, 8.64412], [-83.15743, 8.64414], [-83.15762, 8.64471], [-83.15765, 8.64486], [-83.15816, 8.64751], [-83.15837, 8.64803], [-83.15893, 8.64913], [-83.15907, 8.64943], [-83.15923, 8.64963], [-83.15925, 8.64965], [-83.15941, 8.64977], [-83.15946, 8.64979], [-83.15951, 8.64982], [-83.15956, 8.64985], [-83.15961, 8.64987], [-83.15966, 8.6499], [-83.15972, 8.64992], [-83.15977, 8.64994], [-83.15982, 8.64996], [-83.15988, 8.64998], [-83.15993, 8.64999], [-83.15997, 8.65], [-83.15998, 8.65], [-83.16002, 8.65001], [-83.16007, 8.65001], [-83.16011, 8.65001], [-83.16016, 8.65001], [-83.1602, 8.65001], [-83.16025, 8.65001], [-83.16029, 8.65], [-83.1603, 8.65], [-83.16034, 8.64999], [-83.16039, 8.64998], [-83.16041, 8.64998], [-83.16043, 8.64998], [-83.16046, 8.64998], [-83.16048, 8.64998], [-83.16051, 8.64998], [-83.16053, 8.64999], [-83.16056, 8.65], [-83.16056, 8.65], [-83.16058, 8.65001], [-83.1606, 8.65002], [-83.16062, 8.65004], [-83.16064, 8.65006], [-83.16066, 8.65008], [-83.16067, 8.65009], [-83.1607, 8.65013], [-83.16072, 8.65016], [-83.16074, 8.6502], [-83.16076, 8.65024], [-83.16078, 8.65027], [-83.1608, 8.65031], [-83.16082, 8.65035], [-83.16083, 8.65039], [-83.16084, 8.65042], [-83.16085, 8.65044], [-83.16086, 8.65046], [-83.16088, 8.65048], [-83.16089, 8.65049], [-83.16091, 8.65051], [-83.16092, 8.65052], [-83.16094, 8.65054], [-83.16096, 8.65055], [-83.16098, 8.65056], [-83.161, 8.65057], [-83.16102, 8.65057], [-83.16104, 8.65058], [-83.16106, 8.65058], [-83.16108, 8.65058], [-83.16111, 8.65058], [-83.16114, 8.65059], [-83.16117, 8.65059], [-83.16119, 8.6506], [-83.16122, 8.65061], [-83.16125, 8.65063], [-83.16127, 8.65064], [-83.16129, 8.65066], [-83.16131, 8.65068], [-83.16133, 8.6507], [-83.16135, 8.65072], [-83.16136, 8.65074], [-83.16138, 8.65077], [-83.1614, 8.65085], [-83.16158, 8.65107], [-83.16185, 8.65135], [-83.16243, 8.65136], [-83.16274, 8.65143], [-83.16336, 8.65173], [-83.16386, 8.65196], [-83.16411, 8.65234], [-83.1643, 8.65281], [-83.16449, 8.65292], [-83.16461, 8.65268], [-83.16456, 8.6524], [-83.16453, 8.65206], [-83.16477, 8.65181], [-83.16518, 8.65193], [-83.16568, 8.65206], [-83.16592, 8.65159], [-83.16755, 8.65421], [-83.17002, 8.65472], [-83.17018, 8.65485], [-83.17036, 8.65883], [-83.17112, 8.65869], [-83.17136, 8.66055], [-83.1739, 8.66362], [-83.17862, 8.66372], [-83.18098, 8.66282], [-83.18352, 8.6677], [-83.18588, 8.67024], [-83.19042, 8.67296], [-83.19678, 8.6755], [-83.2024, 8.68201], [-83.2084, 8.67985], [-83.21268, 8.67434], [-83.2126, 8.66874], [-83.21745, 8.66323], [-83.22215, 8.6579], [-83.22515, 8.65908], [-83.21726, 8.64813], [-83.2229, 8.63939], [-83.22234, 8.63928], [-83.22197, 8.63918], [-83.22127, 8.63903], [-83.22076, 8.63882], [-83.2202, 8.63859], [-83.21969, 8.63829], [-83.21925, 8.63788], [-83.21888, 8.6373], [-83.21836, 8.63674], [-83.21803, 8.63649], [-83.21763, 8.63633], [-83.21745, 8.63591], [-83.21728, 8.63547], [-83.21717, 8.63506], [-83.21688, 8.63452], [-83.21685, 8.63425], [-83.21694, 8.63388], [-83.21705, 8.63347], [-83.2173, 8.63307], [-83.21743, 8.63266], [-83.21746, 8.63211], [-83.21718, 8.63161], [-83.21687, 8.63121], [-83.21665, 8.63078], [-83.21619, 8.63064], [-83.21575, 8.63075], [-83.2153, 8.63077], [-83.21481, 8.6307], [-83.21436, 8.63045], [-83.21398, 8.63015], [-83.21362, 8.62953], [-83.21331, 8.62889], [-83.21314, 8.62847], [-83.21272, 8.62806], [-83.2124, 8.62811], [-83.21198, 8.6284], [-83.21107, 8.62915], [-83.21028, 8.62977], [-83.2092, 8.63032], [-83.20874, 8.63039], [-83.20826, 8.63041], [-83.20805, 8.63055], [-83.20769, 8.63055], [-83.20714, 8.63052], [-83.20677, 8.63058], [-83.20658, 8.6308], [-83.20618, 8.631], [-83.20559, 8.63082], [-83.20517, 8.63045], [-83.20485, 8.62993], [-83.20487, 8.62936], [-83.20498, 8.62878], [-83.20503, 8.62829], [-83.20487, 8.6279], [-83.20454, 8.62709], [-83.2044, 8.62675], [-83.20404, 8.62661], [-83.20368, 8.62668], [-83.20351, 8.62695], [-83.20327, 8.62732], [-83.20285, 8.62751], [-83.20249, 8.6276], [-83.20225, 8.62788], [-83.2018, 8.62816], [-83.20131, 8.62808], [-83.20087, 8.62794], [-83.20021, 8.628], [-83.19973, 8.62841], [-83.19924, 8.62848], [-83.1985, 8.62841], [-83.19781, 8.62828], [-83.19739, 8.62795], [-83.19706, 8.62732], [-83.19678, 8.62665], [-83.19589, 8.6257], [-83.19537, 8.62531], [-83.19485, 8.62521], [-83.19432, 8.62521], [-83.19382, 8.62505], [-83.19319, 8.62487], [-83.1928, 8.62497], [-83.19169, 8.62532], [-83.19146, 8.62523], [-83.19122, 8.6251], [-83.19104, 8.62499], [-83.19081, 8.62488], [-83.19054, 8.62476], [-83.19006, 8.62466], [-83.18979, 8.62464], [-83.1896, 8.62466], [-83.18938, 8.62463], [-83.18888, 8.62452], [-83.18851, 8.62439], [-83.18828, 8.62427], [-83.18808, 8.62411], [-83.18799, 8.62401], [-83.1879, 8.62393], [-83.18779, 8.62384], [-83.18764, 8.62376], [-83.18744, 8.6237], [-83.18729, 8.62366], [-83.18714, 8.62359], [-83.187, 8.62356], [-83.18682, 8.62356], [-83.1866, 8.62358], [-83.18644, 8.62359], [-83.18628, 8.6236], [-83.18612, 8.62358], [-83.18597, 8.62356], [-83.18578, 8.6235], [-83.18561, 8.62342], [-83.18547, 8.62331], [-83.18537, 8.62321], [-83.18527, 8.62314], [-83.1852, 8.62309], [-83.1851, 8.62304], [-83.18499, 8.62301], [-83.18482, 8.62302], [-83.18462, 8.62305], [-83.18445, 8.62306], [-83.18436, 8.62304], [-83.18423, 8.62301], [-83.1841, 8.62297], [-83.18397, 8.62292], [-83.18383, 8.62286], [-83.18365, 8.62275], [-83.18353, 8.62268], [-83.18341, 8.6226], [-83.18331, 8.62255], [-83.1832, 8.62248], [-83.18309, 8.62241], [-83.183, 8.62234], [-83.18286, 8.62221], [-83.18277, 8.62211], [-83.18265, 8.62199], [-83.18255, 8.62191], [-83.18246, 8.62185], [-83.18238, 8.62182], [-83.1823, 8.62181], [-83.18223, 8.62185], [-83.18213, 8.62195], [-83.18201, 8.62209], [-83.18189, 8.62222], [-83.1818, 8.62233], [-83.18173, 8.62243], [-83.18168, 8.6225], [-83.18161, 8.62257], [-83.18151, 8.62263], [-83.18144, 8.62266], [-83.18136, 8.62273], [-83.18124, 8.62284], [-83.18099, 8.62318], [-83.18083, 8.62341], [-83.18072, 8.62358], [-83.18056, 8.6238], [-83.18043, 8.62391], [-83.18027, 8.624], [-83.18018, 8.62407], [-83.18006, 8.62417], [-83.17996, 8.62428], [-83.17983, 8.62444], [-83.17969, 8.62459], [-83.17945, 8.62499], [-83.1794, 8.62507], [-83.17931, 8.62516], [-83.17921, 8.62522], [-83.17908, 8.62529], [-83.17883, 8.62537], [-83.17864, 8.62542], [-83.17846, 8.62549], [-83.17836, 8.62551], [-83.17827, 8.62552], [-83.17818, 8.62551], [-83.17808, 8.62549], [-83.17799, 8.62547], [-83.17791, 8.62546], [-83.1778, 8.62546], [-83.17775, 8.62547], [-83.17766, 8.62552], [-83.17757, 8.62555], [-83.17748, 8.62556], [-83.17741, 8.62556], [-83.17737, 8.62558], [-83.17733, 8.62561], [-83.17729, 8.62566], [-83.17727, 8.62572], [-83.17725, 8.62576], [-83.17721, 8.62584], [-83.1772, 8.62587], [-83.17719, 8.62591], [-83.17728, 8.62601], [-83.17733, 8.62607], [-83.17735, 8.62613], [-83.17734, 8.62622], [-83.17732, 8.62628], [-83.17729, 8.62633], [-83.17723, 8.62641], [-83.17714, 8.62649], [-83.17704, 8.62657], [-83.17696, 8.62666], [-83.17687, 8.62675], [-83.1768, 8.62688], [-83.17675, 8.62699], [-83.17669, 8.62714], [-83.17668, 8.62727], [-83.17668, 8.6274], [-83.17669, 8.62754], [-83.17675, 8.62775], [-83.17682, 8.62795], [-83.17693, 8.62822], [-83.17698, 8.62831], [-83.17703, 8.62841], [-83.17704, 8.62845], [-83.17703, 8.62847], [-83.177, 8.62849], [-83.17695, 8.62851], [-83.17688, 8.62853], [-83.17679, 8.62859], [-83.17672, 8.62867], [-83.17645, 8.62904], [-83.17632, 8.62921], [-83.17628, 8.62928], [-83.17623, 8.62939], [-83.17622, 8.62947], [-83.17626, 8.62966], [-83.1763, 8.62979], [-83.17631, 8.62986], [-83.17631, 8.62993], [-83.17631, 8.62999], [-83.17631, 8.63006], [-83.17636, 8.63024], [-83.17638, 8.63028], [-83.17641, 8.63031], [-83.17646, 8.63035], [-83.17647, 8.63037], [-83.17648, 8.63038], [-83.17649, 8.63043], [-83.17649, 8.63051], [-83.17649, 8.63061], [-83.17651, 8.63071], [-83.17654, 8.63077], [-83.17657, 8.63084], [-83.17662, 8.63091], [-83.17667, 8.63096], [-83.17673, 8.631], [-83.17681, 8.63105], [-83.17686, 8.63108], [-83.1769, 8.63112], [-83.17692, 8.63115], [-83.17693, 8.63119], [-83.17694, 8.63122], [-83.1769, 8.63127], [-83.17685, 8.63135], [-83.17681, 8.63142], [-83.17678, 8.6315], [-83.17672, 8.63168], [-83.17667, 8.63191], [-83.17661, 8.63229], [-83.17656, 8.6324], [-83.17652, 8.63248], [-83.17646, 8.63259], [-83.17637, 8.63272], [-83.17633, 8.6328], [-83.17624, 8.6329], [-83.17614, 8.63301], [-83.17606, 8.6331], [-83.176, 8.63318], [-83.17595, 8.63323], [-83.17591, 8.63327], [-83.17583, 8.6333], [-83.17576, 8.63333], [-83.17575, 8.63333], [-83.17569, 8.63336], [-83.17563, 8.63341], [-83.17554, 8.63349], [-83.17532, 8.63369], [-83.175, 8.63395], [-83.17491, 8.63402], [-83.17474, 8.63419], [-83.17467, 8.63427], [-83.17461, 8.63434], [-83.17452, 8.63441], [-83.17449, 8.63443], [-83.17443, 8.63452], [-83.17442, 8.63457], [-83.17447, 8.63465], [-83.1746, 8.63477], [-83.17492, 8.63504], [-83.175, 8.63512], [-83.17532, 8.6354], [-83.17544, 8.6355], [-83.17548, 8.63552], [-83.17556, 8.63555], [-83.17567, 8.63557], [-83.17575, 8.63555], [-83.17583, 8.63552], [-83.17594, 8.63546], [-83.17606, 8.63538], [-83.17621, 8.63525], [-83.17637, 8.63504], [-83.17642, 8.63499], [-83.17647, 8.63495], [-83.17653, 8.63491], [-83.17657, 8.6349], [-83.17665, 8.63488], [-83.17675, 8.63487], [-83.17688, 8.63484], [-83.17696, 8.63481], [-83.177, 8.63477], [-83.17706, 8.63472], [-83.17711, 8.63469], [-83.17717, 8.63468], [-83.17722, 8.63471], [-83.17729, 8.63477], [-83.17731, 8.63482], [-83.17732, 8.63487], [-83.17731, 8.63494], [-83.17724, 8.63514], [-83.17722, 8.6353], [-83.17722, 8.63538], [-83.17723, 8.63544], [-83.17726, 8.63552], [-83.17729, 8.63557], [-83.17735, 8.63562], [-83.17742, 8.63566], [-83.17747, 8.6357], [-83.17752, 8.63575], [-83.17754, 8.63578], [-83.17756, 8.63585], [-83.17758, 8.63598], [-83.17759, 8.63606], [-83.1776, 8.63615], [-83.17763, 8.63626], [-83.17769, 8.63637], [-83.17774, 8.6365], [-83.17779, 8.63661], [-83.17784, 8.63672], [-83.17786, 8.63679], [-83.17787, 8.63688], [-83.17787, 8.63701], [-83.17783, 8.6373], [-83.17772, 8.63759], [-83.17769, 8.63769], [-83.17764, 8.63774], [-83.17753, 8.63783], [-83.17731, 8.63808], [-83.17727, 8.63815], [-83.17721, 8.63825], [-83.17716, 8.63829], [-83.17707, 8.63832], [-83.177, 8.63836], [-83.17695, 8.63843], [-83.1769, 8.63854], [-83.17687, 8.6386], [-83.17682, 8.63866], [-83.17674, 8.6387], [-83.17669, 8.63872], [-83.17664, 8.63876], [-83.17661, 8.6388], [-83.1766, 8.63887], [-83.17661, 8.63892], [-83.17664, 8.63898], [-83.17668, 8.63903], [-83.17673, 8.63906], [-83.17679, 8.63906], [-83.17684, 8.63904], [-83.17689, 8.63902], [-83.17694, 8.639], [-83.17701, 8.63899], [-83.17707, 8.63895], [-83.17715, 8.6389], [-83.17733, 8.6388], [-83.17741, 8.63878], [-83.17748, 8.63877], [-83.17755, 8.63877], [-83.17765, 8.63878], [-83.17776, 8.63881], [-83.17788, 8.63886], [-83.17802, 8.63892], [-83.17815, 8.63898], [-83.17826, 8.63903], [-83.17838, 8.63905], [-83.17843, 8.63907], [-83.17848, 8.6391], [-83.17853, 8.63912], [-83.17856, 8.63915], [-83.17863, 8.63919], [-83.17869, 8.63924], [-83.17876, 8.63927], [-83.17887, 8.63925], [-83.17897, 8.63923], [-83.17906, 8.63922], [-83.17912, 8.63923], [-83.17919, 8.63925], [-83.17925, 8.63929], [-83.17932, 8.63935], [-83.17937, 8.63938], [-83.17942, 8.63941], [-83.17945, 8.63945], [-83.17948, 8.63951], [-83.17948, 8.63953], [-83.1795, 8.63958], [-83.17952, 8.63961], [-83.17958, 8.63965], [-83.17962, 8.63968], [-83.17969, 8.6397], [-83.17974, 8.63971], [-83.1798, 8.6397], [-83.17986, 8.63968], [-83.17994, 8.63965], [-83.18007, 8.63961], [-83.18017, 8.63959], [-83.18026, 8.63958], [-83.18036, 8.63957], [-83.18046, 8.63959], [-83.18056, 8.63961], [-83.18065, 8.63963], [-83.18072, 8.63963], [-83.1808, 8.63963], [-83.18088, 8.6396], [-83.18098, 8.63956], [-83.18109, 8.63948], [-83.18135, 8.63928], [-83.18152, 8.63914], [-83.18163, 8.63911], [-83.18174, 8.63909], [-83.18179, 8.63908], [-83.18182, 8.63909], [-83.18187, 8.63913], [-83.18188, 8.63918], [-83.18187, 8.63927], [-83.18187, 8.63934], [-83.18192, 8.63942], [-83.18199, 8.6395], [-83.18206, 8.63958], [-83.18213, 8.63967], [-83.1822, 8.63982], [-83.18228, 8.63992], [-83.18234, 8.63997], [-83.18241, 8.64001], [-83.18249, 8.64006], [-83.18256, 8.6401], [-83.18265, 8.64016], [-83.18273, 8.6402], [-83.18286, 8.64026], [-83.18301, 8.6403], [-83.1831, 8.64031], [-83.18327, 8.6403], [-83.18337, 8.64028], [-83.1835, 8.64022], [-83.18361, 8.64016], [-83.1838, 8.64001], [-83.18396, 8.63984], [-83.18402, 8.63974], [-83.18407, 8.63965], [-83.1841, 8.63955], [-83.18411, 8.63948], [-83.1841, 8.63934], [-83.18409, 8.63924], [-83.18409, 8.63913], [-83.1841, 8.63905], [-83.18411, 8.63897], [-83.18413, 8.6389], [-83.18415, 8.63883], [-83.18418, 8.63878], [-83.18423, 8.63874], [-83.1843, 8.6387], [-83.18439, 8.63869], [-83.18447, 8.63869], [-83.18454, 8.63873], [-83.18455, 8.63879], [-83.18453, 8.63882], [-83.18444, 8.63882], [-83.18435, 8.63885], [-83.18429, 8.6389], [-83.18424, 8.63896], [-83.18419, 8.63908], [-83.18416, 8.63918], [-83.18418, 8.63929], [-83.18421, 8.63937], [-83.18427, 8.63947], [-83.18434, 8.63955], [-83.18441, 8.63962], [-83.18449, 8.63968], [-83.18451, 8.63974], [-83.18452, 8.63978], [-83.18452, 8.63984], [-83.18449, 8.63991], [-83.18445, 8.63999], [-83.18443, 8.64005], [-83.18443, 8.64021], [-83.18443, 8.6403], [-83.18442, 8.64035], [-83.18443, 8.6404], [-83.18446, 8.64043], [-83.1845, 8.64046], [-83.18454, 8.64046], [-83.1846, 8.64046], [-83.18466, 8.64046], [-83.1847, 8.64046], [-83.18473, 8.64048], [-83.18474, 8.64051], [-83.18474, 8.64054], [-83.18472, 8.64058], [-83.1843, 8.64057], [-83.18416, 8.64057], [-83.18406, 8.6406], [-83.18398, 8.64063], [-83.1839, 8.64069], [-83.18379, 8.64082], [-83.18373, 8.64092], [-83.1837, 8.64103], [-83.18368, 8.64113], [-83.18367, 8.6412], [-83.18368, 8.6413], [-83.18369, 8.64137], [-83.18372, 8.64144], [-83.18373, 8.64151], [-83.18377, 8.64162], [-83.18379, 8.64167], [-83.18378, 8.64175], [-83.18378, 8.64184], [-83.18377, 8.64195], [-83.18378, 8.6421], [-83.1838, 8.6422], [-83.18383, 8.64232], [-83.18387, 8.64242], [-83.18392, 8.6425], [-83.18395, 8.64258], [-83.18396, 8.64267], [-83.18395, 8.64276], [-83.18394, 8.64283], [-83.18393, 8.6429], [-83.18392, 8.64297], [-83.1839, 8.64302], [-83.18387, 8.64305], [-83.18383, 8.64305], [-83.18376, 8.64302], [-83.18371, 8.64295], [-83.18368, 8.64288], [-83.18365, 8.64278], [-83.18364, 8.64273], [-83.18348, 8.64258], [-83.18339, 8.64248], [-83.18331, 8.6424], [-83.18319, 8.64227], [-83.18306, 8.64217], [-83.18292, 8.64205], [-83.18277, 8.64193], [-83.18263, 8.64183], [-83.18246, 8.64168], [-83.18236, 8.64156], [-83.18227, 8.64147], [-83.18219, 8.64141], [-83.18211, 8.64137], [-83.18201, 8.64133], [-83.18189, 8.64131], [-83.1817, 8.6413], [-83.18153, 8.64129], [-83.18138, 8.64127], [-83.18122, 8.64125], [-83.18108, 8.64125], [-83.18094, 8.64127], [-83.18083, 8.6413], [-83.18072, 8.64132], [-83.18064, 8.64133], [-83.18055, 8.64132], [-83.18046, 8.64133], [-83.18019, 8.64132], [-83.18003, 8.64132], [-83.17993, 8.64133], [-83.17976, 8.64137], [-83.17962, 8.64146], [-83.17947, 8.64154], [-83.17942, 8.6416], [-83.17938, 8.64174], [-83.17938, 8.6418], [-83.17936, 8.64186], [-83.17933, 8.64189], [-83.17927, 8.64192], [-83.17917, 8.64192], [-83.17907, 8.6419], [-83.17895, 8.64185], [-83.17882, 8.64179], [-83.17869, 8.64178], [-83.17849, 8.64185], [-83.17827, 8.64198], [-83.1782, 8.64202], [-83.17813, 8.64203], [-83.17806, 8.64202], [-83.178, 8.642], [-83.17794, 8.64199], [-83.17786, 8.64197], [-83.17779, 8.64191], [-83.17771, 8.64182], [-83.17764, 8.64173], [-83.17758, 8.64167], [-83.1775, 8.64162], [-83.17739, 8.64156], [-83.17726, 8.64149], [-83.17716, 8.64143], [-83.17709, 8.64137], [-83.17702, 8.64131], [-83.17695, 8.64128], [-83.17685, 8.64128], [-83.17678, 8.6413], [-83.17668, 8.64134], [-83.1766, 8.64137], [-83.17654, 8.64138], [-83.17649, 8.64138], [-83.17644, 8.64137], [-83.1764, 8.64135], [-83.17636, 8.64131], [-83.17633, 8.64126], [-83.17628, 8.64121], [-83.17623, 8.64119], [-83.1762, 8.64119], [-83.17614, 8.6412], [-83.17609, 8.64121], [-83.17606, 8.64121], [-83.17601, 8.64119], [-83.17598, 8.64116], [-83.17595, 8.64114], [-83.17584, 8.64112], [-83.17578, 8.64115], [-83.17574, 8.6412], [-83.17574, 8.64131], [-83.17583, 8.64146], [-83.17595, 8.64162], [-83.17607, 8.64179], [-83.1761, 8.6419], [-83.17613, 8.64205], [-83.17613, 8.64212], [-83.17611, 8.64219], [-83.17608, 8.64225], [-83.17604, 8.64229], [-83.17603, 8.64233], [-83.17602, 8.64241], [-83.17606, 8.64253], [-83.17614, 8.64267], [-83.17621, 8.64281], [-83.1763, 8.64294], [-83.17638, 8.64308], [-83.17645, 8.64321], [-83.17654, 8.64331], [-83.17661, 8.64338], [-83.17666, 8.64341], [-83.17674, 8.64342], [-83.17682, 8.64343], [-83.17687, 8.64345], [-83.17689, 8.64349], [-83.1769, 8.6435], [-83.17688, 8.64352], [-83.17681, 8.64352], [-83.17672, 8.6435], [-83.17666, 8.6435], [-83.1766, 8.64352], [-83.17653, 8.64355], [-83.17648, 8.64356], [-83.17642, 8.64357], [-83.17633, 8.64354], [-83.17625, 8.64353], [-83.17614, 8.64352], [-83.17605, 8.64352], [-83.176, 8.64354], [-83.17596, 8.64358], [-83.17592, 8.64366], [-83.17591, 8.6437], [-83.17592, 8.64379], [-83.17595, 8.64385], [-83.176, 8.6439], [-83.17606, 8.64394], [-83.17615, 8.64397], [-83.17619, 8.64397], [-83.17626, 8.64396], [-83.17632, 8.64395], [-83.17636, 8.64398], [-83.17638, 8.64401], [-83.17639, 8.64407], [-83.17641, 8.64411], [-83.17644, 8.64413], [-83.17651, 8.64416], [-83.17657, 8.64417], [-83.17662, 8.64417], [-83.17668, 8.64417], [-83.17673, 8.64416], [-83.17678, 8.64416], [-83.1769, 8.64417], [-83.17698, 8.64417], [-83.17704, 8.64415], [-83.17711, 8.64412], [-83.17717, 8.6441], [-83.1772, 8.6441], [-83.17723, 8.64412], [-83.17723, 8.64413], [-83.17723, 8.64414], [-83.17721, 8.64418], [-83.17714, 8.64423], [-83.17704, 8.64429], [-83.17699, 8.64431], [-83.17686, 8.64433], [-83.17675, 8.64431], [-83.17663, 8.64429], [-83.17651, 8.64426], [-83.17644, 8.64425], [-83.17637, 8.64426], [-83.17626, 8.6443], [-83.17605, 8.64445], [-83.17607, 8.64453], [-83.17609, 8.64462], [-83.17611, 8.64466], [-83.17614, 8.64471], [-83.17618, 8.64477], [-83.17624, 8.64486], [-83.1763, 8.64494], [-83.17641, 8.64505], [-83.17648, 8.64512], [-83.17655, 8.64517], [-83.17659, 8.6452], [-83.17663, 8.64522], [-83.17669, 8.64526], [-83.17675, 8.64528], [-83.17681, 8.64529], [-83.17689, 8.64531], [-83.17696, 8.64536], [-83.17701, 8.64541], [-83.17704, 8.64548], [-83.17704, 8.64553], [-83.17704, 8.6456], [-83.17701, 8.64564], [-83.17697, 8.64568], [-83.17695, 8.64569], [-83.17689, 8.64575], [-83.17683, 8.64582], [-83.17679, 8.64589], [-83.17675, 8.64599], [-83.17674, 8.64606], [-83.17672, 8.64613], [-83.17658, 8.64666], [-83.17659, 8.64668], [-83.17658, 8.64675], [-83.17656, 8.64681], [-83.17656, 8.64683], [-83.17656, 8.64683], [-83.17658, 8.64684], [-83.17663, 8.64685], [-83.17668, 8.64687], [-83.17672, 8.64688], [-83.17677, 8.64688], [-83.17682, 8.64689], [-83.17687, 8.6469], [-83.17698, 8.6469], [-83.17723, 8.64687], [-83.17747, 8.64681], [-83.17781, 8.6467], [-83.17815, 8.64659], [-83.17843, 8.64648], [-83.1786, 8.64644], [-83.17872, 8.64641], [-83.17877, 8.6464], [-83.17878, 8.6464], [-83.17883, 8.6464], [-83.17888, 8.64639], [-83.17894, 8.64639], [-83.17899, 8.6464], [-83.17905, 8.6464], [-83.1791, 8.64641], [-83.17915, 8.64641], [-83.1792, 8.64642], [-83.17924, 8.64644], [-83.17929, 8.64645], [-83.17934, 8.64647], [-83.17938, 8.64649], [-83.17942, 8.64651], [-83.17949, 8.64654], [-83.17955, 8.64657], [-83.17961, 8.64661], [-83.17967, 8.64665], [-83.17972, 8.64669], [-83.17978, 8.64673], [-83.17979, 8.64673], [-83.17981, 8.64674], [-83.17983, 8.64674], [-83.17984, 8.64674], [-83.17985, 8.64673], [-83.17986, 8.64673], [-83.17987, 8.64672], [-83.18, 8.64663], [-83.18024, 8.64646], [-83.18032, 8.64641], [-83.18032, 8.64641], [-83.18049, 8.64628], [-83.1805, 8.64628], [-83.18054, 8.64625], [-83.18054, 8.64625], [-83.18054, 8.64625], [-83.18058, 8.64629], [-83.18073, 8.64644], [-83.18085, 8.64649], [-83.1809, 8.64649], [-83.18097, 8.6465], [-83.18105, 8.64652], [-83.18122, 8.64662], [-83.18127, 8.64668], [-83.18133, 8.64678], [-83.18138, 8.64689], [-83.1814, 8.64696], [-83.18142, 8.647], [-83.18144, 8.64703], [-83.18146, 8.64705], [-83.18153, 8.64711], [-83.18158, 8.64714], [-83.18162, 8.64717], [-83.18167, 8.64722], [-83.18171, 8.64728], [-83.18174, 8.64735], [-83.18175, 8.64744], [-83.18174, 8.64752], [-83.18173, 8.6476], [-83.18171, 8.64768], [-83.1817, 8.64773], [-83.1817, 8.64778], [-83.18171, 8.64788], [-83.18173, 8.64798], [-83.18178, 8.64808], [-83.18181, 8.64815], [-83.18186, 8.64821], [-83.18188, 8.64824], [-83.18193, 8.64834], [-83.18198, 8.64843], [-83.18201, 8.64849], [-83.18202, 8.64854], [-83.18204, 8.64864], [-83.18205, 8.64872], [-83.18203, 8.64879], [-83.18199, 8.64893], [-83.18197, 8.64896], [-83.18196, 8.64899], [-83.18187, 8.64911], [-83.18182, 8.64918], [-83.18177, 8.64925], [-83.18174, 8.64931], [-83.18172, 8.64937], [-83.18171, 8.64944], [-83.1817, 8.64951], [-83.18169, 8.64958], [-83.1817, 8.64963], [-83.18172, 8.64969], [-83.18174, 8.64971], [-83.18175, 8.64972], [-83.18182, 8.64979], [-83.18193, 8.64988], [-83.18201, 8.64995], [-83.18205, 8.65], [-83.18205, 8.65001], [-83.1821, 8.65009], [-83.18216, 8.65022], [-83.1822, 8.65039], [-83.18221, 8.65051], [-83.18217, 8.65063], [-83.18217, 8.65068], [-83.18215, 8.65076], [-83.18213, 8.65079], [-83.18212, 8.65082], [-83.18211, 8.65084], [-83.18208, 8.65088], [-83.18202, 8.65098], [-83.18198, 8.65106], [-83.18193, 8.65113], [-83.18189, 8.65126], [-83.18188, 8.65128], [-83.18187, 8.65134], [-83.18193, 8.6514], [-83.18195, 8.65141], [-83.18196, 8.65143], [-83.18198, 8.65146], [-83.18182, 8.65161], [-83.18172, 8.6517], [-83.18172, 8.6517], [-83.1817, 8.65168], [-83.18168, 8.65167], [-83.18168, 8.65166], [-83.18168, 8.65166], [-83.18157, 8.65156], [-83.18156, 8.65156], [-83.18154, 8.65154], [-83.18152, 8.65153], [-83.1815, 8.65152], [-83.18147, 8.65149], [-83.18141, 8.65146], [-83.1814, 8.65145], [-83.18138, 8.65143], [-83.18138, 8.65143], [-83.1811, 8.65119], [-83.1811, 8.65119], [-83.18073, 8.65086], [-83.18073, 8.65086], [-83.18073, 8.65085], [-83.18043, 8.65057], [-83.18042, 8.65057], [-83.18025, 8.65041], [-83.18025, 8.6504], [-83.18023, 8.65038], [-83.18021, 8.65037], [-83.1802, 8.65035], [-83.18017, 8.6503], [-83.18017, 8.6503], [-83.18016, 8.65028], [-83.18014, 8.65026], [-83.18014, 8.65026], [-83.18013, 8.65024], [-83.18013, 8.65022], [-83.18012, 8.65021], [-83.18011, 8.65019], [-83.18011, 8.65017], [-83.1801, 8.65016], [-83.1801, 8.65014], [-83.1801, 8.65013], [-83.18009, 8.65011], [-83.18009, 8.65009], [-83.18009, 8.65008], [-83.18008, 8.65006], [-83.18008, 8.65006], [-83.18008, 8.65004], [-83.18008, 8.65002], [-83.18008, 8.65001], [-83.18008, 8.64999], [-83.18007, 8.64997], [-83.18008, 8.64996], [-83.18008, 8.64993], [-83.18008, 8.64992], [-83.18008, 8.6499], [-83.18008, 8.64988], [-83.18008, 8.64988], [-83.18009, 8.64985], [-83.18009, 8.64985], [-83.18009, 8.64983], [-83.1801, 8.64981], [-83.1801, 8.6498], [-83.1801, 8.64978], [-83.18011, 8.64977], [-83.18011, 8.64975], [-83.18012, 8.64973], [-83.18013, 8.64972], [-83.18013, 8.6497], [-83.18014, 8.64968], [-83.18014, 8.64968], [-83.18016, 8.64966], [-83.18017, 8.64964], [-83.18026, 8.64951], [-83.18026, 8.6495], [-83.18027, 8.64949], [-83.18037, 8.64935], [-83.18023, 8.64926], [-83.18023, 8.64925], [-83.18022, 8.64925], [-83.18, 8.64907], [-83.17999, 8.64908], [-83.17999, 8.64908], [-83.17997, 8.6491], [-83.17996, 8.6491], [-83.17991, 8.64914], [-83.17991, 8.64914], [-83.1799, 8.64915], [-83.17984, 8.64919], [-83.17984, 8.64919], [-83.17983, 8.64919], [-83.17978, 8.64923], [-83.17977, 8.64923], [-83.17971, 8.64927], [-83.1797, 8.64927], [-83.1797, 8.64927], [-83.17964, 8.64931], [-83.17963, 8.64931], [-83.17957, 8.64934], [-83.17956, 8.64935], [-83.17956, 8.64935], [-83.1795, 8.64938], [-83.17948, 8.64939], [-83.17945, 8.64939], [-83.17945, 8.6494], [-83.17939, 8.64941], [-83.17938, 8.64942], [-83.17938, 8.64942], [-83.17932, 8.64943], [-83.17931, 8.64944], [-83.17925, 8.64945], [-83.17925, 8.64945], [-83.17924, 8.64945], [-83.17918, 8.64946], [-83.17917, 8.64946], [-83.17911, 8.64947], [-83.17911, 8.64947], [-83.1791, 8.64947], [-83.17904, 8.64948], [-83.17903, 8.64948], [-83.17903, 8.64948], [-83.17897, 8.64948], [-83.17895, 8.64948], [-83.17895, 8.64948], [-83.1789, 8.64948], [-83.17889, 8.64948], [-83.17883, 8.64948], [-83.17882, 8.64948], [-83.17882, 8.64948], [-83.17877, 8.64947], [-83.17875, 8.64947], [-83.1787, 8.64947], [-83.17869, 8.64947], [-83.17869, 8.64947], [-83.17863, 8.64946], [-83.17862, 8.64946], [-83.17857, 8.64945], [-83.17856, 8.64944], [-83.17856, 8.64944], [-83.1785, 8.64943], [-83.17849, 8.64943], [-83.17844, 8.64942], [-83.17844, 8.64941], [-83.17843, 8.64941], [-83.17837, 8.64939], [-83.17836, 8.64939], [-83.17829, 8.64937], [-83.17829, 8.64937], [-83.17828, 8.64937], [-83.17822, 8.64934], [-83.17821, 8.64934], [-83.17815, 8.64932], [-83.17815, 8.64931], [-83.17814, 8.64931], [-83.17811, 8.6493], [-83.17737, 8.64853], [-83.17691, 8.64943], [-83.17673, 8.64943], [-83.17591, 8.64943], [-83.17559, 8.64945], [-83.17564, 8.64959], [-83.17563, 8.64961], [-83.17563, 8.64963], [-83.17562, 8.64965], [-83.17561, 8.64967], [-83.1756, 8.64969], [-83.1756, 8.6497], [-83.17558, 8.64972], [-83.17557, 8.64973], [-83.17555, 8.64975], [-83.17554, 8.64977], [-83.17548, 8.64982], [-83.17547, 8.64984], [-83.17545, 8.64986], [-83.17544, 8.64986], [-83.17544, 8.64986], [-83.17543, 8.64987], [-83.17541, 8.64988], [-83.17539, 8.64989], [-83.17536, 8.64991], [-83.17536, 8.64991], [-83.17534, 8.64992], [-83.17531, 8.64993], [-83.17529, 8.64993], [-83.17527, 8.64994], [-83.17524, 8.64994], [-83.17522, 8.64994], [-83.1752, 8.64994], [-83.17517, 8.64994], [-83.17515, 8.64994], [-83.17512, 8.64994], [-83.1751, 8.64993], [-83.17508, 8.64993], [-83.17506, 8.64992], [-83.17504, 8.64991], [-83.17501, 8.6499], [-83.17499, 8.64988], [-83.17497, 8.64987], [-83.17496, 8.64985], [-83.17494, 8.64984], [-83.17492, 8.64982], [-83.17491, 8.6498], [-83.17489, 8.64978], [-83.17488, 8.64976], [-83.17487, 8.64974], [-83.17486, 8.64972], [-83.17485, 8.6497], [-83.17485, 8.64968], [-83.17482, 8.64958], [-83.17477, 8.64945], [-83.17474, 8.64937], [-83.17471, 8.64929], [-83.1747, 8.64927], [-83.17469, 8.64925], [-83.17469, 8.64922], [-83.17468, 8.6492], [-83.17468, 8.64918], [-83.17468, 8.64915], [-83.17468, 8.64913], [-83.17469, 8.64894], [-83.17469, 8.64894], [-83.17469, 8.64893], [-83.1747, 8.64891], [-83.1747, 8.64889], [-83.1747, 8.64887], [-83.17471, 8.64884], [-83.17472, 8.64883], [-83.17479, 8.64866], [-83.17481, 8.64859], [-83.17483, 8.64854], [-83.17484, 8.64854], [-83.17479, 8.6485], [-83.17478, 8.64848], [-83.17477, 8.64847], [-83.17476, 8.64846], [-83.17474, 8.64845], [-83.17471, 8.64841], [-83.17465, 8.64835], [-83.1744, 8.64816], [-83.1744, 8.64816], [-83.17438, 8.64814], [-83.17436, 8.64812], [-83.17435, 8.64811], [-83.17435, 8.64811], [-83.17423, 8.64797], [-83.17415, 8.64787], [-83.17413, 8.64786], [-83.17381, 8.64752], [-83.1734, 8.64712], [-83.17329, 8.64701], [-83.17322, 8.64695], [-83.17301, 8.64675], [-83.17255, 8.64633], [-83.1725, 8.64629], [-83.17243, 8.64623], [-83.17229, 8.64609], [-83.17228, 8.64608], [-83.17226, 8.64606], [-83.17224, 8.64605], [-83.17211, 8.64588], [-83.17211, 8.64587], [-83.1721, 8.64585], [-83.17209, 8.64583], [-83.17208, 8.64582], [-83.172, 8.64568], [-83.1719, 8.64549], [-83.17189, 8.64547], [-83.17188, 8.64545], [-83.17187, 8.64544], [-83.17185, 8.64538], [-83.17183, 8.64537], [-83.17181, 8.64536], [-83.17179, 8.64534], [-83.17179, 8.64534], [-83.17169, 8.64527], [-83.17167, 8.64529], [-83.17164, 8.64535], [-83.1716, 8.64548], [-83.17157, 8.6456], [-83.17157, 8.64562], [-83.17156, 8.64564], [-83.17156, 8.64565], [-83.17151, 8.64579], [-83.17146, 8.64595], [-83.17146, 8.64596], [-83.17145, 8.64598], [-83.17145, 8.64599], [-83.17138, 8.64613], [-83.17138, 8.64614], [-83.17137, 8.64616], [-83.17136, 8.64617], [-83.17126, 8.64634], [-83.17125, 8.64635], [-83.17123, 8.64637], [-83.17122, 8.64639], [-83.1712, 8.64641], [-83.17119, 8.64642], [-83.17117, 8.64644], [-83.17115, 8.64645], [-83.17113, 8.64647], [-83.17111, 8.64648], [-83.17099, 8.64654], [-83.17098, 8.64654], [-83.17096, 8.64655], [-83.17094, 8.64655], [-83.17092, 8.64656], [-83.17089, 8.64657], [-83.17087, 8.64657], [-83.17085, 8.64657], [-83.17084, 8.64657], [-83.17068, 8.64658], [-83.17067, 8.64658], [-83.17066, 8.64658], [-83.17064, 8.64658], [-83.17062, 8.64658], [-83.17059, 8.64657], [-83.17057, 8.64657], [-83.17055, 8.64656], [-83.17052, 8.64655], [-83.17052, 8.64655], [-83.17038, 8.64649], [-83.17036, 8.64648], [-83.17034, 8.64647], [-83.17032, 8.64646], [-83.1703, 8.64644], [-83.17029, 8.64643], [-83.17028, 8.64643], [-83.17023, 8.64637], [-83.17022, 8.64636], [-83.17021, 8.64634], [-83.1702, 8.64632], [-83.17019, 8.64629], [-83.17018, 8.64627], [-83.17018, 8.64625], [-83.17017, 8.64625], [-83.17013, 8.64608], [-83.17013, 8.64606], [-83.17012, 8.64604], [-83.17012, 8.64603], [-83.1701, 8.64583], [-83.1701, 8.64581], [-83.1701, 8.64579], [-83.1701, 8.64576], [-83.1701, 8.64574], [-83.1701, 8.64572], [-83.17011, 8.64569], [-83.17011, 8.64568], [-83.17015, 8.64555], [-83.17019, 8.64545], [-83.17019, 8.64544], [-83.17026, 8.64522], [-83.17026, 8.64522], [-83.17027, 8.6452], [-83.17028, 8.64519], [-83.17039, 8.64493], [-83.1704, 8.64492], [-83.1704, 8.64492], [-83.17043, 8.64486], [-83.17045, 8.64481], [-83.17051, 8.64471], [-83.1706, 8.64452], [-83.17066, 8.64433], [-83.17065, 8.64427], [-83.17059, 8.64407], [-83.17055, 8.64398], [-83.17043, 8.64377], [-83.17043, 8.64377], [-83.17043, 8.64376], [-83.17038, 8.64367], [-83.17034, 8.6436], [-83.17025, 8.64347], [-83.17012, 8.64332], [-83.17012, 8.64331], [-83.17011, 8.6433], [-83.16999, 8.64313], [-83.16981, 8.64289], [-83.16973, 8.64282], [-83.16963, 8.64271], [-83.16961, 8.6427], [-83.1696, 8.64268], [-83.16958, 8.64266], [-83.16957, 8.64264], [-83.16957, 8.64263], [-83.16951, 8.64253], [-83.16946, 8.64247], [-83.16946, 8.64247], [-83.16944, 8.64245], [-83.16944, 8.64245], [-83.16935, 8.64255], [-83.16934, 8.64255], [-83.16933, 8.64256], [-83.16931, 8.64258], [-83.16929, 8.64259], [-83.16927, 8.64261], [-83.16925, 8.64262], [-83.16923, 8.64263], [-83.1692, 8.64263], [-83.16918, 8.64264], [-83.16916, 8.64265], [-83.16913, 8.64265], [-83.16911, 8.64265], [-83.16909, 8.64265], [-83.16906, 8.64265], [-83.16904, 8.64265], [-83.16902, 8.64265], [-83.16899, 8.64264], [-83.16897, 8.64263], [-83.16895, 8.64263], [-83.16893, 8.64262], [-83.16891, 8.6426], [-83.16889, 8.64259], [-83.16888, 8.64259], [-83.16883, 8.64255], [-83.16882, 8.64255], [-83.16875, 8.6425], [-83.16874, 8.64249], [-83.16872, 8.64248], [-83.16871, 8.64246], [-83.16861, 8.64237], [-83.16859, 8.64235], [-83.16858, 8.64233], [-83.16857, 8.64231], [-83.16855, 8.64229], [-83.16855, 8.64228], [-83.16853, 8.64223], [-83.16852, 8.64223], [-83.16852, 8.6422], [-83.16851, 8.64218], [-83.16851, 8.64216], [-83.16851, 8.64214], [-83.16846, 8.6421], [-83.16844, 8.64208], [-83.16835, 8.642], [-83.16835, 8.642], [-83.16833, 8.64199], [-83.16832, 8.64197], [-83.16832, 8.64197], [-83.16823, 8.64186], [-83.16815, 8.6418], [-83.16814, 8.64179], [-83.16812, 8.64177], [-83.1681, 8.64176], [-83.16809, 8.64174], [-83.16807, 8.64172], [-83.16806, 8.6417], [-83.16805, 8.64168], [-83.16804, 8.64166], [-83.16803, 8.64163], [-83.16803, 8.64161], [-83.16802, 8.64159], [-83.16802, 8.64157], [-83.16801, 8.64154], [-83.16801, 8.64152], [-83.16801, 8.64149], [-83.16802, 8.64147], [-83.16802, 8.64145], [-83.16801, 8.64144], [-83.16792, 8.64132], [-83.16772, 8.64113], [-83.16769, 8.64111], [-83.16731, 8.64078], [-83.16731, 8.64078]], [[-83.18884, 8.6584], [-83.18882, 8.6584], [-83.18871, 8.65866], [-83.18865, 8.65839], [-83.18857, 8.65836], [-83.18842, 8.65834], [-83.18801, 8.6587], [-83.18787, 8.65844], [-83.18774, 8.65833], [-83.18762, 8.65821], [-83.18751, 8.65821], [-83.18719, 8.65806], [-83.18709, 8.65794], [-83.18702, 8.65794], [-83.18698, 8.65777], [-83.18685, 8.65769], [-83.18672, 8.65754], [-83.18669, 8.65743], [-83.18672, 8.65731], [-83.18668, 8.6571], [-83.18643, 8.65709], [-83.18631, 8.65715], [-83.18619, 8.65704], [-83.18604, 8.65684], [-83.18586, 8.6566], [-83.18548, 8.65647], [-83.18536, 8.65623], [-83.18529, 8.65596], [-83.18537, 8.6559], [-83.18543, 8.65584], [-83.18545, 8.65577], [-83.18547, 8.65544], [-83.18521, 8.65531], [-83.18512, 8.65517], [-83.18524, 8.65489], [-83.18518, 8.65485], [-83.18501, 8.65501], [-83.18494, 8.65488], [-83.18488, 8.65487], [-83.18479, 8.65478], [-83.18483, 8.65457], [-83.18446, 8.65431], [-83.18428, 8.65435], [-83.18422, 8.65425], [-83.18471, 8.65383], [-83.18492, 8.654], [-83.18549, 8.65463], [-83.18584, 8.65509], [-83.18604, 8.65538], [-83.18616, 8.65558], [-83.18628, 8.6557], [-83.18673, 8.65605], [-83.18731, 8.65653], [-83.1874, 8.65665], [-83.18758, 8.6568], [-83.18831, 8.65732], [-83.18851, 8.65753], [-83.18856, 8.65759], [-83.1886, 8.65768], [-83.18867, 8.65785], [-83.18877, 8.65812], [-83.18884, 8.6584]], [[-83.18896, 8.65839], [-83.18889, 8.65811], [-83.18879, 8.65783], [-83.18872, 8.65766], [-83.18867, 8.65756], [-83.18861, 8.65747], [-83.1884, 8.65725], [-83.18766, 8.65671], [-83.18751, 8.65658], [-83.18741, 8.65645], [-83.18683, 8.65597], [-83.1866, 8.65579], [-83.18724, 8.65566], [-83.18763, 8.65595], [-83.18743, 8.65618], [-83.18813, 8.65671], [-83.18842, 8.65641], [-83.18859, 8.65662], [-83.18875, 8.65698], [-83.18879, 8.65709], [-83.18898, 8.65737], [-83.18903, 8.65757], [-83.18905, 8.65767], [-83.18927, 8.65783], [-83.18956, 8.65809], [-83.18944, 8.65819], [-83.18931, 8.65821], [-83.18926, 8.65827], [-83.18914, 8.65831], [-83.18896, 8.65839]]]}, "properties": {"name": "Golfito", "desig_eng": "National Wildlife Refuge", "iucn_cat": "VI", "status_yr": 1986, "gis_area": 28.68484826, "site_id": 12492, "realm": "Terrestrial", "mang_auth": "Federal or national ministry or agency"}}, {"type": "Feature", "geometry": {"type": "Polygon", "coordinates": [[[-83.75642, 9.16404], [-83.75646, 9.16408], [-83.75651, 9.16409], [-83.75651, 9.1641], [-83.75654, 9.1641], [-83.75659, 9.16417], [-83.75661, 9.16419], [-83.75661, 9.1642], [-83.75675, 9.16438], [-83.75685, 9.16446], [-83.75687, 9.16454], [-83.75687, 9.16459], [-83.75687, 9.16465], [-83.75686, 9.16475], [-83.75686, 9.16478], [-83.75687, 9.16485], [-83.75687, 9.16489], [-83.75714, 9.16502], [-83.75753, 9.16523], [-83.75796, 9.16532], [-83.75773, 9.16551], [-83.75754, 9.16581], [-83.75768, 9.16614], [-83.75769, 9.16642], [-83.75844, 9.16553], [-83.75843, 9.16549], [-83.75826, 9.16523], [-83.75802, 9.16487], [-83.7577, 9.16447], [-83.7575, 9.164], [-83.75762, 9.16367], [-83.75744, 9.16335], [-83.75734, 9.16318], [-83.75735, 9.16287], [-83.75734, 9.16264], [-83.75733, 9.16239], [-83.7572, 9.16201], [-83.75699, 9.16197], [-83.75694, 9.16196], [-83.7569, 9.16175], [-83.75688, 9.16158], [-83.75684, 9.16134], [-83.75682, 9.16117], [-83.75685, 9.16108], [-83.75686, 9.16099], [-83.75691, 9.16089], [-83.75698, 9.16066], [-83.75703, 9.16066], [-83.75704, 9.16064], [-83.75712, 9.16059], [-83.75708, 9.16004], [-83.75703, 9.15999], [-83.75706, 9.15983], [-83.75702, 9.15953], [-83.75693, 9.15928], [-83.75679, 9.15891], [-83.7567, 9.15852], [-83.75673, 9.15851], [-83.75683, 9.15847], [-83.7568, 9.15811], [-83.75667, 9.15764], [-83.75668, 9.15748], [-83.75669, 9.15722], [-83.75678, 9.15687], [-83.75673, 9.15642], [-83.7567, 9.15611], [-83.75669, 9.15565], [-83.75668, 9.15522], [-83.75667, 9.15468], [-83.75659, 9.15458], [-83.75659, 9.15455], [-83.75644, 9.15433], [-83.75664, 9.15383], [-83.75666, 9.15341], [-83.75652, 9.15317], [-83.75611, 9.15315], [-83.7559, 9.15317], [-83.75568, 9.15346], [-83.7557, 9.15378], [-83.75571, 9.15388], [-83.7552, 9.15407], [-83.75473, 9.15418], [-83.7548, 9.15406], [-83.75446, 9.15401], [-83.75388, 9.15436], [-83.75321, 9.15406], [-83.75315, 9.15403], [-83.75313, 9.15364], [-83.7536, 9.15348], [-83.75404, 9.15336], [-83.75428, 9.15327], [-83.75464, 9.15317], [-83.75547, 9.15283], [-83.75594, 9.15264], [-83.75636, 9.15249], [-83.75673, 9.15262], [-83.7568, 9.15291], [-83.75689, 9.15332], [-83.75684, 9.15367], [-83.75681, 9.15414], [-83.75684, 9.1546], [-83.7568, 9.15515], [-83.75683, 9.15566], [-83.75683, 9.1561], [-83.75688, 9.15641], [-83.75692, 9.15687], [-83.75698, 9.15732], [-83.75704, 9.15776], [-83.7571, 9.15816], [-83.7571, 9.1582], [-83.75719, 9.15867], [-83.75727, 9.1591], [-83.75735, 9.15953], [-83.75745, 9.15996], [-83.75756, 9.16035], [-83.75756, 9.16035], [-83.75757, 9.1604], [-83.75765, 9.16086], [-83.75777, 9.16128], [-83.75791, 9.16171], [-83.75802, 9.1621], [-83.75816, 9.16254], [-83.75829, 9.16298], [-83.75842, 9.16339], [-83.75853, 9.16384], [-83.75859, 9.16428], [-83.75866, 9.16453], [-83.75872, 9.16474], [-83.75874, 9.16512], [-83.75868, 9.16543], [-83.75917, 9.16585], [-83.75958, 9.1662], [-83.75965, 9.16636], [-83.78301, 9.14341], [-83.78299, 9.09459], [-83.68838, 9.09578], [-83.68806, 9.09579], [-83.6879, 9.09587], [-83.68724, 9.09585], [-83.68715, 9.09585], [-83.68708, 9.09587], [-83.68695, 9.09591], [-83.68694, 9.09591], [-83.68691, 9.0959], [-83.68689, 9.09589], [-83.68686, 9.09588], [-83.68683, 9.09588], [-83.6868, 9.09588], [-83.68677, 9.09588], [-83.68674, 9.09588], [-83.68671, 9.09588], [-83.68642, 9.09592], [-83.68641, 9.09592], [-83.68639, 9.09592], [-83.68636, 9.09593], [-83.68633, 9.09594], [-83.6863, 9.09595], [-83.68595, 9.09635], [-83.68558, 9.0978], [-83.6857, 9.09894], [-83.68602, 9.0998], [-83.68655, 9.10076], [-83.68715, 9.10136], [-83.68822, 9.10202], [-83.68904, 9.10249], [-83.68952, 9.10321], [-83.68982, 9.10378], [-83.69016, 9.10448], [-83.69032, 9.10478], [-83.69033, 9.10479], [-83.69035, 9.10481], [-83.69071, 9.10512], [-83.69116, 9.10567], [-83.69139, 9.10599], [-83.69169, 9.10632], [-83.69209, 9.10669], [-83.69247, 9.10688], [-83.69284, 9.10705], [-83.69296, 9.10709], [-83.69308, 9.10731], [-83.69348, 9.10718], [-83.69289, 9.10784], [-83.69263, 9.10822], [-83.69252, 9.10843], [-83.6924, 9.10865], [-83.69243, 9.10893], [-83.69251, 9.10914], [-83.69294, 9.11012], [-83.69338, 9.111], [-83.69412, 9.11178], [-83.69499, 9.11262], [-83.69563, 9.11299], [-83.69614, 9.11338], [-83.69671, 9.11392], [-83.69732, 9.11425], [-83.6978, 9.11466], [-83.69838, 9.11498], [-83.69903, 9.11531], [-83.69993, 9.11574], [-83.70044, 9.11598], [-83.70101, 9.11627], [-83.70142, 9.1166], [-83.70181, 9.11679], [-83.70218, 9.117], [-83.70255, 9.1172], [-83.70292, 9.1174], [-83.70326, 9.1176], [-83.70365, 9.11783], [-83.70401, 9.11805], [-83.7045, 9.11831], [-83.70471, 9.11844], [-83.70504, 9.11872], [-83.70504, 9.11872], [-83.70529, 9.11896], [-83.70554, 9.11923], [-83.70577, 9.11952], [-83.70602, 9.11982], [-83.70628, 9.12012], [-83.70656, 9.12044], [-83.70671, 9.1206], [-83.70672, 9.12061], [-83.70696, 9.12086], [-83.70716, 9.12108], [-83.70728, 9.12122], [-83.70731, 9.12126], [-83.70731, 9.12127], [-83.70749, 9.12151], [-83.70769, 9.12179], [-83.70769, 9.12181], [-83.70787, 9.12204], [-83.70806, 9.12232], [-83.70807, 9.12234], [-83.70808, 9.12236], [-83.70825, 9.12256], [-83.70839, 9.1228], [-83.70841, 9.12282], [-83.70841, 9.12282], [-83.70854, 9.12302], [-83.70876, 9.12342], [-83.70901, 9.12376], [-83.70925, 9.1241], [-83.70948, 9.12445], [-83.70972, 9.12482], [-83.71056, 9.12601], [-83.7107, 9.12614], [-83.71103, 9.12636], [-83.71142, 9.12657], [-83.71169, 9.12691], [-83.71212, 9.12714], [-83.71207, 9.12735], [-83.71208, 9.12776], [-83.71216, 9.12817], [-83.71254, 9.1284], [-83.7127, 9.12856], [-83.71301, 9.12889], [-83.71346, 9.12896], [-83.71356, 9.12909], [-83.71359, 9.12921], [-83.71348, 9.12937], [-83.71337, 9.1298], [-83.71348, 9.13], [-83.7138, 9.13031], [-83.71419, 9.13064], [-83.71445, 9.13093], [-83.71469, 9.13114], [-83.71501, 9.13145], [-83.71535, 9.13173], [-83.7157, 9.13202], [-83.71602, 9.13234], [-83.71636, 9.1326], [-83.71683, 9.13303], [-83.71708, 9.13302], [-83.71738, 9.13297], [-83.71749, 9.13292], [-83.71779, 9.13282], [-83.71801, 9.13271], [-83.71824, 9.1329], [-83.71846, 9.13303], [-83.71873, 9.13309], [-83.71888, 9.13314], [-83.71912, 9.13332], [-83.7193, 9.13338], [-83.71958, 9.13342], [-83.7199, 9.13336], [-83.72015, 9.1332], [-83.72036, 9.13307], [-83.72055, 9.13307], [-83.72072, 9.13302], [-83.72079, 9.13301], [-83.72081, 9.13301], [-83.72096, 9.1334], [-83.72113, 9.13381], [-83.72147, 9.13407], [-83.72191, 9.13421], [-83.72211, 9.13441], [-83.72239, 9.1346], [-83.72256, 9.13481], [-83.7228, 9.13511], [-83.72272, 9.13552], [-83.72267, 9.13585], [-83.72277, 9.13627], [-83.72286, 9.13654], [-83.72302, 9.13685], [-83.72312, 9.13718], [-83.72316, 9.13749], [-83.7231, 9.13777], [-83.72313, 9.13808], [-83.72324, 9.13853], [-83.72331, 9.13899], [-83.72342, 9.13934], [-83.72368, 9.13973], [-83.72407, 9.14004], [-83.72423, 9.14025], [-83.72454, 9.14046], [-83.72518, 9.14093], [-83.72555, 9.1413], [-83.72584, 9.1414], [-83.72623, 9.14174], [-83.72637, 9.14208], [-83.72675, 9.14241], [-83.72716, 9.14265], [-83.72736, 9.14297], [-83.72736, 9.14327], [-83.72724, 9.14371], [-83.72717, 9.14421], [-83.72708, 9.1447], [-83.72705, 9.1451], [-83.72735, 9.14546], [-83.72765, 9.14581], [-83.728, 9.1461], [-83.72838, 9.14633], [-83.72845, 9.14649], [-83.72873, 9.14661], [-83.7288, 9.14675], [-83.72879, 9.14689], [-83.72885, 9.14693], [-83.72897, 9.14704], [-83.72893, 9.14716], [-83.72885, 9.14731], [-83.72887, 9.14741], [-83.729, 9.14753], [-83.729, 9.14756], [-83.72902, 9.14759], [-83.72902, 9.14765], [-83.72904, 9.14777], [-83.72907, 9.14783], [-83.72905, 9.14789], [-83.72914, 9.14797], [-83.72922, 9.14801], [-83.72928, 9.14807], [-83.72919, 9.14817], [-83.72913, 9.14825], [-83.72909, 9.14834], [-83.72898, 9.14843], [-83.72891, 9.14849], [-83.72889, 9.14856], [-83.72887, 9.14866], [-83.7289, 9.14872], [-83.72886, 9.14881], [-83.72889, 9.14887], [-83.72899, 9.14892], [-83.72904, 9.14896], [-83.7292, 9.14896], [-83.72925, 9.14897], [-83.72947, 9.14898], [-83.72962, 9.14901], [-83.72967, 9.14904], [-83.72972, 9.14907], [-83.72974, 9.14915], [-83.72977, 9.14922], [-83.72984, 9.14931], [-83.72991, 9.14938], [-83.72996, 9.14941], [-83.73004, 9.14941], [-83.73014, 9.14948], [-83.73027, 9.1496], [-83.73041, 9.1497], [-83.73053, 9.14987], [-83.73065, 9.14998], [-83.73075, 9.15], [-83.73075, 9.14992], [-83.73065, 9.14979], [-83.73063, 9.14969], [-83.73057, 9.14957], [-83.73054, 9.14945], [-83.73053, 9.14936], [-83.73053, 9.14936], [-83.73056, 9.14935], [-83.73061, 9.14933], [-83.73066, 9.1493], [-83.73071, 9.14927], [-83.73075, 9.14924], [-83.73079, 9.1492], [-83.73089, 9.14907], [-83.73092, 9.14902], [-83.73096, 9.14896], [-83.73097, 9.14894], [-83.73099, 9.14891], [-83.731, 9.1489], [-83.73104, 9.14886], [-83.73105, 9.14886], [-83.73112, 9.14884], [-83.73119, 9.14882], [-83.73122, 9.14881], [-83.73126, 9.14879], [-83.73128, 9.14879], [-83.73138, 9.14857], [-83.73174, 9.14874], [-83.73221, 9.14896], [-83.73258, 9.14915], [-83.73302, 9.14932], [-83.7334, 9.14954], [-83.73375, 9.1497], [-83.73428, 9.14994], [-83.73459, 9.15008], [-83.7351, 9.15028], [-83.73544, 9.15052], [-83.73582, 9.1507], [-83.73628, 9.15089], [-83.73669, 9.15104], [-83.73716, 9.15122], [-83.73761, 9.15137], [-83.738, 9.15153], [-83.73847, 9.15168], [-83.73886, 9.15182], [-83.73931, 9.15196], [-83.73973, 9.15208], [-83.74072, 9.1524], [-83.74063, 9.15266], [-83.74048, 9.1527], [-83.74052, 9.15335], [-83.74067, 9.15353], [-83.74065, 9.15368], [-83.74065, 9.15369], [-83.74065, 9.1537], [-83.74064, 9.1538], [-83.74077, 9.15393], [-83.74097, 9.15401], [-83.74114, 9.15391], [-83.74129, 9.15395], [-83.74163, 9.15369], [-83.74182, 9.15385], [-83.74199, 9.15398], [-83.74213, 9.15395], [-83.74246, 9.15389], [-83.74256, 9.1537], [-83.74245, 9.15358], [-83.74263, 9.15358], [-83.74278, 9.15356], [-83.74291, 9.15358], [-83.743, 9.15373], [-83.74299, 9.15389], [-83.74344, 9.1541], [-83.74327, 9.15426], [-83.7438, 9.1548], [-83.74373, 9.15491], [-83.74386, 9.15488], [-83.74399, 9.15507], [-83.74425, 9.15521], [-83.74447, 9.15491], [-83.74463, 9.15477], [-83.74481, 9.1547], [-83.74489, 9.15473], [-83.74483, 9.15482], [-83.74512, 9.15488], [-83.74506, 9.1552], [-83.74526, 9.15525], [-83.74535, 9.1552], [-83.74545, 9.15519], [-83.74557, 9.1553], [-83.74558, 9.15544], [-83.74569, 9.1555], [-83.74569, 9.1555], [-83.74572, 9.15548], [-83.74572, 9.15548], [-83.74581, 9.15539], [-83.74579, 9.15537], [-83.74578, 9.15534], [-83.7458, 9.15532], [-83.74581, 9.1553], [-83.74585, 9.15532], [-83.74587, 9.15532], [-83.74607, 9.15509], [-83.74628, 9.15523], [-83.74642, 9.15508], [-83.74646, 9.15503], [-83.74654, 9.15506], [-83.74663, 9.15516], [-83.74646, 9.15532], [-83.74632, 9.15552], [-83.74624, 9.15568], [-83.74619, 9.15579], [-83.74613, 9.1559], [-83.74609, 9.15598], [-83.74596, 9.15595], [-83.74573, 9.1559], [-83.74548, 9.15592], [-83.74525, 9.15607], [-83.74518, 9.15622], [-83.74512, 9.15633], [-83.74507, 9.15642], [-83.74502, 9.15649], [-83.74539, 9.15676], [-83.7455, 9.15684], [-83.74576, 9.15702], [-83.74584, 9.15691], [-83.74587, 9.15686], [-83.74622, 9.15693], [-83.74656, 9.15687], [-83.74677, 9.15662], [-83.74693, 9.15634], [-83.74702, 9.15618], [-83.74707, 9.15606], [-83.7471, 9.15598], [-83.74716, 9.15591], [-83.74717, 9.1559], [-83.74734, 9.15581], [-83.74745, 9.15576], [-83.74765, 9.15569], [-83.74788, 9.15558], [-83.74805, 9.15543], [-83.74821, 9.15521], [-83.74829, 9.15496], [-83.74844, 9.15507], [-83.74886, 9.15536], [-83.7491, 9.15558], [-83.74925, 9.15575], [-83.7496, 9.15599], [-83.74984, 9.15619], [-83.75009, 9.15658], [-83.75028, 9.15698], [-83.75051, 9.15736], [-83.7511, 9.15801], [-83.75146, 9.15827], [-83.75181, 9.15854], [-83.75211, 9.15886], [-83.75243, 9.15919], [-83.75279, 9.15937], [-83.7532, 9.1596], [-83.75362, 9.15972], [-83.75399, 9.15996], [-83.75415, 9.16038], [-83.75445, 9.16072], [-83.75457, 9.16115], [-83.75462, 9.1616], [-83.75473, 9.16204], [-83.75485, 9.16248], [-83.75483, 9.16251], [-83.75485, 9.1626], [-83.75484, 9.16261], [-83.75482, 9.16263], [-83.7548, 9.16266], [-83.75478, 9.16269], [-83.75477, 9.1627], [-83.75472, 9.16273], [-83.75468, 9.16278], [-83.75462, 9.16281], [-83.75462, 9.16285], [-83.75461, 9.1629], [-83.75477, 9.16333], [-83.7549, 9.16367], [-83.75526, 9.16385], [-83.75571, 9.16379], [-83.75609, 9.16401], [-83.75627, 9.16405], [-83.75631, 9.16404], [-83.75634, 9.16403], [-83.75638, 9.16402], [-83.75642, 9.16404]]]}, "properties": {"name": "Marino Ballena", "desig_eng": "National Park", "iucn_cat": "II", "status_yr": 1992, "gis_area": 53.689327090000006, "site_id": 30595, "realm": "Marine", "mang_auth": "Federal or national ministry or agency"}}, {"type": "Feature", "geometry": {"type": "Polygon", "coordinates": [[[-83.24662, 8.77368], [-83.24775, 8.774], [-83.2484, 8.77465], [-83.24885, 8.77555], [-83.24882, 8.77603], [-83.2484, 8.7762], [-83.24797, 8.77642], [-83.24765, 8.77671], [-83.24765, 8.77716], [-83.24765, 8.77765], [-83.24787, 8.77826], [-83.2482, 8.77881], [-83.24875, 8.77891], [-83.24917, 8.77855], [-83.24979, 8.77781], [-83.25038, 8.77659], [-83.25073, 8.77564], [-83.2511, 8.77498], [-83.25111, 8.77458], [-83.25104, 8.77415], [-83.25057, 8.77364], [-83.25016, 8.7735], [-83.24966, 8.7735], [-83.24913, 8.77353], [-83.24867, 8.77337], [-83.24847, 8.7731], [-83.24826, 8.77259], [-83.24822, 8.77225], [-83.2483, 8.77184], [-83.24851, 8.77165], [-83.24896, 8.77151], [-83.24944, 8.77137], [-83.2498, 8.77128], [-83.25008, 8.77115], [-83.25028, 8.77084], [-83.2505, 8.7703], [-83.25076, 8.76991], [-83.25106, 8.76983], [-83.25138, 8.76993], [-83.2517, 8.77032], [-83.25192, 8.77062], [-83.25249, 8.77083], [-83.25321, 8.77106], [-83.25378, 8.77112], [-83.25424, 8.77111], [-83.25456, 8.77096], [-83.25477, 8.77064], [-83.25485, 8.77022], [-83.25485, 8.76982], [-83.25472, 8.76953], [-83.2545, 8.76919], [-83.25453, 8.76882], [-83.2548, 8.76853], [-83.2553, 8.76816], [-83.25569, 8.76783], [-83.25596, 8.76736], [-83.25617, 8.7669], [-83.25651, 8.76678], [-83.2569, 8.76705], [-83.25729, 8.7673], [-83.25814, 8.76724], [-83.25873, 8.76733], [-83.25913, 8.76754], [-83.25951, 8.76792], [-83.25974, 8.76821], [-83.25991, 8.76849], [-83.26016, 8.76858], [-83.26026, 8.76849], [-83.26065, 8.76849], [-83.26122, 8.76848], [-83.26169, 8.76827], [-83.26179, 8.76798], [-83.26172, 8.76741], [-83.26159, 8.76702], [-83.26132, 8.76656], [-83.26105, 8.76623], [-83.26105, 8.76604], [-83.26134, 8.76596], [-83.26163, 8.76604], [-83.26197, 8.76605], [-83.26235, 8.76603], [-83.26259, 8.76587], [-83.26298, 8.76582], [-83.26322, 8.76605], [-83.26329, 8.76645], [-83.26323, 8.7669], [-83.26307, 8.76752], [-83.26308, 8.76803], [-83.26322, 8.76823], [-83.26351, 8.7683], [-83.26383, 8.76811], [-83.26413, 8.7678], [-83.26451, 8.76722], [-83.26458, 8.76678], [-83.26462, 8.76634], [-83.26479, 8.76591], [-83.26511, 8.76571], [-83.26542, 8.76569], [-83.26586, 8.76587], [-83.2664, 8.76616], [-83.26676, 8.76636], [-83.2672, 8.76648], [-83.26753, 8.76641], [-83.26779, 8.76614], [-83.26832, 8.76572], [-83.26879, 8.76577], [-83.26913, 8.76598], [-83.26951, 8.76633], [-83.27, 8.7667], [-83.2704, 8.76684], [-83.27078, 8.7671], [-83.27109, 8.76732], [-83.27135, 8.76762], [-83.27172, 8.76794], [-83.27213, 8.76807], [-83.27252, 8.76816], [-83.27273, 8.76839], [-83.27302, 8.76867], [-83.27343, 8.76898], [-83.27387, 8.76906], [-83.27432, 8.76885], [-83.27472, 8.76845], [-83.27469, 8.76803], [-83.27443, 8.76758], [-83.27406, 8.76708], [-83.27393, 8.7667], [-83.27415, 8.76648], [-83.27506, 8.76649], [-83.27574, 8.76605], [-83.2763, 8.76557], [-83.27629, 8.76479], [-83.27618, 8.76443], [-83.27577, 8.76413], [-83.27529, 8.76393], [-83.27522, 8.76368], [-83.27547, 8.76339], [-83.27591, 8.76331], [-83.27642, 8.76339], [-83.27686, 8.76353], [-83.27726, 8.76313], [-83.27697, 8.76253], [-83.27679, 8.76186], [-83.27682, 8.76133], [-83.27701, 8.76073], [-83.27734, 8.76057], [-83.27757, 8.76079], [-83.27781, 8.76137], [-83.27781, 8.76193], [-83.2781, 8.7625], [-83.27848, 8.76273], [-83.27886, 8.76271], [-83.27941, 8.76217], [-83.27941, 8.76157], [-83.27936, 8.76079], [-83.27936, 8.76028], [-83.27953, 8.76003], [-83.27996, 8.76008], [-83.28042, 8.76029], [-83.28097, 8.76045], [-83.28179, 8.7606], [-83.28242, 8.76067], [-83.28259, 8.7608], [-83.28248, 8.76105], [-83.28206, 8.76147], [-83.28157, 8.76187], [-83.28153, 8.76237], [-83.28173, 8.76267], [-83.2822, 8.76287], [-83.28291, 8.76279], [-83.2837, 8.76263], [-83.28405, 8.76232], [-83.28448, 8.76167], [-83.28492, 8.7614], [-83.28554, 8.76071], [-83.28662, 8.75944], [-83.28701, 8.75876], [-83.28739, 8.75803], [-83.28739, 8.75743], [-83.28759, 8.75685], [-83.28791, 8.75614], [-83.28827, 8.75567], [-83.28855, 8.75515], [-83.28855, 8.75469], [-83.28835, 8.75415], [-83.28778, 8.75371], [-83.28709, 8.75349], [-83.28654, 8.7534], [-83.28645, 8.75309], [-83.28665, 8.75277], [-83.28718, 8.7524], [-83.28797, 8.75188], [-83.2883, 8.7515], [-83.2883, 8.75097], [-83.28801, 8.75054], [-83.28733, 8.75014], [-83.2869, 8.74981], [-83.2869, 8.74957], [-83.28726, 8.74943], [-83.28768, 8.74927], [-83.2881, 8.74901], [-83.28808, 8.74854], [-83.28781, 8.748], [-83.28752, 8.74738], [-83.28763, 8.74707], [-83.288, 8.74677], [-83.28843, 8.74665], [-83.28888, 8.74651], [-83.28922, 8.74617], [-83.28922, 8.74583], [-83.28918, 8.74539], [-83.28902, 8.74477], [-83.28889, 8.74419], [-83.2891, 8.74386], [-83.28962, 8.74377], [-83.28987, 8.74398], [-83.2901, 8.74418], [-83.29052, 8.74471], [-83.29095, 8.74494], [-83.29142, 8.74499], [-83.29186, 8.74478], [-83.29249, 8.74437], [-83.29308, 8.74403], [-83.29346, 8.74386], [-83.29397, 8.74383], [-83.29431, 8.7438], [-83.29449, 8.74357], [-83.29448, 8.74265], [-83.29406, 8.74229], [-83.29361, 8.74183], [-83.29337, 8.74136], [-83.29336, 8.741], [-83.29358, 8.74073], [-83.29417, 8.74007], [-83.29422, 8.73981], [-83.29433, 8.73964], [-83.29465, 8.73942], [-83.29509, 8.73927], [-83.29547, 8.73919], [-83.29562, 8.73881], [-83.29598, 8.73779], [-83.29632, 8.73662], [-83.2966, 8.73594], [-83.29638, 8.73485], [-83.29641, 8.73425], [-83.29655, 8.73386], [-83.29678, 8.73349], [-83.29712, 8.73307], [-83.29751, 8.73267], [-83.29755, 8.73212], [-83.29755, 8.73186], [-83.29747, 8.73157], [-83.29729, 8.73138], [-83.297, 8.73123], [-83.29613, 8.73126], [-83.29576, 8.73123], [-83.29553, 8.73102], [-83.29542, 8.7306], [-83.29549, 8.73003], [-83.29565, 8.72962], [-83.2959, 8.72913], [-83.29626, 8.72885], [-83.29663, 8.72867], [-83.29711, 8.72854], [-83.29748, 8.72833], [-83.29763, 8.7281], [-83.29817, 8.7273], [-83.29875, 8.72599], [-83.29898, 8.72584], [-83.2994, 8.72582], [-83.29979, 8.72574], [-83.30005, 8.72566], [-83.30038, 8.72556], [-83.30072, 8.72558], [-83.301, 8.7257], [-83.30152, 8.726], [-83.30205, 8.72623], [-83.30288, 8.72619], [-83.30342, 8.72598], [-83.30385, 8.72583], [-83.30427, 8.72583], [-83.30451, 8.72594], [-83.30492, 8.7262], [-83.30606, 8.72699], [-83.30682, 8.72761], [-83.30734, 8.72796], [-83.30797, 8.7282], [-83.30843, 8.7283], [-83.30894, 8.72826], [-83.30956, 8.72821], [-83.30998, 8.7281], [-83.31042, 8.72808], [-83.31079, 8.72808], [-83.31132, 8.72815], [-83.31212, 8.72841], [-83.31285, 8.72875], [-83.31349, 8.72879], [-83.32121, 8.73187], [-83.32503, 8.73125], [-83.33567, 8.72176], [-83.33848, 8.72737], [-83.33837, 8.72689], [-83.33855, 8.72693], [-83.33868, 8.72699], [-83.33878, 8.72709], [-83.33885, 8.72721], [-83.33888, 8.72735], [-83.33887, 8.72748], [-83.35476, 8.71864], [-83.35455, 8.71809], [-83.35448, 8.71797], [-83.35088, 8.71359], [-83.35077, 8.71349], [-83.35, 8.713], [-83.34902, 8.71088], [-83.34907, 8.71055], [-83.34907, 8.71055], [-83.3491, 8.70994], [-83.34949, 8.70916], [-83.34954, 8.70904], [-83.35086, 8.7039], [-83.35087, 8.70377], [-83.35064, 8.69847], [-83.35061, 8.69834], [-83.34884, 8.69334], [-83.34878, 8.69322], [-83.34833, 8.69261], [-83.34772, 8.68941], [-83.34819, 8.68811], [-83.34822, 8.68796], [-83.34829, 8.68201], [-83.34827, 8.68186], [-83.34806, 8.68074], [-83.34805, 8.6807], [-83.34773, 8.67947], [-83.34769, 8.67932], [-83.34767, 8.67928], [-83.34764, 8.67916], [-83.34727, 8.67803], [-83.34719, 8.6778], [-83.34636, 8.67586], [-83.34632, 8.67577], [-83.346, 8.67523], [-83.34573, 8.67391], [-83.34568, 8.67377], [-83.34254, 8.66854], [-83.34244, 8.66843], [-83.34059, 8.66656], [-83.34057, 8.66654], [-83.33946, 8.66567], [-83.33934, 8.66554], [-83.33925, 8.66546], [-83.33851, 8.66488], [-83.33844, 8.66483], [-83.33811, 8.66459], [-83.33795, 8.66447], [-83.33734, 8.66404], [-83.33731, 8.66403], [-83.3357, 8.66305], [-83.33558, 8.66299], [-83.33524, 8.66283], [-83.33515, 8.66272], [-83.33507, 8.66264], [-83.33435, 8.66195], [-83.33436, 8.66194], [-83.33421, 8.6618], [-83.3342, 8.66181], [-83.33405, 8.66166], [-83.334, 8.66162], [-83.33393, 8.66169], [-83.33186, 8.65978], [-83.33176, 8.6597], [-83.32962, 8.65843], [-83.32961, 8.65842], [-83.32959, 8.65841], [-83.32959, 8.65841], [-83.32955, 8.65839], [-83.32954, 8.65839], [-83.32951, 8.65837], [-83.32951, 8.65837], [-83.32948, 8.65836], [-83.32947, 8.65835], [-83.32945, 8.65834], [-83.32944, 8.65834], [-83.32941, 8.65832], [-83.32795, 8.65771], [-83.32716, 8.65722], [-83.32701, 8.65716], [-83.326, 8.65695], [-83.32603, 8.65685], [-83.32566, 8.65672], [-83.32511, 8.65663], [-83.32512, 8.6566], [-83.32471, 8.65647], [-83.32299, 8.65601], [-83.32282, 8.65597], [-83.32065, 8.65566], [-83.32053, 8.65561], [-83.32037, 8.65557], [-83.32019, 8.65553], [-83.31969, 8.65537], [-83.31955, 8.65533], [-83.31822, 8.65515], [-83.31726, 8.65497], [-83.316, 8.65384], [-83.316, 8.65384], [-83.31595, 8.65381], [-83.31595, 8.6538], [-83.31591, 8.65377], [-83.3159, 8.65377], [-83.31585, 8.65373], [-83.31585, 8.65373], [-83.31579, 8.65368], [-83.31578, 8.65368], [-83.3157, 8.65362], [-83.3157, 8.65362], [-83.31562, 8.65356], [-83.31561, 8.65356], [-83.31553, 8.6535], [-83.31553, 8.6535], [-83.31545, 8.65344], [-83.31544, 8.65343], [-83.31538, 8.65339], [-83.31537, 8.65339], [-83.31531, 8.65334], [-83.3153, 8.65334], [-83.31526, 8.65331], [-83.31526, 8.65331], [-83.31523, 8.65329], [-83.31522, 8.65328], [-83.31519, 8.65326], [-83.31519, 8.65326], [-83.31517, 8.65324], [-83.31515, 8.65324], [-83.31513, 8.65322], [-83.31513, 8.65322], [-83.31511, 8.65321], [-83.31508, 8.65319], [-83.31507, 8.65318], [-83.31507, 8.65318], [-83.31477, 8.65301], [-83.31436, 8.65261], [-83.31424, 8.65252], [-83.3141, 8.65246], [-83.30388, 8.66735], [-83.30342, 8.66731], [-83.30261, 8.66731], [-83.30201, 8.6673], [-83.30153, 8.66723], [-83.30091, 8.66701], [-83.3005, 8.66672], [-83.30011, 8.66626], [-83.29984, 8.66574], [-83.29984, 8.66536], [-83.29971, 8.66499], [-83.29939, 8.66469], [-83.299, 8.66405], [-83.2989, 8.66311], [-83.29885, 8.66248], [-83.29867, 8.66191], [-83.29852, 8.66152], [-83.29815, 8.66101], [-83.29749, 8.66001], [-83.29725, 8.65958], [-83.29706, 8.65874], [-83.29685, 8.6581], [-83.2967, 8.6575], [-83.29651, 8.65713], [-83.29615, 8.65638], [-83.29587, 8.65563], [-83.29566, 8.65516], [-83.2955, 8.65469], [-83.29547, 8.65435], [-83.29534, 8.65397], [-83.29521, 8.65366], [-83.29491, 8.65336], [-83.29472, 8.65333], [-83.29432, 8.65348], [-83.29409, 8.65366], [-83.2938, 8.65385], [-83.29341, 8.65393], [-83.29312, 8.65409], [-83.29317, 8.65458], [-83.29323, 8.65488], [-83.29314, 8.65522], [-83.29298, 8.65551], [-83.29295, 8.65632], [-83.2928, 8.65655], [-83.29269, 8.65697], [-83.29273, 8.65711], [-83.29291, 8.6571], [-83.29314, 8.65689], [-83.29333, 8.65672], [-83.29353, 8.65668], [-83.2937, 8.65685], [-83.2937, 8.65721], [-83.29359, 8.65778], [-83.29366, 8.65817], [-83.2939, 8.65831], [-83.29418, 8.65823], [-83.29447, 8.65823], [-83.2946, 8.65842], [-83.29459, 8.65864], [-83.29445, 8.65891], [-83.29438, 8.65929], [-83.29437, 8.65985], [-83.29427, 8.6602], [-83.29401, 8.66054], [-83.29374, 8.66046], [-83.29335, 8.66024], [-83.29304, 8.66036], [-83.29271, 8.66057], [-83.2923, 8.66081], [-83.29182, 8.66104], [-83.29159, 8.66129], [-83.29148, 8.66179], [-83.29148, 8.66221], [-83.29135, 8.66244], [-83.29111, 8.66265], [-83.29092, 8.66235], [-83.29092, 8.66191], [-83.29084, 8.66153], [-83.29053, 8.66118], [-83.29008, 8.66094], [-83.28933, 8.66062], [-83.28898, 8.66023], [-83.28881, 8.65964], [-83.28879, 8.659], [-83.28856, 8.6587], [-83.28812, 8.65853], [-83.28761, 8.65861], [-83.28723, 8.65861], [-83.2867, 8.65857], [-83.28623, 8.65853], [-83.28597, 8.65843], [-83.28567, 8.65843], [-83.28538, 8.65843], [-83.28512, 8.65863], [-83.28501, 8.65911], [-83.28485, 8.65957], [-83.28476, 8.66005], [-83.28457, 8.66047], [-83.28426, 8.66106], [-83.28411, 8.66141], [-83.28408, 8.66197], [-83.28394, 8.66221], [-83.2836, 8.66239], [-83.2833, 8.66254], [-83.28302, 8.66281], [-83.28301, 8.66305], [-83.28313, 8.66316], [-83.28346, 8.66326], [-83.28384, 8.6633], [-83.28423, 8.66323], [-83.28461, 8.66313], [-83.28484, 8.66296], [-83.28503, 8.66296], [-83.28503, 8.66314], [-83.28494, 8.66334], [-83.28471, 8.66358], [-83.28454, 8.66376], [-83.2845, 8.66398], [-83.28464, 8.66413], [-83.28487, 8.66433], [-83.28488, 8.66451], [-83.28464, 8.6646], [-83.28408, 8.66473], [-83.28352, 8.66487], [-83.28326, 8.66492], [-83.28306, 8.66506], [-83.28271, 8.66505], [-83.28261, 8.66485], [-83.28247, 8.66454], [-83.28211, 8.66429], [-83.28179, 8.66425], [-83.28134, 8.66424], [-83.28101, 8.66433], [-83.28036, 8.6645], [-83.27995, 8.66465], [-83.27955, 8.66467], [-83.27925, 8.66467], [-83.279, 8.66462], [-83.27841, 8.66427], [-83.27805, 8.66405], [-83.27768, 8.66406], [-83.27713, 8.66408], [-83.27665, 8.66416], [-83.27622, 8.66416], [-83.27565, 8.66408], [-83.27529, 8.66401], [-83.27488, 8.66392], [-83.27455, 8.66395], [-83.27419, 8.66409], [-83.27394, 8.6643], [-83.2737, 8.66421], [-83.27375, 8.66388], [-83.27406, 8.66358], [-83.27437, 8.6632], [-83.2746, 8.66283], [-83.27458, 8.66173], [-83.27474, 8.66119], [-83.27514, 8.66069], [-83.27544, 8.6603], [-83.27585, 8.6595], [-83.27564, 8.65949], [-83.27522, 8.65912], [-83.27504, 8.6587], [-83.27493, 8.65831], [-83.27464, 8.65798], [-83.27415, 8.65747], [-83.27355, 8.6571], [-83.27304, 8.65667], [-83.27251, 8.65625], [-83.27217, 8.65616], [-83.27169, 8.6563], [-83.2703, 8.65686], [-83.26953, 8.65708], [-83.26877, 8.65737], [-83.26817, 8.65762], [-83.26798, 8.65784], [-83.26802, 8.65817], [-83.26836, 8.65893], [-83.2684, 8.65922], [-83.26789, 8.65922], [-83.26756, 8.65922], [-83.26707, 8.6592], [-83.26647, 8.65878], [-83.26557, 8.65838], [-83.26463, 8.65807], [-83.26413, 8.65798], [-83.26351, 8.65808], [-83.26288, 8.65826], [-83.26207, 8.65855], [-83.26145, 8.65872], [-83.26074, 8.65908], [-83.26045, 8.65928], [-83.26016, 8.65977], [-83.26015, 8.66026], [-83.26035, 8.66056], [-83.26079, 8.66089], [-83.26121, 8.66133], [-83.26119, 8.66145], [-83.2609, 8.66158], [-83.26046, 8.66169], [-83.26015, 8.66185], [-83.26004, 8.66225], [-83.25986, 8.66245], [-83.25948, 8.66258], [-83.25942, 8.66287], [-83.25957, 8.66321], [-83.25958, 8.66345], [-83.2594, 8.66356], [-83.2592, 8.6635], [-83.25898, 8.66336], [-83.25847, 8.66337], [-83.2582, 8.66354], [-83.25787, 8.66392], [-83.25765, 8.66403], [-83.2573, 8.66417], [-83.25697, 8.6643], [-83.25686, 8.66464], [-83.25686, 8.66513], [-83.25673, 8.66562], [-83.25653, 8.66589], [-83.25653, 8.66622], [-83.25633, 8.66631], [-83.25615, 8.66587], [-83.25617, 8.66535], [-83.25622, 8.66478], [-83.25593, 8.6644], [-83.25533, 8.66393], [-83.25472, 8.66377], [-83.25313, 8.66625], [-83.24359, 8.6624], [-83.24287, 8.66193], [-83.24308, 8.66196], [-83.24392, 8.66193], [-83.24496, 8.66204], [-83.24552, 8.66234], [-83.24598, 8.66229], [-83.24725, 8.66235], [-83.24764, 8.6625], [-83.24835, 8.66249], [-83.24879, 8.66236], [-83.24953, 8.66204], [-83.25032, 8.66216], [-83.25163, 8.66198], [-83.25277, 8.66111], [-83.25285, 8.6604], [-83.25357, 8.65969], [-83.25365, 8.65909], [-83.25355, 8.65874], [-83.25359, 8.65857], [-83.25354, 8.6583], [-83.25339, 8.65769], [-83.25334, 8.65661], [-83.25375, 8.65646], [-83.25363, 8.65621], [-83.25351, 8.65578], [-83.25331, 8.65533], [-83.25309, 8.65466], [-83.25294, 8.65394], [-83.25287, 8.65316], [-83.2527, 8.65262], [-83.25238, 8.65217], [-83.25167, 8.65135], [-83.25151, 8.65094], [-83.25162, 8.65038], [-83.25195, 8.6499], [-83.25216, 8.64953], [-83.25221, 8.6492], [-83.25206, 8.64894], [-83.25162, 8.64879], [-83.25097, 8.64872], [-83.25042, 8.64846], [-83.25003, 8.64793], [-83.25003, 8.64739], [-83.25025, 8.64697], [-83.25033, 8.64665], [-83.25026, 8.64622], [-83.2501, 8.64592], [-83.24978, 8.64541], [-83.24943, 8.64449], [-83.24925, 8.6435], [-83.24911, 8.64286], [-83.24863, 8.64228], [-83.24814, 8.64177], [-83.24784, 8.6412], [-83.24761, 8.64063], [-83.24746, 8.63963], [-83.24742, 8.63871], [-83.24725, 8.63796], [-83.2471, 8.63758], [-83.24685, 8.63714], [-83.24639, 8.63649], [-83.24588, 8.63586], [-83.24548, 8.63523], [-83.24538, 8.63499], [-83.24534, 8.63467], [-83.2452, 8.63435], [-83.24482, 8.63383], [-83.24447, 8.63319], [-83.24421, 8.63277], [-83.24366, 8.6324], [-83.24317, 8.63215], [-83.24257, 8.6318], [-83.24201, 8.63131], [-83.24141, 8.63081], [-83.24083, 8.63042], [-83.24019, 8.63], [-83.23973, 8.6298], [-83.23928, 8.62954], [-83.23903, 8.62926], [-83.23891, 8.629], [-83.23873, 8.62867], [-83.23832, 8.62828], [-83.23786, 8.62792], [-83.23757, 8.62753], [-83.23744, 8.62715], [-83.23722, 8.62676], [-83.23703, 8.62672], [-83.23694, 8.6269], [-83.23683, 8.6274], [-83.23657, 8.62797], [-83.23626, 8.62842], [-83.23598, 8.62882], [-83.23585, 8.62916], [-83.23595, 8.6297], [-83.23598, 8.62991], [-83.23597, 8.63027], [-83.23587, 8.63064], [-83.23586, 8.63102], [-83.23583, 8.63155], [-83.23558, 8.63181], [-83.23521, 8.63199], [-83.23499, 8.63226], [-83.2347, 8.63249], [-83.23424, 8.63273], [-83.2339, 8.63278], [-83.23391, 8.63321], [-83.23354, 8.63352], [-83.23381, 8.63359], [-83.23418, 8.63359], [-83.23455, 8.63367], [-83.23504, 8.63388], [-83.23538, 8.63422], [-83.23549, 8.63425], [-83.23588, 8.63423], [-83.23626, 8.63415], [-83.23667, 8.63421], [-83.23689, 8.63437], [-83.23693, 8.63474], [-83.23691, 8.63542], [-83.23699, 8.6359], [-83.23753, 8.63637], [-83.23781, 8.6367], [-83.23777, 8.63705], [-83.23751, 8.63718], [-83.2372, 8.63722], [-83.2369, 8.63734], [-83.23655, 8.63734], [-83.23628, 8.63739], [-83.23613, 8.63754], [-83.2358, 8.63789], [-83.23554, 8.63808], [-83.23517, 8.63824], [-83.23482, 8.63838], [-83.23449, 8.63858], [-83.23443, 8.63907], [-83.23421, 8.63949], [-83.23375, 8.6399], [-83.233, 8.64019], [-83.23232, 8.64051], [-83.23161, 8.64085], [-83.23112, 8.64115], [-83.2308, 8.64147], [-83.23045, 8.64211], [-83.23039, 8.64263], [-83.23053, 8.64305], [-83.23076, 8.64334], [-83.23118, 8.6435], [-83.23174, 8.6435], [-83.23226, 8.64361], [-83.2325, 8.64389], [-83.23285, 8.64431], [-83.23311, 8.64464], [-83.23288, 8.64483], [-83.23173, 8.64495], [-83.23129, 8.64511], [-83.23085, 8.64545], [-83.23058, 8.64586], [-83.23007, 8.64641], [-83.23001, 8.64663], [-83.23006, 8.647], [-83.23007, 8.64747], [-83.22986, 8.64754], [-83.22925, 8.64754], [-83.22886, 8.6478], [-83.22886, 8.64823], [-83.22899, 8.64843], [-83.22935, 8.64882], [-83.22985, 8.64933], [-83.22987, 8.64957], [-83.22975, 8.64968], [-83.22935, 8.64968], [-83.22887, 8.64968], [-83.22859, 8.64973], [-83.22865, 8.64991], [-83.22868, 8.65007], [-83.22863, 8.65025], [-83.22845, 8.65022], [-83.22826, 8.65003], [-83.22807, 8.64983], [-83.22797, 8.64944], [-83.22793, 8.64909], [-83.22786, 8.64884], [-83.22771, 8.64863], [-83.2274, 8.64838], [-83.22734, 8.64826], [-83.2274, 8.64795], [-83.22752, 8.64765], [-83.22759, 8.64727], [-83.22761, 8.64642], [-83.22749, 8.64624], [-83.22713, 8.6459], [-83.22654, 8.64574], [-83.22598, 8.64549], [-83.22553, 8.64525], [-83.22529, 8.64523], [-83.22505, 8.64531], [-83.22481, 8.64545], [-83.22459, 8.64546], [-83.22448, 8.64529], [-83.22456, 8.6449], [-83.22474, 8.64456], [-83.22474, 8.6442], [-83.22455, 8.64383], [-83.22419, 8.64343], [-83.22391, 8.64311], [-83.22395, 8.64288], [-83.22422, 8.64281], [-83.2247, 8.64281], [-83.22519, 8.64271], [-83.22551, 8.64238], [-83.22552, 8.64206], [-83.2259, 8.64136], [-83.22543, 8.64117], [-83.22497, 8.64102], [-83.22456, 8.64059], [-83.22409, 8.63996], [-83.22368, 8.63912], [-83.22336, 8.63864], [-83.21726, 8.64813], [-83.22515, 8.65908], [-83.22215, 8.6579], [-83.2126, 8.66874], [-83.21268, 8.67434], [-83.2084, 8.67985], [-83.2022, 8.69716], [-83.20584, 8.69603], [-83.20697, 8.69649], [-83.2056, 8.70168], [-83.2073, 8.70227], [-83.20798, 8.70261], [-83.20867, 8.70296], [-83.20912, 8.70298], [-83.20951, 8.70274], [-83.21009, 8.70211], [-83.21079, 8.70193], [-83.21139, 8.70193], [-83.2119, 8.70208], [-83.21297, 8.70257], [-83.21357, 8.70328], [-83.21382, 8.70401], [-83.21446, 8.70418], [-83.21486, 8.70423], [-83.21524, 8.70443], [-83.21552, 8.70451], [-83.21576, 8.70442], [-83.21587, 8.7042], [-83.21583, 8.70402], [-83.21565, 8.70385], [-83.21536, 8.70358], [-83.21523, 8.70336], [-83.21532, 8.70293], [-83.21596, 8.70251], [-83.21731, 8.70193], [-83.21802, 8.70173], [-83.21831, 8.70173], [-83.21859, 8.70206], [-83.21886, 8.70248], [-83.2191, 8.70262], [-83.21935, 8.70253], [-83.21948, 8.70192], [-83.21966, 8.70165], [-83.21985, 8.70123], [-83.21985, 8.70094], [-83.21959, 8.70048], [-83.21934, 8.70008], [-83.21916, 8.69945], [-83.21952, 8.69878], [-83.21987, 8.69834], [-83.22033, 8.69816], [-83.22069, 8.69818], [-83.22098, 8.69827], [-83.22129, 8.69838], [-83.2216, 8.69826], [-83.22181, 8.69786], [-83.22183, 8.69697], [-83.22203, 8.69639], [-83.22228, 8.6961], [-83.22285, 8.69572], [-83.22351, 8.69554], [-83.22436, 8.69536], [-83.2248, 8.69523], [-83.22533, 8.69498], [-83.22583, 8.6947], [-83.22946, 8.69923], [-83.22928, 8.70076], [-83.22719, 8.70013], [-83.22328, 8.70193], [-83.22282, 8.70464], [-83.22073, 8.70708], [-83.22054, 8.71025], [-83.21399, 8.71865], [-83.21263, 8.7191], [-83.21197, 8.71996], [-83.21171, 8.72053], [-83.21171, 8.72107], [-83.2118, 8.72185], [-83.21176, 8.72232], [-83.21171, 8.72271], [-83.21242, 8.72329], [-83.21282, 8.7238], [-83.21311, 8.72418], [-83.21342, 8.72474], [-83.21373, 8.72527], [-83.21393, 8.72538], [-83.21448, 8.7254], [-83.21484, 8.72545], [-83.21524, 8.72589], [-83.21534, 8.72634], [-83.20262, 8.72731], [-83.20034, 8.73536], [-83.17991, 8.72177], [-83.16764, 8.72266], [-83.16782, 8.72313], [-83.16809, 8.72326], [-83.16829, 8.72357], [-83.1682, 8.72493], [-83.16843, 8.72522], [-83.16898, 8.72559], [-83.16942, 8.72577], [-83.16966, 8.72599], [-83.16987, 8.72624], [-83.17018, 8.72637], [-83.17048, 8.72637], [-83.17091, 8.7261], [-83.17141, 8.72572], [-83.17175, 8.72548], [-83.17208, 8.72547], [-83.17292, 8.72636], [-83.17357, 8.72705], [-83.17413, 8.72739], [-83.17447, 8.7275], [-83.17479, 8.72733], [-83.17513, 8.72712], [-83.17553, 8.72682], [-83.1758, 8.72685], [-83.17602, 8.727], [-83.17642, 8.72753], [-83.17687, 8.72771], [-83.17741, 8.72771], [-83.1777, 8.7277], [-83.17811, 8.72799], [-83.17828, 8.72833], [-83.17844, 8.7288], [-83.17868, 8.72908], [-83.17901, 8.72919], [-83.17924, 8.72923], [-83.17959, 8.72938], [-83.17965, 8.72961], [-83.17979, 8.73056], [-83.18003, 8.73099], [-83.18038, 8.73127], [-83.18085, 8.73134], [-83.18135, 8.73129], [-83.18189, 8.73121], [-83.18235, 8.73132], [-83.18265, 8.73154], [-83.18259, 8.73198], [-83.18251, 8.73254], [-83.18256, 8.7329], [-83.18296, 8.73343], [-83.18326, 8.73378], [-83.18331, 8.73476], [-83.18362, 8.73527], [-83.18375, 8.7357], [-83.18444, 8.73582], [-83.18561, 8.7364], [-83.18646, 8.73696], [-83.18683, 8.73744], [-83.18695, 8.73892], [-83.1873, 8.7398], [-83.18768, 8.74043], [-83.18819, 8.74087], [-83.18893, 8.74176], [-83.1893, 8.74236], [-83.18939, 8.74296], [-83.18946, 8.74368], [-83.18982, 8.74417], [-83.19035, 8.74456], [-83.19101, 8.74463], [-83.19194, 8.74434], [-83.19265, 8.74431], [-83.19336, 8.74431], [-83.1942, 8.74427], [-83.19484, 8.74457], [-83.19502, 8.74482], [-83.19553, 8.74538], [-83.19606, 8.74555], [-83.19662, 8.74557], [-83.1977, 8.74526], [-83.19867, 8.74492], [-83.19941, 8.74479], [-83.20062, 8.7448], [-83.20168, 8.74484], [-83.2026, 8.74486], [-83.2026, 8.7435], [-83.20342, 8.74305], [-83.20524, 8.73943], [-83.2076, 8.73944], [-83.20738, 8.73763], [-83.20829, 8.73555], [-83.20942, 8.73627], [-83.21169, 8.73809], [-83.21487, 8.74171], [-83.21487, 8.74532], [-83.21532, 8.74804], [-83.21522, 8.74984], [-83.21668, 8.74939], [-83.21895, 8.75098], [-83.21931, 8.75437], [-83.21941, 8.75421], [-83.21954, 8.75418], [-83.21964, 8.7542], [-83.21971, 8.75434], [-83.21979, 8.75556], [-83.21983, 8.75592], [-83.22003, 8.75648], [-83.22039, 8.75699], [-83.22079, 8.75728], [-83.22129, 8.75734], [-83.22243, 8.75727], [-83.223, 8.75723], [-83.22355, 8.75738], [-83.224, 8.75756], [-83.2242, 8.75782], [-83.22457, 8.75809], [-83.2251, 8.75834], [-83.22559, 8.75856], [-83.2261, 8.75911], [-83.22615, 8.75956], [-83.2259, 8.75987], [-83.22544, 8.76001], [-83.22493, 8.76025], [-83.22467, 8.7605], [-83.22447, 8.76107], [-83.22458, 8.76143], [-83.22465, 8.76205], [-83.22449, 8.7625], [-83.22416, 8.76304], [-83.22394, 8.76339], [-83.22388, 8.76391], [-83.22375, 8.76435], [-83.22359, 8.76471], [-83.22357, 8.76527], [-83.22373, 8.76587], [-83.22404, 8.76618], [-83.22424, 8.76627], [-83.22464, 8.76667], [-83.22497, 8.76686], [-83.22667, 8.76679], [-83.2271, 8.76671], [-83.22778, 8.76637], [-83.22836, 8.76605], [-83.22844, 8.76572], [-83.22835, 8.76541], [-83.22827, 8.7649], [-83.22835, 8.7645], [-83.22855, 8.7642], [-83.22908, 8.76414], [-83.22986, 8.76423], [-83.23026, 8.76429], [-83.23036, 8.76445], [-83.23068, 8.76451], [-83.23105, 8.76444], [-83.23139, 8.76444], [-83.23147, 8.76449], [-83.23181, 8.76447], [-83.23198, 8.76429], [-83.23225, 8.76424], [-83.23253, 8.76438], [-83.23289, 8.76471], [-83.23331, 8.76504], [-83.23353, 8.76528], [-83.23386, 8.76566], [-83.23387, 8.76593], [-83.23384, 8.76637], [-83.23372, 8.76704], [-83.2335, 8.76754], [-83.23347, 8.76863], [-83.23329, 8.7691], [-83.23284, 8.76978], [-83.23251, 8.77027], [-83.23236, 8.77069], [-83.23232, 8.77144], [-83.23244, 8.77182], [-83.23252, 8.77203], [-83.23271, 8.77234], [-83.23275, 8.77257], [-83.23277, 8.77283], [-83.23278, 8.77305], [-83.23296, 8.77327], [-83.23324, 8.77343], [-83.2336, 8.77353], [-83.23406, 8.77353], [-83.23443, 8.77339], [-83.23479, 8.77316], [-83.23516, 8.77292], [-83.2355, 8.77292], [-83.23572, 8.77304], [-83.23594, 8.77368], [-83.23597, 8.77427], [-83.23613, 8.77444], [-83.23638, 8.77446], [-83.23666, 8.77434], [-83.23743, 8.77432], [-83.23778, 8.77417], [-83.23872, 8.77414], [-83.23908, 8.77415], [-83.23963, 8.77414], [-83.24006, 8.77403], [-83.24063, 8.77373], [-83.24112, 8.77341], [-83.24152, 8.77298], [-83.24188, 8.77267], [-83.2423, 8.77256], [-83.24259, 8.77262], [-83.24281, 8.77299], [-83.24277, 8.7736], [-83.24231, 8.77429], [-83.2419, 8.77493], [-83.24171, 8.77565], [-83.24175, 8.77591], [-83.24209, 8.7762], [-83.24272, 8.77634], [-83.24328, 8.77638], [-83.24386, 8.77626], [-83.24435, 8.77604], [-83.24488, 8.77562], [-83.24506, 8.77518], [-83.24513, 8.77463], [-83.24532, 8.77412], [-83.24564, 8.77384], [-83.24612, 8.77367], [-83.24662, 8.77368]], [[-83.3315, 8.7005], [-83.33151, 8.7005], [-83.33151, 8.7005], [-83.33151, 8.7005], [-83.33152, 8.70051], [-83.33155, 8.70054], [-83.33155, 8.70054], [-83.33156, 8.70054], [-83.33156, 8.70055], [-83.33164, 8.70065], [-83.33164, 8.70065], [-83.33164, 8.70065], [-83.33165, 8.70066], [-83.33165, 8.70067], [-83.33165, 8.70067], [-83.33165, 8.70067], [-83.33166, 8.70068], [-83.33167, 8.70069], [-83.33167, 8.7007], [-83.33168, 8.70071], [-83.33169, 8.70072], [-83.33169, 8.70073], [-83.3317, 8.70074], [-83.3317, 8.70074], [-83.3317, 8.70074], [-83.3317, 8.70075], [-83.3317, 8.70075], [-83.33171, 8.70075], [-83.33171, 8.70076], [-83.33171, 8.70076], [-83.33171, 8.70076], [-83.33171, 8.70076], [-83.33172, 8.70077], [-83.33172, 8.70077], [-83.33172, 8.70078], [-83.33173, 8.70078], [-83.33173, 8.70078], [-83.33173, 8.70078], [-83.33173, 8.70079], [-83.33174, 8.70079], [-83.33174, 8.7008], [-83.33175, 8.70081], [-83.33176, 8.70082], [-83.33177, 8.70083], [-83.33177, 8.70083], [-83.33178, 8.70084], [-83.33179, 8.70085], [-83.3318, 8.70086], [-83.3318, 8.70086], [-83.3318, 8.70087], [-83.33181, 8.70087], [-83.33182, 8.70088], [-83.33183, 8.70089], [-83.33183, 8.7009], [-83.33183, 8.7009], [-83.33184, 8.70091], [-83.33185, 8.70092], [-83.33186, 8.70092], [-83.33186, 8.70093], [-83.33187, 8.70093], [-83.33187, 8.70093], [-83.33188, 8.70094], [-83.33189, 8.70095], [-83.3319, 8.70096], [-83.3319, 8.70096], [-83.3319, 8.70096], [-83.33191, 8.70096], [-83.33191, 8.70097], [-83.33191, 8.70097], [-83.33191, 8.70097], [-83.33192, 8.70097], [-83.33192, 8.70098], [-83.33193, 8.70098], [-83.33193, 8.70098], [-83.33194, 8.70099], [-83.33194, 8.70099], [-83.33194, 8.70099], [-83.33208, 8.70109], [-83.33209, 8.7011], [-83.3321, 8.7011], [-83.3321, 8.70111], [-83.3321, 8.70111], [-83.33211, 8.70111], [-83.33211, 8.70112], [-83.33212, 8.70113], [-83.33212, 8.70113], [-83.33212, 8.70113], [-83.33213, 8.70113], [-83.33213, 8.70114], [-83.33213, 8.70114], [-83.33213, 8.70114], [-83.33214, 8.70115], [-83.33214, 8.70115], [-83.33214, 8.70115], [-83.33215, 8.70116], [-83.33216, 8.70117], [-83.33216, 8.70117], [-83.33216, 8.70117], [-83.33217, 8.70118], [-83.33218, 8.70118], [-83.33218, 8.70118], [-83.33218, 8.70119], [-83.33219, 8.7012], [-83.33219, 8.7012], [-83.3322, 8.70121], [-83.3322, 8.70121], [-83.3322, 8.70121], [-83.33221, 8.70121], [-83.33221, 8.70122], [-83.33221, 8.70122], [-83.33221, 8.70122], [-83.33221, 8.70122], [-83.33222, 8.70123], [-83.33222, 8.70123], [-83.33223, 8.70124], [-83.33223, 8.70124], [-83.33223, 8.70124], [-83.33223, 8.70124], [-83.33224, 8.70125], [-83.33224, 8.70125], [-83.33224, 8.70125], [-83.33225, 8.70126], [-83.33225, 8.70127], [-83.33226, 8.70127], [-83.33227, 8.70128], [-83.33227, 8.70129], [-83.33227, 8.70129], [-83.33228, 8.70129], [-83.33228, 8.7013], [-83.33228, 8.7013], [-83.33229, 8.7013], [-83.33229, 8.7013], [-83.33229, 8.70131], [-83.33229, 8.70131], [-83.33229, 8.70131], [-83.3323, 8.70132], [-83.3323, 8.70132], [-83.33231, 8.70132], [-83.33232, 8.70133], [-83.33232, 8.70133], [-83.33232, 8.70133], [-83.33232, 8.70133], [-83.33232, 8.70133], [-83.33241, 8.7014], [-83.33242, 8.70141], [-83.33242, 8.70141], [-83.33242, 8.70142], [-83.33242, 8.70142], [-83.33243, 8.70142], [-83.33243, 8.70142], [-83.33243, 8.70142], [-83.33244, 8.70143], [-83.33244, 8.70143], [-83.33247, 8.70146], [-83.33248, 8.70147], [-83.33248, 8.70147], [-83.33249, 8.70147], [-83.33249, 8.70147], [-83.33249, 8.70148], [-83.3325, 8.70149], [-83.3325, 8.70149], [-83.33251, 8.70149], [-83.33251, 8.7015], [-83.33254, 8.70152], [-83.33256, 8.70153], [-83.33257, 8.70154], [-83.33258, 8.70155], [-83.33259, 8.70156], [-83.33261, 8.70157], [-83.33261, 8.70157], [-83.33261, 8.70157], [-83.33271, 8.70167], [-83.33277, 8.70178], [-83.33279, 8.70191], [-83.33278, 8.70205], [-83.33273, 8.70217], [-83.33272, 8.70218], [-83.33272, 8.70218], [-83.33272, 8.70218], [-83.33272, 8.70219], [-83.33271, 8.70219], [-83.3327, 8.70222], [-83.33263, 8.70192], [-83.33241, 8.7017], [-83.33214, 8.70154], [-83.33163, 8.70113], [-83.33129, 8.70075], [-83.3307, 8.70074], [-83.33013, 8.70074], [-83.32987, 8.70067], [-83.32961, 8.70054], [-83.32943, 8.70031], [-83.32947, 8.70005], [-83.32961, 8.69974], [-83.32945, 8.69949], [-83.32916, 8.69926], [-83.32882, 8.69896], [-83.32857, 8.69875], [-83.32841, 8.69851], [-83.32846, 8.69828], [-83.32874, 8.69824], [-83.3297, 8.6982], [-83.33009, 8.69806], [-83.33041, 8.69775], [-83.33035, 8.6972], [-83.33019, 8.69677], [-83.33017, 8.69542], [-83.32996, 8.69505], [-83.32948, 8.69444], [-83.32881, 8.69407], [-83.32827, 8.69385], [-83.32779, 8.69369], [-83.32716, 8.69355], [-83.3266, 8.69348], [-83.32622, 8.69339], [-83.32598, 8.69336], [-83.32589, 8.69317], [-83.32598, 8.69294], [-83.32612, 8.69265], [-83.3262, 8.69246], [-83.32615, 8.69234], [-83.32594, 8.69235], [-83.32568, 8.6925], [-83.32557, 8.69241], [-83.32574, 8.69215], [-83.32589, 8.69178], [-83.32614, 8.69162], [-83.32634, 8.69138], [-83.32612, 8.69123], [-83.32588, 8.69096], [-83.32588, 8.69043], [-83.32571, 8.69031], [-83.32554, 8.69053], [-83.32521, 8.69091], [-83.32502, 8.69092], [-83.32486, 8.6906], [-83.32483, 8.69016], [-83.3246, 8.68971], [-83.32426, 8.68933], [-83.32381, 8.68903], [-83.32347, 8.689], [-83.3231, 8.68911], [-83.32275, 8.68923], [-83.32269, 8.68907], [-83.32284, 8.68878], [-83.32277, 8.68851], [-83.32254, 8.68817], [-83.32265, 8.68801], [-83.32306, 8.68806], [-83.32358, 8.68827], [-83.32396, 8.68833], [-83.32418, 8.68825], [-83.32441, 8.68789], [-83.32458, 8.68755], [-83.32491, 8.68729], [-83.32547, 8.68728], [-83.32581, 8.68722], [-83.32585, 8.68702], [-83.3256, 8.68664], [-83.32506, 8.68602], [-83.32506, 8.68567], [-83.32521, 8.68533], [-83.3254, 8.68497], [-83.32606, 8.68506], [-83.3266, 8.68519], [-83.32723, 8.68518], [-83.32777, 8.68505], [-83.32811, 8.68509], [-83.32811, 8.68509], [-83.3281, 8.68509], [-83.32809, 8.68509], [-83.32808, 8.68509], [-83.32808, 8.68509], [-83.32807, 8.68509], [-83.32807, 8.68509], [-83.32807, 8.68509], [-83.32806, 8.68509], [-83.32805, 8.68509], [-83.32805, 8.68509], [-83.32804, 8.68509], [-83.32804, 8.68509], [-83.32804, 8.68509], [-83.32804, 8.68509], [-83.32803, 8.68509], [-83.32802, 8.68509], [-83.32801, 8.68509], [-83.32801, 8.68509], [-83.328, 8.68509], [-83.32796, 8.68509], [-83.32795, 8.68509], [-83.32794, 8.6851], [-83.32793, 8.6851], [-83.32792, 8.68511], [-83.32792, 8.68511], [-83.32792, 8.68511], [-83.32792, 8.68511], [-83.32791, 8.68512], [-83.32791, 8.68513], [-83.32791, 8.68513], [-83.32791, 8.68513], [-83.32782, 8.68525], [-83.32769, 8.68533], [-83.32742, 8.68546], [-83.32704, 8.68563], [-83.32659, 8.68591], [-83.32641, 8.68616], [-83.32616, 8.68685], [-83.32602, 8.68825], [-83.32628, 8.68945], [-83.32683, 8.6908], [-83.32683, 8.6908], [-83.32686, 8.69085], [-83.32688, 8.69101], [-83.32685, 8.69117], [-83.32684, 8.69119], [-83.32684, 8.69119], [-83.32684, 8.69119], [-83.32684, 8.6912], [-83.32684, 8.69121], [-83.32684, 8.69121], [-83.32684, 8.69122], [-83.32683, 8.69123], [-83.32683, 8.69124], [-83.32683, 8.69125], [-83.32683, 8.69125], [-83.32683, 8.69126], [-83.32683, 8.69126], [-83.32683, 8.69127], [-83.32683, 8.69128], [-83.32683, 8.69128], [-83.32683, 8.69129], [-83.32683, 8.69129], [-83.32683, 8.69129], [-83.32683, 8.6913], [-83.32683, 8.69131], [-83.32683, 8.69131], [-83.32683, 8.69131], [-83.32683, 8.69132], [-83.32683, 8.69132], [-83.32683, 8.69133], [-83.32683, 8.69133], [-83.32684, 8.69134], [-83.32684, 8.69134], [-83.32684, 8.69135], [-83.32684, 8.69135], [-83.32684, 8.69136], [-83.32685, 8.69137], [-83.32685, 8.69138], [-83.32686, 8.69139], [-83.32685, 8.69139], [-83.32689, 8.69151], [-83.3269, 8.69152], [-83.3269, 8.69152], [-83.3269, 8.69152], [-83.3269, 8.69153], [-83.3269, 8.69153], [-83.3269, 8.69153], [-83.32691, 8.69155], [-83.32691, 8.69157], [-83.32691, 8.69157], [-83.32692, 8.69158], [-83.32692, 8.69158], [-83.32692, 8.69158], [-83.32692, 8.69158], [-83.32692, 8.69159], [-83.32692, 8.69159], [-83.32692, 8.69159], [-83.32693, 8.6916], [-83.32693, 8.6916], [-83.32693, 8.6916], [-83.32693, 8.69161], [-83.32693, 8.69161], [-83.32693, 8.69162], [-83.32694, 8.69162], [-83.32694, 8.69162], [-83.32694, 8.69163], [-83.32694, 8.69163], [-83.32694, 8.69163], [-83.32695, 8.69164], [-83.32695, 8.69164], [-83.32695, 8.69165], [-83.32696, 8.69166], [-83.32696, 8.69166], [-83.32697, 8.69167], [-83.32697, 8.69168], [-83.32698, 8.69168], [-83.32698, 8.69169], [-83.32699, 8.6917], [-83.32699, 8.69171], [-83.327, 8.69171], [-83.327, 8.69172], [-83.327, 8.69172], [-83.327, 8.69172], [-83.327, 8.69173], [-83.327, 8.69173], [-83.32701, 8.69173], [-83.32701, 8.69173], [-83.32701, 8.69173], [-83.32701, 8.69174], [-83.32701, 8.69174], [-83.32702, 8.69174], [-83.32702, 8.69175], [-83.32702, 8.69175], [-83.32702, 8.69175], [-83.32702, 8.69175], [-83.32702, 8.69176], [-83.32703, 8.69176], [-83.32704, 8.69177], [-83.32704, 8.69177], [-83.32704, 8.69178], [-83.32704, 8.69178], [-83.32704, 8.69178], [-83.32705, 8.69179], [-83.32706, 8.6918], [-83.32706, 8.69181], [-83.32707, 8.69181], [-83.32707, 8.69182], [-83.32707, 8.69182], [-83.32708, 8.69183], [-83.32711, 8.69186], [-83.32711, 8.69187], [-83.32711, 8.69187], [-83.32712, 8.69188], [-83.32712, 8.69188], [-83.32712, 8.69188], [-83.32712, 8.69188], [-83.32713, 8.69188], [-83.32713, 8.69189], [-83.32718, 8.69195], [-83.32719, 8.69196], [-83.32719, 8.69196], [-83.32719, 8.69197], [-83.3272, 8.69198], [-83.3272, 8.69199], [-83.3272, 8.69199], [-83.32722, 8.69202], [-83.32722, 8.69202], [-83.32722, 8.69202], [-83.32723, 8.69202], [-83.32723, 8.69203], [-83.32723, 8.69203], [-83.32724, 8.69204], [-83.32724, 8.69205], [-83.32724, 8.69205], [-83.32725, 8.69206], [-83.32727, 8.6921], [-83.32728, 8.69211], [-83.32728, 8.69211], [-83.32728, 8.69212], [-83.32728, 8.69212], [-83.32729, 8.69212], [-83.32729, 8.69212], [-83.32729, 8.69213], [-83.32729, 8.69213], [-83.32729, 8.69213], [-83.32729, 8.69213], [-83.3273, 8.69214], [-83.3273, 8.69214], [-83.3273, 8.69214], [-83.32731, 8.69215], [-83.32731, 8.69215], [-83.32731, 8.69216], [-83.32732, 8.69216], [-83.32733, 8.69217], [-83.32733, 8.69217], [-83.32733, 8.69217], [-83.32734, 8.69219], [-83.32735, 8.6922], [-83.32735, 8.6922], [-83.32736, 8.69221], [-83.32736, 8.69221], [-83.32736, 8.69221], [-83.32737, 8.69222], [-83.32737, 8.69222], [-83.32737, 8.69222], [-83.32738, 8.69222], [-83.32738, 8.69223], [-83.32738, 8.69223], [-83.32739, 8.69223], [-83.32739, 8.69223], [-83.32739, 8.69224], [-83.3274, 8.69224], [-83.32741, 8.69225], [-83.32741, 8.69225], [-83.32742, 8.69226], [-83.32742, 8.69226], [-83.32743, 8.69226], [-83.32743, 8.69226], [-83.32743, 8.69227], [-83.32745, 8.69228], [-83.32746, 8.69229], [-83.32746, 8.69229], [-83.32746, 8.69229], [-83.32746, 8.69229], [-83.32746, 8.69229], [-83.32747, 8.6923], [-83.32747, 8.6923], [-83.32747, 8.6923], [-83.32747, 8.6923], [-83.32747, 8.6923], [-83.32748, 8.6923], [-83.32748, 8.69231], [-83.32748, 8.69231], [-83.32748, 8.69231], [-83.32749, 8.69231], [-83.32749, 8.69231], [-83.32749, 8.69232], [-83.32749, 8.69232], [-83.3275, 8.69233], [-83.32751, 8.69234], [-83.32751, 8.69234], [-83.32752, 8.69235], [-83.32753, 8.69235], [-83.32753, 8.69236], [-83.32754, 8.69236], [-83.32754, 8.69236], [-83.32754, 8.69236], [-83.32754, 8.69237], [-83.32754, 8.69237], [-83.32755, 8.69237], [-83.32755, 8.69237], [-83.32755, 8.69237], [-83.32755, 8.69238], [-83.32755, 8.69238], [-83.32756, 8.69238], [-83.32756, 8.69238], [-83.32756, 8.69238], [-83.32756, 8.69238], [-83.32756, 8.69239], [-83.32757, 8.69239], [-83.32757, 8.69239], [-83.32757, 8.69239], [-83.32757, 8.69239], [-83.32757, 8.69239], [-83.32758, 8.6924], [-83.32758, 8.6924], [-83.32759, 8.69241], [-83.32759, 8.69241], [-83.3276, 8.69242], [-83.3276, 8.69242], [-83.32761, 8.69243], [-83.32762, 8.69244], [-83.32762, 8.69244], [-83.32763, 8.69244], [-83.32763, 8.69245], [-83.32763, 8.69245], [-83.32764, 8.69245], [-83.32764, 8.69246], [-83.32764, 8.69246], [-83.32765, 8.69246], [-83.32765, 8.69247], [-83.32765, 8.69247], [-83.32766, 8.69247], [-83.32766, 8.69247], [-83.32766, 8.69247], [-83.32766, 8.69247], [-83.32767, 8.69248], [-83.32768, 8.69249], [-83.32769, 8.6925], [-83.3277, 8.69251], [-83.32771, 8.69252], [-83.32771, 8.69252], [-83.32772, 8.69253], [-83.32773, 8.69254], [-83.32774, 8.69254], [-83.32774, 8.69254], [-83.32774, 8.69255], [-83.32777, 8.69257], [-83.32777, 8.69257], [-83.32784, 8.69262], [-83.32784, 8.69262], [-83.32784, 8.69262], [-83.32784, 8.69262], [-83.32785, 8.69263], [-83.32785, 8.69263], [-83.32786, 8.69263], [-83.32786, 8.69263], [-83.32786, 8.69264], [-83.32793, 8.6927], [-83.32793, 8.69271], [-83.32794, 8.69271], [-83.32794, 8.69272], [-83.32794, 8.69272], [-83.32795, 8.69272], [-83.32795, 8.69273], [-83.328, 8.69279], [-83.328, 8.69279], [-83.32802, 8.69283], [-83.32803, 8.69284], [-83.32803, 8.69285], [-83.32803, 8.69285], [-83.32804, 8.69286], [-83.32805, 8.69287], [-83.32805, 8.69287], [-83.32805, 8.69288], [-83.32806, 8.69288], [-83.32806, 8.69289], [-83.32807, 8.6929], [-83.32807, 8.6929], [-83.32807, 8.69291], [-83.32808, 8.69291], [-83.32808, 8.69292], [-83.32808, 8.69292], [-83.3281, 8.69294], [-83.3281, 8.69295], [-83.3281, 8.69295], [-83.32811, 8.69295], [-83.32811, 8.69295], [-83.32811, 8.69296], [-83.32811, 8.69296], [-83.32811, 8.69296], [-83.32812, 8.69296], [-83.32812, 8.69297], [-83.32812, 8.69297], [-83.32812, 8.69297], [-83.32813, 8.69298], [-83.32813, 8.69298], [-83.32813, 8.69298], [-83.32813, 8.69298], [-83.32814, 8.69299], [-83.32814, 8.69299], [-83.32818, 8.69305], [-83.32818, 8.69305], [-83.32821, 8.69309], [-83.32822, 8.69309], [-83.32822, 8.6931], [-83.32822, 8.6931], [-83.32823, 8.69311], [-83.32823, 8.69311], [-83.32823, 8.69311], [-83.32823, 8.69312], [-83.32824, 8.69312], [-83.32825, 8.69313], [-83.32825, 8.69314], [-83.32826, 8.69314], [-83.32826, 8.69314], [-83.32827, 8.69315], [-83.32827, 8.69316], [-83.32828, 8.69316], [-83.32828, 8.69316], [-83.32828, 8.69317], [-83.32829, 8.69317], [-83.32829, 8.69317], [-83.3283, 8.69318], [-83.3283, 8.69318], [-83.3283, 8.69319], [-83.32831, 8.6932], [-83.32832, 8.69321], [-83.32833, 8.69322], [-83.32834, 8.69323], [-83.32834, 8.69323], [-83.32835, 8.69324], [-83.32835, 8.69324], [-83.32836, 8.69325], [-83.32837, 8.69326], [-83.32837, 8.69326], [-83.32837, 8.69326], [-83.32838, 8.69327], [-83.32838, 8.69327], [-83.32838, 8.69327], [-83.32839, 8.69327], [-83.32839, 8.69328], [-83.32839, 8.69328], [-83.32839, 8.69328], [-83.3284, 8.69328], [-83.3284, 8.69328], [-83.3284, 8.69329], [-83.3284, 8.69329], [-83.32841, 8.69329], [-83.32841, 8.69329], [-83.32841, 8.69329], [-83.32842, 8.6933], [-83.32844, 8.69331], [-83.32844, 8.69331], [-83.32845, 8.69332], [-83.32847, 8.69333], [-83.32848, 8.69333], [-83.32849, 8.69334], [-83.3285, 8.69335], [-83.32851, 8.69335], [-83.32851, 8.69335], [-83.32851, 8.69336], [-83.32853, 8.69337], [-83.32853, 8.69337], [-83.32862, 8.69342], [-83.32863, 8.69343], [-83.32864, 8.69344], [-83.32864, 8.69344], [-83.32867, 8.69345], [-83.32867, 8.69346], [-83.32868, 8.69346], [-83.32869, 8.69347], [-83.32869, 8.69347], [-83.32871, 8.69348], [-83.32871, 8.69348], [-83.32872, 8.69349], [-83.32872, 8.69349], [-83.32874, 8.6935], [-83.32876, 8.69351], [-83.32877, 8.69352], [-83.32877, 8.69352], [-83.32879, 8.69352], [-83.32879, 8.69352], [-83.3288, 8.69353], [-83.32881, 8.69354], [-83.32882, 8.69354], [-83.32882, 8.69354], [-83.32882, 8.69354], [-83.32883, 8.69355], [-83.32884, 8.69355], [-83.32884, 8.69355], [-83.32884, 8.69355], [-83.32884, 8.69355], [-83.32885, 8.69356], [-83.32885, 8.69356], [-83.32886, 8.69356], [-83.32887, 8.69356], [-83.32888, 8.69357], [-83.32889, 8.69358], [-83.32889, 8.69358], [-83.3289, 8.69358], [-83.32892, 8.69359], [-83.32892, 8.69359], [-83.32893, 8.6936], [-83.32895, 8.69361], [-83.32895, 8.69361], [-83.32907, 8.69369], [-83.32908, 8.6937], [-83.32908, 8.6937], [-83.32909, 8.69371], [-83.3291, 8.69372], [-83.32911, 8.69373], [-83.32912, 8.69374], [-83.32912, 8.69374], [-83.32913, 8.69375], [-83.32914, 8.69376], [-83.32915, 8.69377], [-83.32916, 8.69378], [-83.32917, 8.69378], [-83.32918, 8.69379], [-83.32918, 8.69379], [-83.32918, 8.6938], [-83.32919, 8.6938], [-83.3292, 8.69382], [-83.32921, 8.69382], [-83.32921, 8.69383], [-83.32922, 8.69383], [-83.32923, 8.69384], [-83.32923, 8.69384], [-83.32934, 8.69396], [-83.32935, 8.69397], [-83.32935, 8.69397], [-83.32936, 8.69398], [-83.32936, 8.69398], [-83.32937, 8.69398], [-83.32937, 8.69399], [-83.32938, 8.69399], [-83.32938, 8.694], [-83.32938, 8.694], [-83.32939, 8.69401], [-83.32939, 8.69401], [-83.3294, 8.69401], [-83.3294, 8.69402], [-83.3294, 8.69402], [-83.32941, 8.69402], [-83.32941, 8.69403], [-83.32941, 8.69403], [-83.32942, 8.69404], [-83.32942, 8.69404], [-83.32943, 8.69404], [-83.32943, 8.69405], [-83.32944, 8.69406], [-83.32944, 8.69406], [-83.32945, 8.69407], [-83.32945, 8.69407], [-83.32946, 8.69408], [-83.32946, 8.69408], [-83.32947, 8.69409], [-83.32947, 8.69409], [-83.32948, 8.6941], [-83.32949, 8.69411], [-83.3295, 8.69412], [-83.32951, 8.69413], [-83.32952, 8.69414], [-83.32952, 8.69415], [-83.32953, 8.69416], [-83.32954, 8.69416], [-83.32954, 8.69417], [-83.32955, 8.69417], [-83.32956, 8.69418], [-83.32956, 8.69418], [-83.32957, 8.69419], [-83.32957, 8.69419], [-83.32957, 8.69419], [-83.32958, 8.6942], [-83.32958, 8.6942], [-83.32958, 8.6942], [-83.32959, 8.69421], [-83.32962, 8.69424], [-83.32963, 8.69425], [-83.32963, 8.69425], [-83.32963, 8.69426], [-83.32964, 8.69427], [-83.32965, 8.69427], [-83.32965, 8.69428], [-83.32966, 8.69428], [-83.32967, 8.69429], [-83.32967, 8.69429], [-83.32968, 8.6943], [-83.32969, 8.69431], [-83.3297, 8.69432], [-83.3297, 8.69432], [-83.32971, 8.69433], [-83.32973, 8.69436], [-83.32975, 8.69438], [-83.32975, 8.69438], [-83.32976, 8.69439], [-83.32977, 8.6944], [-83.32978, 8.69441], [-83.32979, 8.69442], [-83.3298, 8.69443], [-83.32981, 8.69443], [-83.32983, 8.69446], [-83.32983, 8.69446], [-83.32984, 8.69447], [-83.32984, 8.69447], [-83.32985, 8.69447], [-83.32985, 8.69448], [-83.32986, 8.69449], [-83.32987, 8.6945], [-83.32987, 8.6945], [-83.32987, 8.6945], [-83.32988, 8.69451], [-83.32989, 8.69452], [-83.3299, 8.69453], [-83.3299, 8.69453], [-83.3299, 8.69453], [-83.3299, 8.69453], [-83.32991, 8.69454], [-83.32992, 8.69454], [-83.32995, 8.69456], [-83.32995, 8.69456], [-83.3301, 8.69465], [-83.3301, 8.69465], [-83.33011, 8.69465], [-83.33011, 8.69465], [-83.33011, 8.69466], [-83.33011, 8.69466], [-83.33012, 8.69467], [-83.33012, 8.69467], [-83.33013, 8.69467], [-83.33013, 8.69467], [-83.33013, 8.69468], [-83.33014, 8.69468], [-83.33014, 8.69469], [-83.33021, 8.69478], [-83.33021, 8.69478], [-83.33022, 8.69478], [-83.33022, 8.6948], [-83.33022, 8.6948], [-83.33023, 8.69481], [-83.33024, 8.69482], [-83.33025, 8.69484], [-83.33026, 8.69485], [-83.33026, 8.69487], [-83.33027, 8.69487], [-83.33027, 8.69488], [-83.33028, 8.69489], [-83.33028, 8.69489], [-83.33028, 8.69489], [-83.33029, 8.6949], [-83.3303, 8.69491], [-83.3303, 8.69491], [-83.3303, 8.69492], [-83.33031, 8.69493], [-83.33031, 8.69493], [-83.33032, 8.69494], [-83.33032, 8.69494], [-83.33033, 8.69495], [-83.33033, 8.69495], [-83.33033, 8.69495], [-83.33038, 8.69502], [-83.33038, 8.69502], [-83.33038, 8.69502], [-83.33039, 8.69503], [-83.33039, 8.69504], [-83.3304, 8.69504], [-83.33041, 8.69505], [-83.33041, 8.69507], [-83.33042, 8.69508], [-83.33042, 8.69508], [-83.33042, 8.69508], [-83.33043, 8.69509], [-83.33043, 8.69509], [-83.33043, 8.69509], [-83.33045, 8.69511], [-83.33045, 8.69511], [-83.3305, 8.69519], [-83.33051, 8.6952], [-83.33055, 8.69533], [-83.33056, 8.69546], [-83.33056, 8.69547], [-83.33056, 8.69547], [-83.33055, 8.69548], [-83.33055, 8.69548], [-83.33055, 8.69548], [-83.33055, 8.69552], [-83.33054, 8.69557], [-83.33049, 8.69571], [-83.33049, 8.69572], [-83.33048, 8.69573], [-83.33048, 8.69574], [-83.33048, 8.69574], [-83.33048, 8.69575], [-83.33047, 8.69575], [-83.33047, 8.69575], [-83.33047, 8.69576], [-83.33047, 8.69577], [-83.33047, 8.69577], [-83.33047, 8.69577], [-83.33045, 8.69581], [-83.33045, 8.69581], [-83.33045, 8.69583], [-83.33045, 8.69584], [-83.33043, 8.69596], [-83.33042, 8.69596], [-83.33042, 8.69597], [-83.33042, 8.69597], [-83.33042, 8.69598], [-83.33041, 8.696], [-83.33041, 8.696], [-83.33041, 8.69601], [-83.33041, 8.69602], [-83.33041, 8.69602], [-83.3304, 8.69603], [-83.3304, 8.69603], [-83.3304, 8.69604], [-83.3304, 8.69604], [-83.3304, 8.69604], [-83.3304, 8.69605], [-83.33039, 8.69605], [-83.33039, 8.69606], [-83.33039, 8.69607], [-83.33039, 8.69607], [-83.33039, 8.69608], [-83.33038, 8.69608], [-83.33038, 8.69608], [-83.33038, 8.69609], [-83.33038, 8.69609], [-83.33038, 8.6961], [-83.33038, 8.6961], [-83.33038, 8.69611], [-83.33038, 8.69611], [-83.33038, 8.69612], [-83.33038, 8.69612], [-83.33037, 8.69612], [-83.33037, 8.69613], [-83.33037, 8.69613], [-83.33037, 8.69614], [-83.33037, 8.69614], [-83.33037, 8.69615], [-83.33037, 8.69615], [-83.33037, 8.69617], [-83.33037, 8.69618], [-83.33037, 8.69619], [-83.33037, 8.6962], [-83.33037, 8.69621], [-83.33037, 8.69622], [-83.33036, 8.69625], [-83.33036, 8.69628], [-83.33036, 8.69628], [-83.33036, 8.69629], [-83.33036, 8.6963], [-83.33036, 8.69631], [-83.33036, 8.69635], [-83.33036, 8.69637], [-83.33036, 8.69637], [-83.33036, 8.69638], [-83.33036, 8.69638], [-83.33036, 8.69639], [-83.33036, 8.6964], [-83.33036, 8.6964], [-83.33036, 8.69641], [-83.33036, 8.69642], [-83.33036, 8.69645], [-83.33036, 8.69645], [-83.33036, 8.69646], [-83.33036, 8.69646], [-83.33036, 8.69647], [-83.33036, 8.69648], [-83.33036, 8.69649], [-83.33036, 8.69649], [-83.33036, 8.6965], [-83.33036, 8.69651], [-83.33036, 8.69652], [-83.33036, 8.69652], [-83.33036, 8.69654], [-83.33036, 8.69654], [-83.33036, 8.69657], [-83.33036, 8.69659], [-83.33036, 8.6966], [-83.33036, 8.6966], [-83.33036, 8.69662], [-83.33036, 8.69667], [-83.33036, 8.69668], [-83.33036, 8.69669], [-83.33036, 8.69669], [-83.33037, 8.69672], [-83.33037, 8.69673], [-83.33037, 8.69674], [-83.33037, 8.69674], [-83.33037, 8.69674], [-83.33037, 8.69675], [-83.33038, 8.69676], [-83.33038, 8.69677], [-83.33038, 8.69677], [-83.33038, 8.69677], [-83.33038, 8.69678], [-83.33039, 8.69678], [-83.33039, 8.69678], [-83.33039, 8.69679], [-83.33039, 8.69679], [-83.3304, 8.6968], [-83.3304, 8.69681], [-83.33041, 8.69682], [-83.33041, 8.69683], [-83.33041, 8.69683], [-83.33041, 8.69683], [-83.33042, 8.69684], [-83.33042, 8.69684], [-83.33042, 8.69685], [-83.33042, 8.69685], [-83.33043, 8.69685], [-83.33043, 8.69686], [-83.33043, 8.69686], [-83.33043, 8.69687], [-83.33044, 8.69687], [-83.33044, 8.69688], [-83.33046, 8.69691], [-83.33047, 8.69693], [-83.33047, 8.69693], [-83.33048, 8.69694], [-83.33048, 8.69695], [-83.33049, 8.69696], [-83.3305, 8.69698], [-83.3305, 8.69698], [-83.33051, 8.69699], [-83.33051, 8.69699], [-83.33051, 8.69699], [-83.33052, 8.69701], [-83.33053, 8.69702], [-83.33053, 8.69702], [-83.33054, 8.69703], [-83.33054, 8.69704], [-83.33055, 8.69705], [-83.33056, 8.69707], [-83.33057, 8.69708], [-83.33057, 8.69709], [-83.33058, 8.6971], [-83.33059, 8.69711], [-83.33059, 8.69711], [-83.3306, 8.69712], [-83.3306, 8.69712], [-83.33061, 8.69713], [-83.33064, 8.69717], [-83.33064, 8.69717], [-83.33066, 8.6972], [-83.33065, 8.6972], [-83.3307, 8.69728], [-83.33073, 8.69741], [-83.33072, 8.69751], [-83.33073, 8.69751], [-83.33072, 8.69755], [-83.33072, 8.69755], [-83.33072, 8.69755], [-83.33072, 8.69762], [-83.33071, 8.69765], [-83.33071, 8.69765], [-83.33071, 8.69766], [-83.33071, 8.69772], [-83.33071, 8.69772], [-83.33071, 8.69774], [-83.33071, 8.69775], [-83.33071, 8.69775], [-83.33071, 8.69775], [-83.33071, 8.69776], [-83.33071, 8.69776], [-83.33071, 8.69777], [-83.3307, 8.69781], [-83.3307, 8.69782], [-83.3307, 8.69782], [-83.3307, 8.69782], [-83.3307, 8.69782], [-83.33069, 8.69791], [-83.33069, 8.69791], [-83.33068, 8.69793], [-83.33069, 8.69794], [-83.3307, 8.69798], [-83.3307, 8.69798], [-83.33071, 8.698], [-83.33071, 8.69801], [-83.33071, 8.69802], [-83.33071, 8.69802], [-83.33071, 8.69802], [-83.33074, 8.69816], [-83.33079, 8.69902], [-83.33093, 8.6996], [-83.33125, 8.7003], [-83.33125, 8.7003], [-83.33126, 8.70031], [-83.33126, 8.70031], [-83.33126, 8.70032], [-83.33126, 8.70032], [-83.33127, 8.70033], [-83.33128, 8.70034], [-83.33128, 8.70034], [-83.33128, 8.70034], [-83.33129, 8.70035], [-83.3313, 8.70035], [-83.3313, 8.70035], [-83.33131, 8.70036], [-83.33131, 8.70036], [-83.33132, 8.70037], [-83.33133, 8.70038], [-83.33134, 8.70039], [-83.33135, 8.7004], [-83.33135, 8.7004], [-83.33135, 8.7004], [-83.33136, 8.70041], [-83.33137, 8.70041], [-83.3315, 8.70049], [-83.3315, 8.70049], [-83.3315, 8.7005]], [[-83.33, 8.68462], [-83.32975, 8.68414], [-83.32933, 8.68368], [-83.32873, 8.68342], [-83.32804, 8.68329], [-83.32758, 8.68325], [-83.32746, 8.68309], [-83.32781, 8.6828], [-83.32791, 8.68253], [-83.32783, 8.68207], [-83.32795, 8.68158], [-83.32842, 8.68116], [-83.32846, 8.68087], [-83.32824, 8.68054], [-83.32804, 8.68035], [-83.32761, 8.67998], [-83.32731, 8.67971], [-83.32697, 8.67936], [-83.32667, 8.67926], [-83.32647, 8.67938], [-83.32621, 8.67963], [-83.3259, 8.67991], [-83.32541, 8.68012], [-83.32497, 8.68018], [-83.32451, 8.68007], [-83.32426, 8.67956], [-83.32417, 8.67909], [-83.32382, 8.67905], [-83.32342, 8.67921], [-83.3228, 8.6797], [-83.32218, 8.67997], [-83.32171, 8.68035], [-83.32138, 8.68061], [-83.32103, 8.68041], [-83.32063, 8.68017], [-83.32063, 8.67975], [-83.32034, 8.67933], [-83.32038, 8.67924], [-83.3206, 8.67908], [-83.3207, 8.6789], [-83.32092, 8.67835], [-83.32127, 8.67754], [-83.32153, 8.67687], [-83.32157, 8.6762], [-83.32149, 8.67567], [-83.32122, 8.6752], [-83.32089, 8.67495], [-83.32041, 8.67458], [-83.31962, 8.67431], [-83.31921, 8.67416], [-83.31853, 8.67416], [-83.31776, 8.67415], [-83.31731, 8.67415], [-83.31675, 8.67404], [-83.31623, 8.67395], [-83.31541, 8.67356], [-83.31482, 8.67337], [-83.31449, 8.67335], [-83.31406, 8.67336], [-83.31352, 8.67351], [-83.31311, 8.67371], [-83.31271, 8.67379], [-83.3124, 8.67386], [-83.31211, 8.67399], [-83.31202, 8.6744], [-83.31222, 8.67497], [-83.31252, 8.67534], [-83.31297, 8.67585], [-83.31323, 8.67612], [-83.31324, 8.67626], [-83.31297, 8.67626], [-83.31278, 8.67638], [-83.3127, 8.67666], [-83.31269, 8.67694], [-83.31259, 8.67718], [-83.31245, 8.67715], [-83.31218, 8.67677], [-83.31188, 8.67639], [-83.31152, 8.67608], [-83.31103, 8.67595], [-83.31064, 8.67607], [-83.31014, 8.67628], [-83.30978, 8.67641], [-83.30962, 8.6764], [-83.30944, 8.67609], [-83.30918, 8.67569], [-83.30885, 8.67521], [-83.3085, 8.67494], [-83.30801, 8.67495], [-83.30766, 8.67528], [-83.30754, 8.67574], [-83.30742, 8.67604], [-83.30727, 8.67611], [-83.30709, 8.67571], [-83.30697, 8.67521], [-83.30674, 8.67464], [-83.30653, 8.67438], [-83.3062, 8.67436], [-83.30574, 8.67443], [-83.30534, 8.67455], [-83.30512, 8.67473], [-83.30494, 8.67473], [-83.30481, 8.67463], [-83.30483, 8.67436], [-83.30489, 8.67398], [-83.30484, 8.67376], [-83.30466, 8.67337], [-83.30454, 8.67297], [-83.30454, 8.67209], [-83.30444, 8.67192], [-83.3042, 8.67165], [-83.30406, 8.67164], [-83.30407, 8.67126], [-83.30395, 8.67092], [-83.30376, 8.67074], [-83.30369, 8.67063], [-83.30388, 8.6705], [-83.30422, 8.67054], [-83.30474, 8.6706], [-83.30521, 8.67058], [-83.30519, 8.67059], [-83.30519, 8.6706], [-83.30515, 8.67063], [-83.30515, 8.67063], [-83.30515, 8.67063], [-83.30515, 8.67064], [-83.30514, 8.67065], [-83.30514, 8.67065], [-83.30513, 8.67066], [-83.30512, 8.67067], [-83.30511, 8.67068], [-83.3051, 8.67069], [-83.3051, 8.67069], [-83.3051, 8.6707], [-83.30509, 8.67072], [-83.30509, 8.67073], [-83.30509, 8.67073], [-83.30509, 8.67074], [-83.3051, 8.67074], [-83.3051, 8.67075], [-83.3051, 8.67075], [-83.3051, 8.67076], [-83.30511, 8.67077], [-83.30512, 8.67078], [-83.30512, 8.67078], [-83.30512, 8.67079], [-83.30512, 8.67079], [-83.30512, 8.67079], [-83.30513, 8.6708], [-83.30513, 8.6708], [-83.30513, 8.6708], [-83.30516, 8.67085], [-83.30516, 8.67086], [-83.30517, 8.67087], [-83.30518, 8.67089], [-83.30522, 8.67094], [-83.30522, 8.67094], [-83.30522, 8.67094], [-83.30523, 8.67095], [-83.30523, 8.67095], [-83.30523, 8.67096], [-83.30524, 8.67096], [-83.30525, 8.67098], [-83.30525, 8.67098], [-83.30525, 8.67098], [-83.30525, 8.67098], [-83.30526, 8.67099], [-83.30526, 8.67099], [-83.30527, 8.671], [-83.30528, 8.67101], [-83.30529, 8.67102], [-83.3053, 8.67103], [-83.30531, 8.67104], [-83.30531, 8.67104], [-83.30532, 8.67105], [-83.30532, 8.67105], [-83.30532, 8.67105], [-83.30533, 8.67106], [-83.30533, 8.67106], [-83.30534, 8.67107], [-83.30534, 8.67107], [-83.30534, 8.67107], [-83.30534, 8.67107], [-83.30535, 8.67108], [-83.30536, 8.67109], [-83.30537, 8.6711], [-83.30538, 8.67111], [-83.30539, 8.67112], [-83.30541, 8.67113], [-83.30542, 8.67114], [-83.30542, 8.67114], [-83.30546, 8.67118], [-83.30547, 8.67119], [-83.30547, 8.67119], [-83.30548, 8.6712], [-83.30548, 8.67121], [-83.30549, 8.67122], [-83.30549, 8.67122], [-83.3055, 8.67122], [-83.3055, 8.67123], [-83.3055, 8.67123], [-83.3055, 8.67123], [-83.30551, 8.67124], [-83.30554, 8.67128], [-83.30555, 8.67129], [-83.30556, 8.6713], [-83.30556, 8.67131], [-83.30556, 8.67131], [-83.30557, 8.67132], [-83.30561, 8.67138], [-83.30561, 8.67138], [-83.30561, 8.67139], [-83.30561, 8.67139], [-83.30561, 8.67139], [-83.30561, 8.67139], [-83.30562, 8.67141], [-83.30562, 8.67141], [-83.30568, 8.67154], [-83.30569, 8.67154], [-83.30569, 8.67156], [-83.30569, 8.67157], [-83.3057, 8.67158], [-83.3057, 8.67159], [-83.3057, 8.6716], [-83.30571, 8.67162], [-83.30574, 8.67174], [-83.30575, 8.67176], [-83.30575, 8.67176], [-83.30574, 8.67176], [-83.30575, 8.67184], [-83.30575, 8.67184], [-83.30575, 8.67186], [-83.30575, 8.67192], [-83.30575, 8.67193], [-83.30575, 8.67194], [-83.30576, 8.67194], [-83.30576, 8.67195], [-83.30576, 8.67195], [-83.30576, 8.67196], [-83.30576, 8.67196], [-83.30576, 8.67197], [-83.30576, 8.67197], [-83.30577, 8.67198], [-83.30577, 8.672], [-83.30579, 8.67204], [-83.3058, 8.67205], [-83.3058, 8.67205], [-83.3058, 8.67206], [-83.3058, 8.67206], [-83.30581, 8.67208], [-83.30581, 8.67208], [-83.30581, 8.67208], [-83.30581, 8.67209], [-83.30582, 8.6721], [-83.30582, 8.6721], [-83.30582, 8.67211], [-83.30584, 8.67214], [-83.30584, 8.67215], [-83.30584, 8.67215], [-83.30584, 8.67216], [-83.30584, 8.67216], [-83.30585, 8.67217], [-83.30585, 8.67217], [-83.30585, 8.67218], [-83.30587, 8.6722], [-83.30587, 8.6722], [-83.30588, 8.67221], [-83.30588, 8.67221], [-83.30588, 8.67221], [-83.30588, 8.67221], [-83.30588, 8.67222], [-83.3059, 8.67224], [-83.30592, 8.67226], [-83.30592, 8.67226], [-83.30592, 8.67226], [-83.30592, 8.67227], [-83.30592, 8.67227], [-83.30593, 8.67227], [-83.30595, 8.6723], [-83.30595, 8.6723], [-83.30595, 8.6723], [-83.30596, 8.67231], [-83.30596, 8.67231], [-83.30596, 8.67232], [-83.30596, 8.67232], [-83.30597, 8.67233], [-83.30597, 8.67233], [-83.30597, 8.67233], [-83.30598, 8.67234], [-83.30598, 8.67235], [-83.30598, 8.67235], [-83.30598, 8.67235], [-83.30598, 8.67235], [-83.30599, 8.67235], [-83.30599, 8.67235], [-83.30599, 8.67236], [-83.30599, 8.67236], [-83.306, 8.67237], [-83.306, 8.67237], [-83.30601, 8.67238], [-83.30601, 8.67238], [-83.30601, 8.67238], [-83.30601, 8.67239], [-83.30601, 8.67239], [-83.30602, 8.6724], [-83.30602, 8.6724], [-83.30602, 8.6724], [-83.30603, 8.6724], [-83.30603, 8.67241], [-83.30603, 8.67241], [-83.30603, 8.67241], [-83.30604, 8.67242], [-83.30604, 8.67242], [-83.30604, 8.67242], [-83.30604, 8.67243], [-83.30604, 8.67243], [-83.30606, 8.67246], [-83.30606, 8.67246], [-83.30607, 8.67248], [-83.30607, 8.67248], [-83.3061, 8.67252], [-83.3061, 8.67252], [-83.3061, 8.67253], [-83.30611, 8.67253], [-83.30611, 8.67254], [-83.30611, 8.67254], [-83.30611, 8.67254], [-83.30611, 8.67255], [-83.30612, 8.67255], [-83.30612, 8.67255], [-83.30612, 8.67255], [-83.30612, 8.67256], [-83.30612, 8.67256], [-83.30613, 8.67256], [-83.30613, 8.67257], [-83.30614, 8.67258], [-83.30614, 8.67258], [-83.30614, 8.67259], [-83.30615, 8.6726], [-83.30615, 8.6726], [-83.30616, 8.6726], [-83.30616, 8.67261], [-83.30616, 8.67261], [-83.30617, 8.67262], [-83.30617, 8.67262], [-83.30618, 8.67263], [-83.30618, 8.67263], [-83.30618, 8.67264], [-83.30618, 8.67264], [-83.30619, 8.67265], [-83.30619, 8.67265], [-83.30619, 8.67265], [-83.30621, 8.67267], [-83.30621, 8.67267], [-83.30621, 8.67268], [-83.30621, 8.67268], [-83.30621, 8.67268], [-83.30622, 8.67269], [-83.30622, 8.67269], [-83.30622, 8.6727], [-83.30622, 8.6727], [-83.30622, 8.6727], [-83.30623, 8.6727], [-83.30623, 8.6727], [-83.30623, 8.67271], [-83.30623, 8.67271], [-83.30623, 8.67271], [-83.30623, 8.67272], [-83.30624, 8.67272], [-83.30624, 8.67272], [-83.30624, 8.67273], [-83.30624, 8.67273], [-83.30625, 8.67273], [-83.30625, 8.67274], [-83.30629, 8.67279], [-83.30629, 8.67279], [-83.30629, 8.6728], [-83.3063, 8.6728], [-83.3063, 8.67281], [-83.3063, 8.67281], [-83.3063, 8.67281], [-83.3063, 8.67281], [-83.30632, 8.67283], [-83.30632, 8.67283], [-83.30632, 8.67283], [-83.30633, 8.67284], [-83.30633, 8.67284], [-83.30633, 8.67285], [-83.30633, 8.67285], [-83.30633, 8.67285], [-83.30634, 8.67286], [-83.30635, 8.67288], [-83.30637, 8.67289], [-83.30637, 8.67289], [-83.30637, 8.6729], [-83.30637, 8.6729], [-83.30641, 8.67295], [-83.30641, 8.67295], [-83.30641, 8.67296], [-83.30642, 8.67296], [-83.30642, 8.67296], [-83.30642, 8.67297], [-83.30642, 8.67297], [-83.30643, 8.67298], [-83.30643, 8.67298], [-83.30644, 8.67299], [-83.30644, 8.67299], [-83.30645, 8.673], [-83.30645, 8.673], [-83.30645, 8.67301], [-83.30645, 8.67301], [-83.30646, 8.67301], [-83.30646, 8.67302], [-83.30646, 8.67302], [-83.30646, 8.67302], [-83.30647, 8.67303], [-83.30647, 8.67303], [-83.30647, 8.67303], [-83.30647, 8.67304], [-83.30648, 8.67304], [-83.30648, 8.67304], [-83.30648, 8.67304], [-83.3065, 8.67308], [-83.3065, 8.67308], [-83.30651, 8.67308], [-83.30651, 8.67309], [-83.30651, 8.67309], [-83.30651, 8.67309], [-83.30652, 8.6731], [-83.30652, 8.6731], [-83.30652, 8.6731], [-83.30652, 8.67311], [-83.30652, 8.67311], [-83.30652, 8.67311], [-83.30653, 8.67311], [-83.30653, 8.67312], [-83.30654, 8.67312], [-83.30654, 8.67313], [-83.30655, 8.67314], [-83.30656, 8.67314], [-83.30656, 8.67314], [-83.30656, 8.67314], [-83.30657, 8.67314], [-83.30657, 8.67315], [-83.30658, 8.67315], [-83.30658, 8.67315], [-83.30659, 8.67315], [-83.30659, 8.67315], [-83.30659, 8.67315], [-83.3066, 8.67315], [-83.30664, 8.67318], [-83.30665, 8.67318], [-83.30665, 8.67318], [-83.30666, 8.67318], [-83.30666, 8.67319], [-83.30668, 8.67319], [-83.30669, 8.67319], [-83.3067, 8.67319], [-83.3067, 8.6732], [-83.30682, 8.67323], [-83.30752, 8.67353], [-83.3085, 8.67373], [-83.30917, 8.67373], [-83.31005, 8.67359], [-83.31008, 8.67358], [-83.31105, 8.67347], [-83.31112, 8.67347], [-83.31158, 8.67349], [-83.31158, 8.67349], [-83.31158, 8.67349], [-83.31159, 8.67349], [-83.31159, 8.67349], [-83.3116, 8.67349], [-83.31161, 8.67349], [-83.31161, 8.67349], [-83.31162, 8.67349], [-83.31162, 8.67349], [-83.31163, 8.67349], [-83.31163, 8.67349], [-83.31163, 8.67349], [-83.31163, 8.67349], [-83.31164, 8.67349], [-83.31164, 8.67349], [-83.31164, 8.67349], [-83.31165, 8.67349], [-83.31166, 8.67349], [-83.31166, 8.67349], [-83.31166, 8.67349], [-83.31167, 8.67349], [-83.31167, 8.67349], [-83.31167, 8.67349], [-83.31168, 8.67349], [-83.31169, 8.67348], [-83.3117, 8.67348], [-83.3117, 8.67348], [-83.31171, 8.67348], [-83.31171, 8.67348], [-83.31172, 8.67348], [-83.31172, 8.67348], [-83.31173, 8.67347], [-83.31173, 8.67347], [-83.31174, 8.67347], [-83.31174, 8.67347], [-83.31175, 8.67347], [-83.31176, 8.67346], [-83.31176, 8.67346], [-83.31178, 8.67346], [-83.31178, 8.67346], [-83.31178, 8.67345], [-83.31179, 8.67345], [-83.31179, 8.67345], [-83.3118, 8.67345], [-83.3118, 8.67345], [-83.31181, 8.67344], [-83.31181, 8.67344], [-83.31181, 8.67344], [-83.31181, 8.67344], [-83.31181, 8.67344], [-83.31181, 8.67344], [-83.31182, 8.67343], [-83.31182, 8.67343], [-83.31182, 8.67343], [-83.31183, 8.67343], [-83.31183, 8.67343], [-83.31184, 8.67342], [-83.31184, 8.67342], [-83.31184, 8.67342], [-83.31192, 8.67337], [-83.31192, 8.67337], [-83.31192, 8.67337], [-83.31193, 8.67336], [-83.31193, 8.67336], [-83.31194, 8.67336], [-83.31194, 8.67336], [-83.31195, 8.67335], [-83.31196, 8.67335], [-83.31196, 8.67335], [-83.31198, 8.67334], [-83.31199, 8.67334], [-83.31199, 8.67334], [-83.31199, 8.67333], [-83.312, 8.67333], [-83.31201, 8.67333], [-83.31202, 8.67332], [-83.31203, 8.67332], [-83.31204, 8.67331], [-83.31205, 8.67331], [-83.31206, 8.67331], [-83.31206, 8.6733], [-83.31207, 8.6733], [-83.31207, 8.6733], [-83.31208, 8.6733], [-83.31208, 8.67329], [-83.31209, 8.67329], [-83.3121, 8.67328], [-83.31212, 8.67327], [-83.31212, 8.67327], [-83.31213, 8.67326], [-83.31214, 8.67326], [-83.31215, 8.67325], [-83.31217, 8.67324], [-83.31218, 8.67324], [-83.31218, 8.67324], [-83.31219, 8.67324], [-83.31219, 8.67323], [-83.31231, 8.67319], [-83.31231, 8.67319], [-83.31231, 8.67319], [-83.31231, 8.67319], [-83.31233, 8.67318], [-83.31236, 8.67317], [-83.31236, 8.67317], [-83.31237, 8.67317], [-83.31239, 8.67316], [-83.31239, 8.67316], [-83.31244, 8.67315], [-83.31244, 8.67314], [-83.31245, 8.67314], [-83.31245, 8.67314], [-83.31245, 8.67314], [-83.31246, 8.67314], [-83.31248, 8.67313], [-83.31248, 8.67313], [-83.31249, 8.67313], [-83.31249, 8.67313], [-83.31254, 8.67312], [-83.31254, 8.67312], [-83.3126, 8.67311], [-83.3126, 8.67311], [-83.31265, 8.6731], [-83.31265, 8.6731], [-83.31268, 8.6731], [-83.3127, 8.6731], [-83.3127, 8.6731], [-83.31273, 8.67309], [-83.31274, 8.67309], [-83.31274, 8.67309], [-83.31275, 8.67309], [-83.31275, 8.67309], [-83.31276, 8.67309], [-83.31277, 8.67309], [-83.31278, 8.67309], [-83.31278, 8.67309], [-83.31281, 8.67308], [-83.31282, 8.67308], [-83.31283, 8.67308], [-83.31283, 8.67308], [-83.31284, 8.67308], [-83.31285, 8.67308], [-83.31285, 8.67308], [-83.31286, 8.67308], [-83.31287, 8.67307], [-83.31287, 8.67307], [-83.31289, 8.67307], [-83.31289, 8.67307], [-83.3129, 8.67306], [-83.3129, 8.67306], [-83.31291, 8.67306], [-83.31301, 8.67304], [-83.31302, 8.67304], [-83.31302, 8.67304], [-83.31302, 8.67304], [-83.31302, 8.67304], [-83.3131, 8.67303], [-83.31311, 8.67303], [-83.31312, 8.67303], [-83.31312, 8.67303], [-83.31312, 8.67303], [-83.31312, 8.67303], [-83.3132, 8.67302], [-83.3132, 8.67302], [-83.31325, 8.67303], [-83.31328, 8.67303], [-83.3133, 8.67303], [-83.3133, 8.67303], [-83.3133, 8.67303], [-83.31333, 8.67303], [-83.31333, 8.67303], [-83.31346, 8.67303], [-83.31346, 8.67303], [-83.31346, 8.67303], [-83.31346, 8.67302], [-83.31348, 8.67303], [-83.31349, 8.67302], [-83.3135, 8.67302], [-83.31351, 8.67301], [-83.31351, 8.67301], [-83.31354, 8.673], [-83.31355, 8.673], [-83.31356, 8.67299], [-83.31356, 8.67299], [-83.31356, 8.67299], [-83.31364, 8.67295], [-83.31364, 8.67295], [-83.31374, 8.67293], [-83.31374, 8.67292], [-83.31379, 8.67291], [-83.31381, 8.67291], [-83.31382, 8.6729], [-83.31383, 8.6729], [-83.31386, 8.67289], [-83.31386, 8.67289], [-83.31391, 8.67287], [-83.31391, 8.67286], [-83.31394, 8.67285], [-83.31394, 8.67285], [-83.31395, 8.67284], [-83.31395, 8.67284], [-83.31395, 8.67284], [-83.31399, 8.67282], [-83.31399, 8.67282], [-83.314, 8.67281], [-83.31403, 8.67279], [-83.31403, 8.67279], [-83.31412, 8.67272], [-83.31425, 8.67267], [-83.3144, 8.67267], [-83.31453, 8.67271], [-83.31454, 8.67271], [-83.31454, 8.67271], [-83.31455, 8.67271], [-83.31455, 8.67271], [-83.31455, 8.67272], [-83.31456, 8.67272], [-83.31457, 8.67272], [-83.31457, 8.67272], [-83.31457, 8.67272], [-83.31458, 8.67272], [-83.31458, 8.67273], [-83.31458, 8.67273], [-83.31459, 8.67273], [-83.31459, 8.67273], [-83.31459, 8.67273], [-83.31467, 8.67276], [-83.31467, 8.67276], [-83.31467, 8.67276], [-83.31469, 8.67277], [-83.31471, 8.67278], [-83.31472, 8.67278], [-83.31474, 8.67279], [-83.31474, 8.67279], [-83.31475, 8.6728], [-83.31476, 8.6728], [-83.31476, 8.6728], [-83.31477, 8.67281], [-83.31477, 8.67281], [-83.31477, 8.67281], [-83.31479, 8.67282], [-83.31481, 8.67283], [-83.31482, 8.67283], [-83.31483, 8.67284], [-83.31483, 8.67284], [-83.31484, 8.67284], [-83.31486, 8.67285], [-83.31488, 8.67286], [-83.31489, 8.67286], [-83.31491, 8.67287], [-83.31491, 8.67287], [-83.31492, 8.67288], [-83.31493, 8.67288], [-83.31494, 8.67288], [-83.31496, 8.67289], [-83.31496, 8.67289], [-83.31496, 8.67289], [-83.31499, 8.6729], [-83.31499, 8.6729], [-83.315, 8.6729], [-83.315, 8.6729], [-83.31501, 8.67291], [-83.31501, 8.67291], [-83.31502, 8.67291], [-83.31502, 8.67291], [-83.31503, 8.67291], [-83.31503, 8.67291], [-83.31504, 8.67291], [-83.31504, 8.67291], [-83.31505, 8.67291], [-83.31506, 8.67291], [-83.31506, 8.67291], [-83.31507, 8.67291], [-83.31507, 8.67291], [-83.31508, 8.67291], [-83.31508, 8.67291], [-83.31509, 8.67291], [-83.31509, 8.67291], [-83.3151, 8.67291], [-83.31515, 8.67292], [-83.31517, 8.67292], [-83.31517, 8.67292], [-83.31517, 8.67292], [-83.31518, 8.67292], [-83.31519, 8.67292], [-83.31524, 8.67292], [-83.31527, 8.67292], [-83.31543, 8.67297], [-83.31544, 8.67298], [-83.31544, 8.67298], [-83.31545, 8.67298], [-83.31546, 8.67298], [-83.31546, 8.67299], [-83.31546, 8.67299], [-83.31547, 8.67299], [-83.31547, 8.67299], [-83.31548, 8.673], [-83.31548, 8.673], [-83.31549, 8.673], [-83.31549, 8.673], [-83.31549, 8.673], [-83.31555, 8.67302], [-83.31555, 8.67302], [-83.31555, 8.67302], [-83.31555, 8.67303], [-83.31556, 8.67303], [-83.31556, 8.67303], [-83.31557, 8.67304], [-83.31559, 8.67304], [-83.3156, 8.67305], [-83.31561, 8.67306], [-83.31562, 8.67306], [-83.31563, 8.67306], [-83.31564, 8.67307], [-83.31565, 8.67307], [-83.31566, 8.67308], [-83.31566, 8.67308], [-83.31567, 8.67308], [-83.31568, 8.67309], [-83.31568, 8.67309], [-83.31572, 8.67311], [-83.31573, 8.67311], [-83.31573, 8.67311], [-83.31574, 8.67312], [-83.31575, 8.67312], [-83.31576, 8.67313], [-83.31576, 8.67313], [-83.31578, 8.67313], [-83.31578, 8.67313], [-83.31579, 8.67314], [-83.3158, 8.67315], [-83.31582, 8.67316], [-83.31583, 8.67316], [-83.31584, 8.67317], [-83.31585, 8.67317], [-83.31585, 8.67317], [-83.31586, 8.67317], [-83.31586, 8.67317], [-83.31586, 8.67318], [-83.31586, 8.67318], [-83.31586, 8.67318], [-83.31587, 8.67318], [-83.31587, 8.67318], [-83.31588, 8.67318], [-83.31588, 8.67318], [-83.31589, 8.67319], [-83.31589, 8.67319], [-83.31589, 8.67319], [-83.3159, 8.67319], [-83.3159, 8.67319], [-83.31591, 8.6732], [-83.31592, 8.6732], [-83.31592, 8.6732], [-83.31592, 8.6732], [-83.31593, 8.6732], [-83.31594, 8.67321], [-83.31595, 8.67321], [-83.31596, 8.67322], [-83.31597, 8.67322], [-83.31598, 8.67322], [-83.31599, 8.67323], [-83.316, 8.67323], [-83.316, 8.67323], [-83.31602, 8.67323], [-83.31603, 8.67324], [-83.31605, 8.67324], [-83.31606, 8.67325], [-83.31606, 8.67325], [-83.31607, 8.67325], [-83.31608, 8.67326], [-83.31609, 8.67326], [-83.3161, 8.67326], [-83.31611, 8.67326], [-83.31611, 8.67326], [-83.31611, 8.67327], [-83.31612, 8.67327], [-83.31616, 8.67328], [-83.31616, 8.67328], [-83.31616, 8.67328], [-83.31617, 8.67329], [-83.31617, 8.67329], [-83.31617, 8.67329], [-83.31618, 8.67329], [-83.31618, 8.67329], [-83.31618, 8.67329], [-83.31618, 8.67329], [-83.31618, 8.67329], [-83.31619, 8.6733], [-83.3162, 8.6733], [-83.31622, 8.67331], [-83.31622, 8.67331], [-83.31624, 8.67331], [-83.31625, 8.67332], [-83.31625, 8.67332], [-83.31627, 8.67333], [-83.31629, 8.67333], [-83.3163, 8.67334], [-83.31631, 8.67334], [-83.31636, 8.67337], [-83.31637, 8.67337], [-83.31638, 8.67338], [-83.3164, 8.67339], [-83.31642, 8.6734], [-83.31643, 8.67341], [-83.31645, 8.67342], [-83.31646, 8.67343], [-83.31648, 8.67344], [-83.31648, 8.67344], [-83.31649, 8.67344], [-83.31649, 8.67345], [-83.31649, 8.67345], [-83.31654, 8.67348], [-83.31655, 8.67348], [-83.31655, 8.67349], [-83.31656, 8.67349], [-83.31657, 8.6735], [-83.31657, 8.6735], [-83.31657, 8.6735], [-83.31658, 8.67351], [-83.31659, 8.67351], [-83.3166, 8.67352], [-83.31661, 8.67352], [-83.31662, 8.67353], [-83.31663, 8.67354], [-83.31664, 8.67354], [-83.31665, 8.67355], [-83.31666, 8.67356], [-83.31667, 8.67356], [-83.31667, 8.67357], [-83.31668, 8.67358], [-83.3167, 8.67358], [-83.31671, 8.67359], [-83.31672, 8.6736], [-83.31673, 8.6736], [-83.31674, 8.67361], [-83.31675, 8.67362], [-83.31676, 8.67362], [-83.31676, 8.67362], [-83.31677, 8.67363], [-83.31677, 8.67363], [-83.31678, 8.67363], [-83.31678, 8.67363], [-83.3168, 8.67365], [-83.31681, 8.67365], [-83.31681, 8.67365], [-83.31681, 8.67365], [-83.31681, 8.67365], [-83.31682, 8.67366], [-83.31682, 8.67366], [-83.31682, 8.67366], [-83.31683, 8.67366], [-83.31684, 8.67367], [-83.31685, 8.67367], [-83.31685, 8.67367], [-83.31686, 8.67368], [-83.31686, 8.67368], [-83.31688, 8.67369], [-83.31688, 8.67369], [-83.31689, 8.67369], [-83.31691, 8.6737], [-83.31692, 8.67371], [-83.31693, 8.67371], [-83.31694, 8.67371], [-83.31694, 8.67372], [-83.31694, 8.67372], [-83.31695, 8.67372], [-83.31695, 8.67372], [-83.31695, 8.67372], [-83.31695, 8.67372], [-83.31696, 8.67373], [-83.31698, 8.67373], [-83.31698, 8.67373], [-83.31699, 8.67373], [-83.31699, 8.67373], [-83.317, 8.67373], [-83.317, 8.67373], [-83.31706, 8.67373], [-83.31707, 8.67373], [-83.31707, 8.67373], [-83.31708, 8.67373], [-83.31709, 8.67373], [-83.3171, 8.67373], [-83.3171, 8.67373], [-83.31717, 8.67374], [-83.31717, 8.67374], [-83.31717, 8.67374], [-83.31719, 8.67374], [-83.3172, 8.67374], [-83.3172, 8.67374], [-83.31724, 8.67374], [-83.31724, 8.67374], [-83.31725, 8.67374], [-83.31725, 8.67374], [-83.31725, 8.67374], [-83.31727, 8.67374], [-83.31728, 8.67374], [-83.31729, 8.67374], [-83.31729, 8.67374], [-83.31729, 8.67374], [-83.31732, 8.67374], [-83.31733, 8.67374], [-83.31734, 8.67374], [-83.31734, 8.67374], [-83.31735, 8.67374], [-83.31736, 8.67374], [-83.31737, 8.67374], [-83.31738, 8.67374], [-83.31742, 8.67374], [-83.31742, 8.67374], [-83.31743, 8.67374], [-83.31743, 8.67374], [-83.31744, 8.67374], [-83.31745, 8.67374], [-83.31746, 8.67374], [-83.31747, 8.67374], [-83.31748, 8.67374], [-83.31748, 8.67374], [-83.31748, 8.67374], [-83.31749, 8.67374], [-83.31749, 8.67374], [-83.3175, 8.67374], [-83.3175, 8.67374], [-83.31751, 8.67374], [-83.31751, 8.67374], [-83.31751, 8.67374], [-83.31752, 8.67374], [-83.31752, 8.67374], [-83.31752, 8.67374], [-83.31753, 8.67374], [-83.31754, 8.67374], [-83.31755, 8.67374], [-83.31756, 8.67374], [-83.31757, 8.67374], [-83.31758, 8.67374], [-83.31758, 8.67374], [-83.31758, 8.67374], [-83.31759, 8.67374], [-83.31759, 8.67374], [-83.3176, 8.67374], [-83.3176, 8.67374], [-83.3176, 8.67374], [-83.3176, 8.67374], [-83.31761, 8.67374], [-83.31761, 8.67374], [-83.31781, 8.67379], [-83.31781, 8.67379], [-83.31782, 8.6738], [-83.31783, 8.6738], [-83.31784, 8.67381], [-83.31785, 8.67381], [-83.31785, 8.67381], [-83.31786, 8.67381], [-83.31786, 8.67381], [-83.31786, 8.67381], [-83.31787, 8.67381], [-83.31787, 8.67382], [-83.31787, 8.67382], [-83.31788, 8.67382], [-83.31789, 8.67382], [-83.31789, 8.67382], [-83.3179, 8.67382], [-83.3179, 8.67382], [-83.31791, 8.67382], [-83.31793, 8.67382], [-83.31794, 8.67382], [-83.31795, 8.67382], [-83.31798, 8.67382], [-83.31798, 8.67382], [-83.31799, 8.67382], [-83.318, 8.67382], [-83.31801, 8.67382], [-83.31801, 8.67382], [-83.31803, 8.67382], [-83.31804, 8.67382], [-83.31804, 8.67382], [-83.31804, 8.67382], [-83.31805, 8.67382], [-83.31806, 8.67382], [-83.31806, 8.67382], [-83.31807, 8.67382], [-83.31808, 8.67382], [-83.31809, 8.67382], [-83.3181, 8.67382], [-83.31811, 8.67382], [-83.31813, 8.67382], [-83.31813, 8.67382], [-83.31813, 8.67382], [-83.31814, 8.67382], [-83.31814, 8.67382], [-83.31815, 8.67382], [-83.31815, 8.67382], [-83.31815, 8.67382], [-83.31816, 8.67382], [-83.31816, 8.67381], [-83.31817, 8.67381], [-83.31817, 8.67381], [-83.31818, 8.67381], [-83.31819, 8.67381], [-83.31819, 8.67381], [-83.3182, 8.67381], [-83.3182, 8.6738], [-83.31821, 8.6738], [-83.31821, 8.6738], [-83.31822, 8.6738], [-83.31823, 8.67379], [-83.31824, 8.67378], [-83.31826, 8.67378], [-83.3184, 8.67374], [-83.31841, 8.67374], [-83.31847, 8.67373], [-83.31848, 8.67373], [-83.31849, 8.67373], [-83.31849, 8.67373], [-83.3185, 8.67373], [-83.31855, 8.67373], [-83.31855, 8.67373], [-83.31856, 8.67373], [-83.31857, 8.67373], [-83.31857, 8.67373], [-83.31858, 8.67373], [-83.31858, 8.67373], [-83.31859, 8.67373], [-83.3186, 8.67373], [-83.3186, 8.67373], [-83.3186, 8.67373], [-83.31861, 8.67373], [-83.31861, 8.67373], [-83.31862, 8.67373], [-83.31863, 8.67373], [-83.31863, 8.67372], [-83.31864, 8.67372], [-83.31866, 8.67371], [-83.3188, 8.67365], [-83.31895, 8.67365], [-83.31896, 8.67365], [-83.31896, 8.67365], [-83.31897, 8.67365], [-83.31898, 8.67365], [-83.31898, 8.67365], [-83.31899, 8.67365], [-83.31899, 8.67365], [-83.31916, 8.67369], [-83.31917, 8.67369], [-83.31919, 8.6737], [-83.31921, 8.67371], [-83.31922, 8.67371], [-83.31927, 8.67374], [-83.31928, 8.67374], [-83.31929, 8.67375], [-83.31931, 8.67376], [-83.31931, 8.67376], [-83.31933, 8.67377], [-83.31934, 8.67378], [-83.31934, 8.67378], [-83.31936, 8.67379], [-83.31937, 8.6738], [-83.31938, 8.6738], [-83.31939, 8.67381], [-83.31939, 8.67381], [-83.3194, 8.67381], [-83.31941, 8.67382], [-83.31942, 8.67382], [-83.31943, 8.67382], [-83.31944, 8.67382], [-83.31944, 8.67382], [-83.31945, 8.67382], [-83.31945, 8.67382], [-83.31946, 8.67382], [-83.31947, 8.67382], [-83.31951, 8.67382], [-83.31951, 8.67382], [-83.31953, 8.67382], [-83.31957, 8.67382], [-83.31974, 8.67382], [-83.31989, 8.67388], [-83.31991, 8.67389], [-83.31992, 8.67389], [-83.31993, 8.6739], [-83.31993, 8.6739], [-83.31994, 8.67391], [-83.31994, 8.67391], [-83.31994, 8.67391], [-83.31999, 8.67394], [-83.31999, 8.67394], [-83.32, 8.67394], [-83.32001, 8.67394], [-83.32003, 8.67395], [-83.32003, 8.67395], [-83.32005, 8.67395], [-83.32005, 8.67395], [-83.32008, 8.67395], [-83.32009, 8.67395], [-83.3201, 8.67395], [-83.3201, 8.67395], [-83.32011, 8.67394], [-83.32026, 8.67395], [-83.32041, 8.67401], [-83.32053, 8.67411], [-83.32059, 8.67422], [-83.32059, 8.67422], [-83.32061, 8.67426], [-83.32061, 8.67426], [-83.32062, 8.67427], [-83.32062, 8.67427], [-83.32072, 8.67434], [-83.32072, 8.67433], [-83.32075, 8.67436], [-83.32076, 8.67436], [-83.32077, 8.67437], [-83.32077, 8.67437], [-83.32083, 8.67438], [-83.32083, 8.67439], [-83.32084, 8.67439], [-83.32085, 8.6744], [-83.32086, 8.6744], [-83.32088, 8.67441], [-83.32089, 8.67441], [-83.32089, 8.67441], [-83.3209, 8.67441], [-83.3209, 8.67441], [-83.32091, 8.67442], [-83.32092, 8.67442], [-83.32093, 8.67443], [-83.32094, 8.67443], [-83.32095, 8.67443], [-83.32096, 8.67444], [-83.32097, 8.67444], [-83.32098, 8.67444], [-83.32099, 8.67444], [-83.32099, 8.67445], [-83.32099, 8.67445], [-83.321, 8.67445], [-83.321, 8.67445], [-83.32101, 8.67445], [-83.32101, 8.67445], [-83.32102, 8.67445], [-83.32102, 8.67445], [-83.32103, 8.67445], [-83.32103, 8.67445], [-83.32103, 8.67446], [-83.32104, 8.67446], [-83.32105, 8.67446], [-83.32107, 8.67446], [-83.32108, 8.67447], [-83.32108, 8.67447], [-83.32109, 8.67447], [-83.3211, 8.67447], [-83.3211, 8.67447], [-83.32121, 8.67448], [-83.32131, 8.67451], [-83.32132, 8.67452], [-83.32133, 8.67452], [-83.32133, 8.67452], [-83.32133, 8.67452], [-83.32134, 8.67453], [-83.32134, 8.67453], [-83.32135, 8.67453], [-83.32135, 8.67453], [-83.32136, 8.67453], [-83.32136, 8.67454], [-83.32136, 8.67454], [-83.32136, 8.67454], [-83.32147, 8.67461], [-83.32155, 8.67471], [-83.32155, 8.67472], [-83.32156, 8.67472], [-83.32156, 8.67473], [-83.32156, 8.67473], [-83.32156, 8.67473], [-83.32157, 8.67474], [-83.32157, 8.67475], [-83.32157, 8.67475], [-83.32157, 8.67475], [-83.32162, 8.67482], [-83.32162, 8.67482], [-83.32163, 8.67483], [-83.32163, 8.67484], [-83.32164, 8.67485], [-83.32164, 8.67486], [-83.32165, 8.67486], [-83.32165, 8.67486], [-83.32165, 8.67487], [-83.32166, 8.67487], [-83.32166, 8.67487], [-83.32166, 8.67488], [-83.32167, 8.67488], [-83.32167, 8.67488], [-83.32167, 8.67489], [-83.32168, 8.6749], [-83.32168, 8.6749], [-83.3217, 8.67492], [-83.3217, 8.67492], [-83.32171, 8.67493], [-83.32171, 8.67493], [-83.32172, 8.67494], [-83.32172, 8.67494], [-83.32173, 8.67495], [-83.32174, 8.67496], [-83.32175, 8.67497], [-83.32175, 8.67497], [-83.32176, 8.67498], [-83.32176, 8.67498], [-83.32177, 8.67499], [-83.32177, 8.67499], [-83.32177, 8.67499], [-83.32178, 8.675], [-83.32178, 8.675], [-83.32178, 8.675], [-83.32178, 8.675], [-83.32179, 8.67501], [-83.32179, 8.67501], [-83.32179, 8.67501], [-83.3218, 8.67502], [-83.32181, 8.67503], [-83.32181, 8.67503], [-83.32182, 8.67504], [-83.32184, 8.67505], [-83.32185, 8.67506], [-83.32185, 8.67506], [-83.32186, 8.67507], [-83.32186, 8.67507], [-83.32188, 8.67509], [-83.32189, 8.67509], [-83.32189, 8.6751], [-83.32189, 8.6751], [-83.32189, 8.6751], [-83.3219, 8.67511], [-83.3219, 8.67511], [-83.3219, 8.67511], [-83.32191, 8.67511], [-83.32191, 8.67511], [-83.32199, 8.67519], [-83.32199, 8.6752], [-83.32199, 8.6752], [-83.32199, 8.6752], [-83.32199, 8.67521], [-83.322, 8.67522], [-83.32201, 8.67523], [-83.32202, 8.67523], [-83.32207, 8.67532], [-83.32208, 8.67532], [-83.32208, 8.67532], [-83.32208, 8.67533], [-83.32212, 8.67544], [-83.32212, 8.67555], [-83.32213, 8.67555], [-83.32212, 8.67556], [-83.32212, 8.67556], [-83.32212, 8.67556], [-83.32212, 8.67556], [-83.32212, 8.67556], [-83.3221, 8.67569], [-83.3221, 8.67569], [-83.3221, 8.67569], [-83.3221, 8.67569], [-83.3221, 8.6757], [-83.32209, 8.67572], [-83.32209, 8.67573], [-83.32209, 8.67573], [-83.32208, 8.67574], [-83.32208, 8.67575], [-83.32208, 8.67576], [-83.32208, 8.67576], [-83.32208, 8.67577], [-83.32207, 8.67577], [-83.32207, 8.67578], [-83.32207, 8.67578], [-83.32207, 8.67579], [-83.32207, 8.67579], [-83.32206, 8.6758], [-83.32206, 8.6758], [-83.32206, 8.67581], [-83.32206, 8.67581], [-83.32206, 8.67581], [-83.32206, 8.67582], [-83.32206, 8.67582], [-83.32206, 8.67583], [-83.32206, 8.67583], [-83.32205, 8.67583], [-83.32205, 8.67584], [-83.32205, 8.67584], [-83.32205, 8.67585], [-83.32205, 8.67585], [-83.32205, 8.67586], [-83.32205, 8.67586], [-83.32205, 8.67587], [-83.32205, 8.67587], [-83.32205, 8.67587], [-83.32205, 8.67588], [-83.32204, 8.67594], [-83.32204, 8.67594], [-83.32202, 8.67605], [-83.32202, 8.67605], [-83.32202, 8.67605], [-83.32201, 8.67606], [-83.32201, 8.67606], [-83.32201, 8.67607], [-83.32201, 8.67607], [-83.32201, 8.67608], [-83.32201, 8.67608], [-83.322, 8.67609], [-83.322, 8.67609], [-83.322, 8.67609], [-83.322, 8.6761], [-83.322, 8.67612], [-83.322, 8.67612], [-83.32199, 8.67613], [-83.32199, 8.67613], [-83.32199, 8.67615], [-83.32199, 8.67615], [-83.32198, 8.67616], [-83.32198, 8.67618], [-83.32197, 8.67619], [-83.32197, 8.6762], [-83.32197, 8.67621], [-83.32196, 8.67621], [-83.32196, 8.67621], [-83.32196, 8.67622], [-83.32196, 8.67622], [-83.32196, 8.67622], [-83.32196, 8.67623], [-83.32196, 8.67623], [-83.32196, 8.67624], [-83.32196, 8.67624], [-83.32195, 8.67625], [-83.32195, 8.67625], [-83.32195, 8.67626], [-83.32195, 8.67627], [-83.32195, 8.67627], [-83.32195, 8.67628], [-83.32195, 8.67628], [-83.32195, 8.67628], [-83.32194, 8.67629], [-83.32194, 8.67629], [-83.32194, 8.67629], [-83.32194, 8.67629], [-83.32194, 8.6763], [-83.32194, 8.6763], [-83.32194, 8.6763], [-83.32194, 8.6763], [-83.32194, 8.67631], [-83.32194, 8.67631], [-83.32194, 8.67632], [-83.32194, 8.67632], [-83.32193, 8.67633], [-83.32193, 8.67634], [-83.32193, 8.67635], [-83.32192, 8.67637], [-83.32192, 8.67637], [-83.32192, 8.67638], [-83.32192, 8.67639], [-83.32192, 8.67639], [-83.32192, 8.6764], [-83.32192, 8.6764], [-83.32192, 8.6764], [-83.32191, 8.67641], [-83.32191, 8.67642], [-83.32191, 8.67644], [-83.3219, 8.67646], [-83.3219, 8.67648], [-83.3219, 8.67648], [-83.32189, 8.6765], [-83.32189, 8.6765], [-83.32189, 8.67651], [-83.32188, 8.67653], [-83.32188, 8.67655], [-83.32188, 8.67656], [-83.32187, 8.67657], [-83.32187, 8.67658], [-83.32187, 8.67658], [-83.32187, 8.67659], [-83.32187, 8.67659], [-83.32187, 8.67659], [-83.32187, 8.6766], [-83.32187, 8.6766], [-83.32186, 8.67661], [-83.32186, 8.67661], [-83.32186, 8.67661], [-83.32186, 8.67662], [-83.32186, 8.67663], [-83.32186, 8.67664], [-83.32186, 8.67664], [-83.32186, 8.67665], [-83.32186, 8.67665], [-83.32186, 8.67666], [-83.32186, 8.67666], [-83.32186, 8.67667], [-83.32186, 8.67668], [-83.32186, 8.67669], [-83.32186, 8.67672], [-83.32186, 8.67673], [-83.32186, 8.67673], [-83.32186, 8.67674], [-83.32186, 8.67676], [-83.32186, 8.67677], [-83.32186, 8.67678], [-83.32186, 8.67679], [-83.32186, 8.67679], [-83.32186, 8.67681], [-83.32186, 8.67683], [-83.32186, 8.67685], [-83.32186, 8.67686], [-83.32186, 8.67686], [-83.32186, 8.67687], [-83.32186, 8.67687], [-83.32186, 8.67688], [-83.32186, 8.67688], [-83.32186, 8.6769], [-83.32186, 8.67692], [-83.32186, 8.67693], [-83.32186, 8.67693], [-83.32186, 8.67694], [-83.32186, 8.67695], [-83.32186, 8.67695], [-83.32186, 8.67696], [-83.32186, 8.67696], [-83.32186, 8.67697], [-83.32186, 8.67697], [-83.32186, 8.67698], [-83.32186, 8.67698], [-83.32186, 8.67698], [-83.32186, 8.67699], [-83.32186, 8.67699], [-83.32186, 8.67699], [-83.32186, 8.677], [-83.32186, 8.67701], [-83.32186, 8.67702], [-83.32186, 8.67703], [-83.32186, 8.67703], [-83.32186, 8.67704], [-83.32186, 8.67704], [-83.32186, 8.67705], [-83.32186, 8.67705], [-83.32186, 8.67706], [-83.32186, 8.67706], [-83.32186, 8.67707], [-83.32186, 8.67707], [-83.32186, 8.67708], [-83.32186, 8.67708], [-83.32186, 8.67709], [-83.32186, 8.67711], [-83.32186, 8.67712], [-83.32187, 8.67713], [-83.32187, 8.67714], [-83.32187, 8.67715], [-83.32187, 8.67715], [-83.32187, 8.67716], [-83.32187, 8.67716], [-83.32187, 8.67716], [-83.32187, 8.67717], [-83.32187, 8.67718], [-83.32187, 8.67718], [-83.32188, 8.67719], [-83.32188, 8.67719], [-83.32188, 8.67719], [-83.32188, 8.6772], [-83.32188, 8.6772], [-83.32189, 8.67722], [-83.3219, 8.67723], [-83.3219, 8.67724], [-83.3219, 8.67725], [-83.32191, 8.67726], [-83.32191, 8.67726], [-83.32191, 8.67727], [-83.32192, 8.67728], [-83.32192, 8.67729], [-83.32192, 8.67729], [-83.32192, 8.6773], [-83.32193, 8.6773], [-83.32193, 8.6773], [-83.32194, 8.67733], [-83.32194, 8.67733], [-83.32194, 8.67734], [-83.32194, 8.67734], [-83.32194, 8.67734], [-83.32194, 8.67735], [-83.32194, 8.67735], [-83.32195, 8.67736], [-83.32195, 8.67737], [-83.32195, 8.67738], [-83.32195, 8.67738], [-83.32195, 8.67739], [-83.32195, 8.67739], [-83.32196, 8.67739], [-83.32196, 8.6774], [-83.32196, 8.67741], [-83.32197, 8.67741], [-83.32197, 8.67742], [-83.32198, 8.67742], [-83.32198, 8.67742], [-83.32198, 8.67742], [-83.32198, 8.67743], [-83.32198, 8.67743], [-83.32198, 8.67743], [-83.32199, 8.67743], [-83.32199, 8.67744], [-83.322, 8.67744], [-83.322, 8.67744], [-83.322, 8.67744], [-83.32201, 8.67745], [-83.32202, 8.67745], [-83.32202, 8.67745], [-83.32202, 8.67746], [-83.32207, 8.6775], [-83.32208, 8.67751], [-83.32208, 8.67751], [-83.32208, 8.67752], [-83.32209, 8.67752], [-83.3221, 8.67753], [-83.32211, 8.67754], [-83.32211, 8.67754], [-83.32219, 8.6776], [-83.3222, 8.67761], [-83.32221, 8.67762], [-83.32222, 8.67762], [-83.32222, 8.67763], [-83.32224, 8.67764], [-83.32224, 8.67764], [-83.32224, 8.67764], [-83.32225, 8.67765], [-83.32226, 8.67765], [-83.32227, 8.67766], [-83.32228, 8.67766], [-83.32228, 8.67767], [-83.32229, 8.67767], [-83.3223, 8.67767], [-83.32231, 8.67768], [-83.32232, 8.67768], [-83.32233, 8.67769], [-83.32234, 8.67769], [-83.32234, 8.67769], [-83.32235, 8.6777], [-83.32236, 8.6777], [-83.32236, 8.6777], [-83.32236, 8.6777], [-83.32237, 8.67771], [-83.32238, 8.67771], [-83.32238, 8.67771], [-83.32239, 8.67772], [-83.32239, 8.67772], [-83.32239, 8.67772], [-83.3224, 8.67772], [-83.32241, 8.67773], [-83.32242, 8.67773], [-83.32242, 8.67773], [-83.32242, 8.67773], [-83.32242, 8.67773], [-83.32243, 8.67773], [-83.32243, 8.67774], [-83.32244, 8.67774], [-83.32245, 8.67774], [-83.32248, 8.67775], [-83.32258, 8.67778], [-83.32259, 8.67778], [-83.3226, 8.67778], [-83.3226, 8.67778], [-83.3227, 8.67785], [-83.32279, 8.67793], [-83.3228, 8.67794], [-83.3228, 8.67794], [-83.3228, 8.67795], [-83.3228, 8.67795], [-83.32281, 8.67796], [-83.32281, 8.67796], [-83.32281, 8.67796], [-83.32283, 8.67799], [-83.32284, 8.678], [-83.32284, 8.678], [-83.32284, 8.678], [-83.32284, 8.67801], [-83.32285, 8.67801], [-83.32285, 8.67801], [-83.32285, 8.67802], [-83.32285, 8.67802], [-83.32285, 8.67802], [-83.32286, 8.67803], [-83.32286, 8.67803], [-83.32287, 8.67804], [-83.32287, 8.67804], [-83.32288, 8.67805], [-83.32288, 8.67805], [-83.32289, 8.67806], [-83.32289, 8.67806], [-83.32291, 8.67808], [-83.32291, 8.67808], [-83.32292, 8.67808], [-83.32292, 8.67808], [-83.32292, 8.67809], [-83.32293, 8.67809], [-83.32293, 8.67809], [-83.32294, 8.6781], [-83.32294, 8.67811], [-83.32295, 8.67811], [-83.32295, 8.67811], [-83.32296, 8.67812], [-83.32296, 8.67812], [-83.32305, 8.67817], [-83.32306, 8.67818], [-83.32306, 8.67818], [-83.32307, 8.67818], [-83.32307, 8.67818], [-83.32308, 8.67819], [-83.32308, 8.67819], [-83.32309, 8.6782], [-83.3231, 8.6782], [-83.3231, 8.6782], [-83.3231, 8.67821], [-83.32311, 8.67821], [-83.32312, 8.67822], [-83.32312, 8.67822], [-83.32313, 8.67822], [-83.32313, 8.67822], [-83.32313, 8.67822], [-83.32314, 8.67823], [-83.32314, 8.67823], [-83.32314, 8.67823], [-83.32314, 8.67823], [-83.32315, 8.67823], [-83.32316, 8.67824], [-83.32316, 8.67824], [-83.32316, 8.67824], [-83.32317, 8.67824], [-83.32318, 8.67824], [-83.32319, 8.67825], [-83.32319, 8.67825], [-83.32319, 8.67825], [-83.32321, 8.67825], [-83.32321, 8.67825], [-83.32321, 8.67825], [-83.32322, 8.67825], [-83.32322, 8.67826], [-83.32322, 8.67826], [-83.32322, 8.67826], [-83.32322, 8.67826], [-83.32327, 8.67827], [-83.32327, 8.67827], [-83.32328, 8.67827], [-83.32328, 8.67827], [-83.32328, 8.67828], [-83.32329, 8.67828], [-83.3233, 8.67828], [-83.32334, 8.67829], [-83.32336, 8.6783], [-83.32337, 8.6783], [-83.32339, 8.6783], [-83.32339, 8.6783], [-83.32352, 8.67834], [-83.32352, 8.67835], [-83.32353, 8.67835], [-83.32354, 8.67836], [-83.32355, 8.67836], [-83.32356, 8.67836], [-83.32356, 8.67836], [-83.32356, 8.67837], [-83.32357, 8.67837], [-83.32357, 8.67837], [-83.32358, 8.67837], [-83.32358, 8.67837], [-83.32359, 8.67837], [-83.32359, 8.67837], [-83.32373, 8.67842], [-83.32373, 8.67843], [-83.32373, 8.67843], [-83.32374, 8.67843], [-83.32375, 8.67844], [-83.32375, 8.67844], [-83.32376, 8.67844], [-83.32382, 8.67846], [-83.32382, 8.67846], [-83.32384, 8.67847], [-83.32385, 8.67848], [-83.32387, 8.67848], [-83.32388, 8.67849], [-83.3239, 8.6785], [-83.3239, 8.6785], [-83.32392, 8.67851], [-83.32393, 8.67851], [-83.32394, 8.67852], [-83.32394, 8.67852], [-83.32396, 8.67852], [-83.32396, 8.67852], [-83.32396, 8.67852], [-83.32397, 8.67853], [-83.32397, 8.67853], [-83.32398, 8.67853], [-83.32398, 8.67853], [-83.32399, 8.67853], [-83.32399, 8.67853], [-83.32401, 8.67853], [-83.32401, 8.67854], [-83.32402, 8.67854], [-83.32411, 8.67857], [-83.32411, 8.67857], [-83.32411, 8.67857], [-83.32413, 8.67858], [-83.32413, 8.67858], [-83.32414, 8.67858], [-83.32415, 8.67859], [-83.32415, 8.67859], [-83.32417, 8.6786], [-83.32417, 8.6786], [-83.32417, 8.6786], [-83.32418, 8.6786], [-83.32419, 8.67861], [-83.3242, 8.67861], [-83.3242, 8.67861], [-83.32421, 8.67861], [-83.32421, 8.67861], [-83.32422, 8.67862], [-83.32422, 8.67862], [-83.32423, 8.67862], [-83.32425, 8.67862], [-83.32425, 8.67862], [-83.3244, 8.67867], [-83.3244, 8.67867], [-83.32442, 8.67868], [-83.32442, 8.67868], [-83.32443, 8.67868], [-83.32443, 8.67868], [-83.32445, 8.67869], [-83.32445, 8.67869], [-83.32446, 8.6787], [-83.32447, 8.6787], [-83.32447, 8.6787], [-83.32448, 8.67871], [-83.32454, 8.67874], [-83.32455, 8.67875], [-83.32456, 8.67875], [-83.32457, 8.67876], [-83.32459, 8.67877], [-83.3246, 8.67878], [-83.32462, 8.67879], [-83.32464, 8.6788], [-83.32465, 8.67881], [-83.32467, 8.67882], [-83.32467, 8.67882], [-83.32468, 8.67883], [-83.32468, 8.67883], [-83.32469, 8.67884], [-83.32469, 8.67884], [-83.3247, 8.67885], [-83.3247, 8.67885], [-83.3247, 8.67885], [-83.32471, 8.67885], [-83.32471, 8.67885], [-83.32472, 8.67886], [-83.32472, 8.67886], [-83.32472, 8.67886], [-83.32473, 8.67887], [-83.32473, 8.67887], [-83.32473, 8.67887], [-83.32474, 8.67887], [-83.32474, 8.67888], [-83.32475, 8.67888], [-83.32475, 8.67888], [-83.32475, 8.67888], [-83.32475, 8.67888], [-83.32476, 8.67889], [-83.32476, 8.67889], [-83.32477, 8.67889], [-83.32478, 8.6789], [-83.32479, 8.6789], [-83.32479, 8.6789], [-83.32479, 8.6789], [-83.3248, 8.6789], [-83.3248, 8.6789], [-83.3248, 8.6789], [-83.32487, 8.6789], [-83.3249, 8.67891], [-83.32494, 8.67891], [-83.32495, 8.67892], [-83.32497, 8.67892], [-83.32502, 8.67893], [-83.32502, 8.67893], [-83.32507, 8.67894], [-83.32511, 8.67895], [-83.32511, 8.67895], [-83.32515, 8.67895], [-83.32515, 8.67895], [-83.32515, 8.67895], [-83.32516, 8.67895], [-83.32517, 8.67895], [-83.32517, 8.67895], [-83.32518, 8.67895], [-83.32519, 8.67895], [-83.3252, 8.67895], [-83.32521, 8.67895], [-83.32522, 8.67895], [-83.32522, 8.67895], [-83.32522, 8.67895], [-83.32524, 8.67895], [-83.32525, 8.67895], [-83.32525, 8.67895], [-83.32525, 8.67895], [-83.32526, 8.67895], [-83.32526, 8.67895], [-83.32526, 8.67895], [-83.32527, 8.67895], [-83.32527, 8.67895], [-83.32527, 8.67895], [-83.32528, 8.67895], [-83.32529, 8.67895], [-83.3253, 8.67895], [-83.3253, 8.67895], [-83.32531, 8.67895], [-83.32534, 8.67895], [-83.32534, 8.67895], [-83.32534, 8.67895], [-83.32535, 8.67895], [-83.32536, 8.67895], [-83.32536, 8.67895], [-83.32536, 8.67895], [-83.32537, 8.67894], [-83.32537, 8.67894], [-83.32543, 8.67894], [-83.32545, 8.67894], [-83.32546, 8.67894], [-83.32546, 8.67894], [-83.32546, 8.67894], [-83.32547, 8.67894], [-83.32547, 8.67894], [-83.32547, 8.67893], [-83.32548, 8.67893], [-83.32549, 8.67893], [-83.32549, 8.67893], [-83.32549, 8.67893], [-83.3255, 8.67893], [-83.3255, 8.67893], [-83.3255, 8.67893], [-83.32551, 8.67893], [-83.32551, 8.67893], [-83.32552, 8.67893], [-83.32552, 8.67893], [-83.32552, 8.67893], [-83.32553, 8.67893], [-83.32553, 8.67893], [-83.32554, 8.67892], [-83.32554, 8.67892], [-83.32554, 8.67892], [-83.32555, 8.67892], [-83.32555, 8.67892], [-83.32555, 8.67892], [-83.32556, 8.67892], [-83.32556, 8.67892], [-83.32556, 8.67892], [-83.32557, 8.67892], [-83.32557, 8.67892], [-83.32557, 8.67892], [-83.32557, 8.67892], [-83.32558, 8.67892], [-83.32558, 8.67892], [-83.32558, 8.67892], [-83.32559, 8.67892], [-83.32559, 8.67892], [-83.3256, 8.67892], [-83.32561, 8.67892], [-83.32561, 8.67892], [-83.32562, 8.67892], [-83.32563, 8.67891], [-83.32564, 8.67891], [-83.32564, 8.67891], [-83.32564, 8.67891], [-83.32567, 8.67891], [-83.32568, 8.67891], [-83.32569, 8.67891], [-83.32569, 8.67891], [-83.3257, 8.67891], [-83.32571, 8.67891], [-83.32572, 8.6789], [-83.32573, 8.6789], [-83.32574, 8.6789], [-83.32578, 8.6789], [-83.32578, 8.6789], [-83.32578, 8.6789], [-83.32579, 8.6789], [-83.3258, 8.6789], [-83.32581, 8.6789], [-83.32583, 8.67889], [-83.32584, 8.67889], [-83.32585, 8.67889], [-83.32585, 8.67889], [-83.32585, 8.67889], [-83.32586, 8.67889], [-83.32587, 8.67889], [-83.32587, 8.67889], [-83.32588, 8.67889], [-83.32588, 8.67889], [-83.32589, 8.67889], [-83.3259, 8.67889], [-83.32591, 8.67889], [-83.32591, 8.67889], [-83.32592, 8.67889], [-83.32592, 8.67889], [-83.32592, 8.67888], [-83.32593, 8.67888], [-83.32594, 8.67888], [-83.32594, 8.67888], [-83.32594, 8.67888], [-83.32598, 8.67888], [-83.32599, 8.67888], [-83.326, 8.67887], [-83.32601, 8.67887], [-83.32606, 8.67886], [-83.32608, 8.67886], [-83.32608, 8.67886], [-83.32608, 8.67886], [-83.32609, 8.67886], [-83.3261, 8.67886], [-83.32616, 8.67886], [-83.32617, 8.67886], [-83.32618, 8.67885], [-83.32618, 8.67885], [-83.32618, 8.67885], [-83.32618, 8.67885], [-83.32619, 8.67885], [-83.3262, 8.67885], [-83.32626, 8.67885], [-83.32627, 8.67885], [-83.32628, 8.67885], [-83.32628, 8.67885], [-83.32628, 8.67885], [-83.32629, 8.67885], [-83.3263, 8.67885], [-83.32631, 8.67885], [-83.32631, 8.67885], [-83.32631, 8.67885], [-83.32632, 8.67885], [-83.32633, 8.67885], [-83.32639, 8.67885], [-83.3264, 8.67885], [-83.3264, 8.67885], [-83.32641, 8.67885], [-83.32642, 8.67886], [-83.32643, 8.67886], [-83.32643, 8.67886], [-83.32648, 8.67886], [-83.32648, 8.67886], [-83.32649, 8.67886], [-83.32649, 8.67886], [-83.32649, 8.67886], [-83.3265, 8.67886], [-83.32651, 8.67886], [-83.32651, 8.67886], [-83.32652, 8.67886], [-83.32652, 8.67886], [-83.32652, 8.67886], [-83.32652, 8.67886], [-83.32653, 8.67886], [-83.32653, 8.67886], [-83.32653, 8.67886], [-83.32654, 8.67886], [-83.32655, 8.67886], [-83.32656, 8.67886], [-83.32657, 8.67886], [-83.32658, 8.67886], [-83.32658, 8.67886], [-83.32659, 8.67886], [-83.32659, 8.67886], [-83.32659, 8.67886], [-83.32659, 8.67886], [-83.3266, 8.67886], [-83.32661, 8.67886], [-83.32661, 8.67886], [-83.32661, 8.67886], [-83.32662, 8.67886], [-83.32662, 8.67886], [-83.32663, 8.67886], [-83.32663, 8.67886], [-83.32664, 8.67886], [-83.32665, 8.67886], [-83.32666, 8.67886], [-83.32666, 8.67886], [-83.3267, 8.67886], [-83.32671, 8.67886], [-83.32671, 8.67886], [-83.32672, 8.67886], [-83.32672, 8.67886], [-83.32672, 8.67886], [-83.32672, 8.67886], [-83.32692, 8.67889], [-83.32694, 8.6789], [-83.32694, 8.6789], [-83.32706, 8.67896], [-83.32706, 8.67896], [-83.32709, 8.67898], [-83.32716, 8.67904], [-83.32717, 8.67905], [-83.32718, 8.67905], [-83.32718, 8.67905], [-83.32718, 8.67906], [-83.32719, 8.67906], [-83.32721, 8.67908], [-83.32724, 8.6791], [-83.32724, 8.6791], [-83.32725, 8.67911], [-83.32725, 8.67911], [-83.32725, 8.67911], [-83.32726, 8.67912], [-83.32727, 8.67913], [-83.32727, 8.67913], [-83.32727, 8.67913], [-83.32728, 8.67914], [-83.32729, 8.67915], [-83.3273, 8.67915], [-83.32732, 8.67917], [-83.32733, 8.67917], [-83.32733, 8.67918], [-83.32734, 8.67918], [-83.32734, 8.67918], [-83.32735, 8.67918], [-83.32735, 8.67918], [-83.32736, 8.67919], [-83.32737, 8.6792], [-83.32738, 8.6792], [-83.32738, 8.6792], [-83.3274, 8.67921], [-83.32742, 8.67922], [-83.32743, 8.67923], [-83.32744, 8.67924], [-83.32745, 8.67924], [-83.32746, 8.67924], [-83.32746, 8.67925], [-83.32746, 8.67925], [-83.32747, 8.67925], [-83.32747, 8.67925], [-83.32747, 8.67925], [-83.32753, 8.67929], [-83.32753, 8.6793], [-83.32754, 8.6793], [-83.32755, 8.67931], [-83.32756, 8.67931], [-83.32757, 8.67932], [-83.32757, 8.67933], [-83.32758, 8.67933], [-83.32758, 8.67933], [-83.32758, 8.67933], [-83.3276, 8.67934], [-83.32769, 8.67942], [-83.32775, 8.67951], [-83.32776, 8.67951], [-83.32776, 8.67952], [-83.32776, 8.67952], [-83.32776, 8.67952], [-83.32776, 8.67952], [-83.32776, 8.67953], [-83.32776, 8.67953], [-83.32776, 8.67953], [-83.32777, 8.67953], [-83.32777, 8.67954], [-83.32777, 8.67954], [-83.32777, 8.67954], [-83.32777, 8.67954], [-83.32777, 8.67954], [-83.32778, 8.67955], [-83.32778, 8.67955], [-83.32778, 8.67955], [-83.32778, 8.67956], [-83.32779, 8.67957], [-83.32779, 8.67958], [-83.3278, 8.67959], [-83.32781, 8.6796], [-83.32781, 8.67961], [-83.32782, 8.67961], [-83.32782, 8.67962], [-83.32783, 8.67963], [-83.32784, 8.67964], [-83.32785, 8.67966], [-83.32786, 8.67967], [-83.32786, 8.67967], [-83.32786, 8.67968], [-83.32787, 8.6797], [-83.32787, 8.6797], [-83.32788, 8.67971], [-83.32789, 8.67972], [-83.32789, 8.67972], [-83.3279, 8.67973], [-83.3279, 8.67973], [-83.3279, 8.67974], [-83.32791, 8.67975], [-83.32791, 8.67975], [-83.32791, 8.67975], [-83.32792, 8.67976], [-83.32792, 8.67977], [-83.32792, 8.67977], [-83.32792, 8.67977], [-83.32793, 8.67978], [-83.32793, 8.67979], [-83.32793, 8.67979], [-83.32793, 8.67979], [-83.32794, 8.67979], [-83.32794, 8.6798], [-83.32794, 8.6798], [-83.32795, 8.6798], [-83.32795, 8.67981], [-83.32795, 8.67981], [-83.32796, 8.67982], [-83.32796, 8.67982], [-83.32796, 8.67982], [-83.32797, 8.67983], [-83.32798, 8.67984], [-83.32799, 8.67985], [-83.328, 8.67985], [-83.32801, 8.67986], [-83.32801, 8.67986], [-83.32802, 8.67986], [-83.32803, 8.67987], [-83.32803, 8.67988], [-83.32805, 8.67989], [-83.32805, 8.67989], [-83.32806, 8.67989], [-83.32807, 8.6799], [-83.32808, 8.67991], [-83.3281, 8.67992], [-83.32811, 8.67993], [-83.32813, 8.67993], [-83.32815, 8.67994], [-83.32816, 8.67995], [-83.32818, 8.67996], [-83.32818, 8.67996], [-83.32819, 8.67997], [-83.32819, 8.67997], [-83.32819, 8.67997], [-83.32821, 8.67998], [-83.32822, 8.67999], [-83.32823, 8.67999], [-83.32823, 8.67999], [-83.32824, 8.68], [-83.32824, 8.68], [-83.32824, 8.68], [-83.32824, 8.68], [-83.32825, 8.68001], [-83.32826, 8.68001], [-83.32829, 8.68002], [-83.32829, 8.68002], [-83.32837, 8.68004], [-83.32837, 8.68003], [-83.32837, 8.68004], [-83.32838, 8.68004], [-83.3285, 8.68008], [-83.3286, 8.68015], [-83.32861, 8.68016], [-83.32861, 8.68016], [-83.32861, 8.68016], [-83.32862, 8.68017], [-83.32863, 8.68018], [-83.32873, 8.68029], [-83.32878, 8.68043], [-83.32879, 8.68058], [-83.32874, 8.68073], [-83.32874, 8.68073], [-83.32873, 8.68074], [-83.32873, 8.68076], [-83.32872, 8.68077], [-83.32871, 8.68078], [-83.32871, 8.6808], [-83.32871, 8.6808], [-83.3287, 8.68081], [-83.32869, 8.68083], [-83.32869, 8.68084], [-83.32868, 8.68085], [-83.32868, 8.68085], [-83.32868, 8.68085], [-83.32868, 8.68085], [-83.32868, 8.68086], [-83.32867, 8.68086], [-83.32867, 8.68086], [-83.32867, 8.68087], [-83.32867, 8.68087], [-83.32867, 8.68087], [-83.32867, 8.68087], [-83.32867, 8.68087], [-83.32867, 8.68088], [-83.32867, 8.68088], [-83.32866, 8.68088], [-83.32866, 8.68088], [-83.32866, 8.68089], [-83.32866, 8.68089], [-83.32866, 8.68089], [-83.32866, 8.6809], [-83.32866, 8.6809], [-83.32865, 8.6809], [-83.32865, 8.68091], [-83.32865, 8.68091], [-83.32865, 8.68091], [-83.32865, 8.68092], [-83.32864, 8.68092], [-83.32864, 8.68093], [-83.32863, 8.68094], [-83.32863, 8.68095], [-83.32862, 8.68096], [-83.32861, 8.68098], [-83.32861, 8.68099], [-83.3286, 8.681], [-83.3286, 8.68101], [-83.32859, 8.68102], [-83.32859, 8.68102], [-83.32859, 8.68103], [-83.32859, 8.68103], [-83.32859, 8.68103], [-83.32858, 8.68104], [-83.32856, 8.68108], [-83.32856, 8.68108], [-83.32855, 8.68109], [-83.32855, 8.68109], [-83.32855, 8.6811], [-83.32855, 8.6811], [-83.32855, 8.6811], [-83.32854, 8.68111], [-83.32854, 8.68111], [-83.32854, 8.68111], [-83.32854, 8.68112], [-83.32853, 8.68113], [-83.32853, 8.68114], [-83.32852, 8.68115], [-83.32851, 8.68116], [-83.32851, 8.68117], [-83.3285, 8.68118], [-83.3285, 8.68119], [-83.3285, 8.68119], [-83.3285, 8.6812], [-83.3285, 8.6812], [-83.3285, 8.6812], [-83.32849, 8.68121], [-83.32849, 8.68121], [-83.32849, 8.68121], [-83.32847, 8.68127], [-83.32847, 8.68127], [-83.32846, 8.68127], [-83.32846, 8.68128], [-83.32846, 8.68129], [-83.32846, 8.68129], [-83.32846, 8.68129], [-83.32845, 8.6813], [-83.32845, 8.68132], [-83.32844, 8.68133], [-83.32844, 8.68134], [-83.32844, 8.68135], [-83.32843, 8.68136], [-83.32843, 8.68137], [-83.32843, 8.68137], [-83.32843, 8.68138], [-83.32843, 8.68139], [-83.32843, 8.68139], [-83.32843, 8.68139], [-83.32843, 8.68139], [-83.32843, 8.68141], [-83.32843, 8.68141], [-83.32843, 8.68141], [-83.32843, 8.68142], [-83.32843, 8.68142], [-83.32843, 8.68142], [-83.32843, 8.68142], [-83.32843, 8.68143], [-83.32843, 8.68143], [-83.32843, 8.68144], [-83.32843, 8.68145], [-83.32843, 8.68146], [-83.32843, 8.68147], [-83.32843, 8.68148], [-83.32843, 8.68148], [-83.32843, 8.68149], [-83.32843, 8.68149], [-83.32843, 8.68149], [-83.32843, 8.68149], [-83.32843, 8.6815], [-83.32843, 8.6815], [-83.32843, 8.6815], [-83.32843, 8.68151], [-83.32843, 8.68152], [-83.32843, 8.68152], [-83.32843, 8.68152], [-83.32843, 8.68153], [-83.32843, 8.68153], [-83.32844, 8.68162], [-83.32844, 8.68162], [-83.32844, 8.68162], [-83.32844, 8.68163], [-83.32844, 8.68164], [-83.32844, 8.68165], [-83.32847, 8.68175], [-83.32847, 8.68176], [-83.32847, 8.68176], [-83.32848, 8.68178], [-83.32848, 8.68178], [-83.32849, 8.68182], [-83.32849, 8.68182], [-83.3285, 8.68184], [-83.3285, 8.68184], [-83.3285, 8.68184], [-83.3285, 8.68185], [-83.3285, 8.68185], [-83.32851, 8.68186], [-83.32851, 8.68186], [-83.32851, 8.68187], [-83.32852, 8.68188], [-83.32852, 8.68188], [-83.32856, 8.68203], [-83.32856, 8.68206], [-83.32856, 8.68206], [-83.32856, 8.6821], [-83.32856, 8.6821], [-83.32856, 8.6821], [-83.32856, 8.68211], [-83.32856, 8.68211], [-83.32856, 8.68211], [-83.32856, 8.68212], [-83.32856, 8.68212], [-83.32857, 8.68213], [-83.32857, 8.68215], [-83.32857, 8.68215], [-83.32858, 8.68219], [-83.32858, 8.68221], [-83.32858, 8.68222], [-83.32858, 8.68223], [-83.32858, 8.68223], [-83.32858, 8.68224], [-83.32858, 8.68224], [-83.32858, 8.68225], [-83.32858, 8.68225], [-83.32858, 8.68225], [-83.32858, 8.68226], [-83.32858, 8.68227], [-83.32858, 8.68228], [-83.32858, 8.68228], [-83.32858, 8.68229], [-83.32858, 8.68229], [-83.32858, 8.68229], [-83.32858, 8.6823], [-83.32859, 8.68231], [-83.3286, 8.68235], [-83.3286, 8.68236], [-83.3286, 8.68236], [-83.3286, 8.68237], [-83.32861, 8.68238], [-83.32861, 8.6824], [-83.32861, 8.68241], [-83.32862, 8.68242], [-83.32862, 8.68243], [-83.32862, 8.68244], [-83.32862, 8.68244], [-83.32862, 8.68244], [-83.32862, 8.68245], [-83.32863, 8.68246], [-83.32863, 8.68247], [-83.32863, 8.68247], [-83.32863, 8.68248], [-83.32863, 8.68248], [-83.32864, 8.68248], [-83.32864, 8.68249], [-83.32864, 8.68249], [-83.32864, 8.68249], [-83.32865, 8.6825], [-83.32865, 8.6825], [-83.32865, 8.6825], [-83.32866, 8.68251], [-83.32866, 8.68252], [-83.32868, 8.68254], [-83.32868, 8.68254], [-83.32869, 8.68255], [-83.3287, 8.68256], [-83.32871, 8.68257], [-83.32871, 8.68257], [-83.32872, 8.68258], [-83.32873, 8.68259], [-83.32873, 8.68259], [-83.32873, 8.68259], [-83.32874, 8.6826], [-83.32874, 8.6826], [-83.32874, 8.6826], [-83.32874, 8.6826], [-83.32875, 8.68261], [-83.32875, 8.68261], [-83.32875, 8.68261], [-83.32875, 8.68261], [-83.32875, 8.68261], [-83.32876, 8.68262], [-83.32876, 8.68262], [-83.32876, 8.68263], [-83.32877, 8.68263], [-83.32877, 8.68263], [-83.32878, 8.68264], [-83.32878, 8.68264], [-83.32878, 8.68265], [-83.32879, 8.68266], [-83.3288, 8.68266], [-83.32881, 8.68267], [-83.32881, 8.68267], [-83.32882, 8.68268], [-83.32882, 8.68268], [-83.32882, 8.68268], [-83.32882, 8.68269], [-83.32883, 8.68269], [-83.32885, 8.6827], [-83.32889, 8.68274], [-83.32889, 8.68274], [-83.32889, 8.68274], [-83.3289, 8.68275], [-83.3289, 8.68275], [-83.32891, 8.68276], [-83.32892, 8.68276], [-83.32892, 8.68277], [-83.32893, 8.68277], [-83.32893, 8.68277], [-83.32894, 8.68278], [-83.32895, 8.68279], [-83.32896, 8.68279], [-83.32896, 8.68279], [-83.32896, 8.68279], [-83.32896, 8.6828], [-83.32896, 8.6828], [-83.32897, 8.6828], [-83.32897, 8.6828], [-83.32898, 8.68281], [-83.32899, 8.68281], [-83.329, 8.68282], [-83.32901, 8.68283], [-83.32903, 8.68283], [-83.32904, 8.68284], [-83.32906, 8.68285], [-83.32907, 8.68286], [-83.32908, 8.68286], [-83.32908, 8.68286], [-83.32918, 8.68294], [-83.32918, 8.68294], [-83.32919, 8.68295], [-83.32919, 8.68295], [-83.3292, 8.68295], [-83.3292, 8.68296], [-83.32921, 8.68297], [-83.32921, 8.68297], [-83.32922, 8.68297], [-83.32923, 8.68298], [-83.32923, 8.68298], [-83.32924, 8.68298], [-83.32924, 8.68298], [-83.32924, 8.68299], [-83.32924, 8.68299], [-83.32925, 8.68299], [-83.32925, 8.68299], [-83.32926, 8.683], [-83.32926, 8.683], [-83.32926, 8.683], [-83.32926, 8.683], [-83.32928, 8.68301], [-83.32929, 8.68301], [-83.3293, 8.68302], [-83.32931, 8.68303], [-83.32933, 8.68303], [-83.32933, 8.68303], [-83.32933, 8.68303], [-83.32934, 8.68304], [-83.32934, 8.68304], [-83.32946, 8.68313], [-83.32946, 8.68313], [-83.32947, 8.68314], [-83.32947, 8.68314], [-83.32947, 8.68314], [-83.32948, 8.68315], [-83.32952, 8.68318], [-83.32952, 8.68318], [-83.32952, 8.68318], [-83.32953, 8.68319], [-83.32954, 8.6832], [-83.32955, 8.68321], [-83.32956, 8.68322], [-83.32957, 8.68323], [-83.32958, 8.68323], [-83.32958, 8.68323], [-83.32959, 8.68324], [-83.32959, 8.68324], [-83.3296, 8.68325], [-83.3296, 8.68325], [-83.32961, 8.68326], [-83.32961, 8.68326], [-83.32962, 8.68327], [-83.32962, 8.68327], [-83.32963, 8.68327], [-83.32963, 8.68327], [-83.32973, 8.68335], [-83.32981, 8.68346], [-83.32982, 8.68346], [-83.32982, 8.68346], [-83.32982, 8.68347], [-83.32982, 8.68348], [-83.32982, 8.68348], [-83.32983, 8.68348], [-83.32983, 8.68349], [-83.32986, 8.68353], [-83.32986, 8.68354], [-83.32987, 8.68355], [-83.32988, 8.68356], [-83.32989, 8.68358], [-83.3299, 8.6836], [-83.3299, 8.68361], [-83.3299, 8.68361], [-83.32991, 8.68363], [-83.32992, 8.68365], [-83.32992, 8.68365], [-83.32993, 8.68366], [-83.32994, 8.68367], [-83.32994, 8.68368], [-83.32994, 8.68368], [-83.32994, 8.68368], [-83.32994, 8.68368], [-83.32995, 8.6837], [-83.32996, 8.6837], [-83.32997, 8.68371], [-83.32997, 8.68371], [-83.32997, 8.68372], [-83.33004, 8.68382], [-83.33004, 8.68383], [-83.33005, 8.68384], [-83.33005, 8.68384], [-83.33005, 8.68385], [-83.33006, 8.68386], [-83.33007, 8.68387], [-83.33007, 8.68387], [-83.33007, 8.68389], [-83.33008, 8.6839], [-83.33008, 8.68391], [-83.33009, 8.68391], [-83.33012, 8.68402], [-83.33013, 8.68403], [-83.33013, 8.68404], [-83.33013, 8.68404], [-83.33013, 8.68404], [-83.33013, 8.68404], [-83.33013, 8.68405], [-83.33013, 8.68405], [-83.33013, 8.68405], [-83.33013, 8.68406], [-83.33014, 8.68406], [-83.33014, 8.68406], [-83.33014, 8.68406], [-83.33014, 8.68407], [-83.33014, 8.68407], [-83.33014, 8.68408], [-83.33014, 8.68408], [-83.33014, 8.68408], [-83.33015, 8.68409], [-83.33015, 8.6841], [-83.33016, 8.68411], [-83.33016, 8.68411], [-83.33016, 8.68413], [-83.33017, 8.68414], [-83.3302, 8.68429], [-83.3302, 8.6843], [-83.33021, 8.68431], [-83.33021, 8.68432], [-83.33021, 8.68432], [-83.33021, 8.68433], [-83.33021, 8.68433], [-83.33021, 8.68434], [-83.33022, 8.68434], [-83.33022, 8.68434], [-83.33022, 8.68435], [-83.33022, 8.68436], [-83.33022, 8.68436], [-83.33023, 8.68436], [-83.33023, 8.68437], [-83.33024, 8.68438], [-83.33024, 8.6844], [-83.33025, 8.68441], [-83.33025, 8.68442], [-83.3303, 8.68457], [-83.3303, 8.68457], [-83.3303, 8.68458], [-83.3303, 8.68458], [-83.3303, 8.68459], [-83.3303, 8.6846], [-83.3303, 8.6846], [-83.33031, 8.68461], [-83.33033, 8.68476], [-83.3303, 8.68491], [-83.33023, 8.68504], [-83.33014, 8.68512], [-83.33014, 8.68512], [-83.33014, 8.68512], [-83.33013, 8.68513], [-83.33012, 8.68514], [-83.33012, 8.68514], [-83.33012, 8.68514], [-83.33012, 8.68514], [-83.33012, 8.68514], [-83.33011, 8.68515], [-83.33011, 8.68515], [-83.3301, 8.68515], [-83.3301, 8.68515], [-83.33009, 8.68516], [-83.33009, 8.68516], [-83.33009, 8.68516], [-83.33006, 8.68518], [-83.33013, 8.68509], [-83.33, 8.68462]], [[-83.32895, 8.68519], [-83.32882, 8.68517], [-83.32876, 8.68514], [-83.32895, 8.68519]], [[-83.3048, 8.66813], [-83.30493, 8.66818], [-83.30493, 8.66819], [-83.30493, 8.66819], [-83.30494, 8.6682], [-83.30494, 8.6682], [-83.30496, 8.6682], [-83.30496, 8.66821], [-83.30497, 8.66821], [-83.30497, 8.66821], [-83.30498, 8.66822], [-83.30498, 8.66822], [-83.30498, 8.66822], [-83.30499, 8.66823], [-83.30499, 8.66823], [-83.30499, 8.66823], [-83.305, 8.66824], [-83.305, 8.66824], [-83.30501, 8.66824], [-83.30501, 8.66824], [-83.30501, 8.66824], [-83.30512, 8.66835], [-83.30512, 8.66836], [-83.30512, 8.66836], [-83.30513, 8.66837], [-83.30513, 8.66837], [-83.30513, 8.66837], [-83.3052, 8.66851], [-83.3052, 8.66852], [-83.3052, 8.66852], [-83.30521, 8.66853], [-83.30521, 8.66853], [-83.30521, 8.66854], [-83.30521, 8.66855], [-83.30522, 8.66855], [-83.30524, 8.66871], [-83.30524, 8.66872], [-83.30524, 8.66873], [-83.30524, 8.66873], [-83.30524, 8.66874], [-83.30524, 8.66874], [-83.30524, 8.66875], [-83.30524, 8.66875], [-83.30524, 8.66876], [-83.30524, 8.66877], [-83.30524, 8.66878], [-83.30524, 8.66878], [-83.30524, 8.66881], [-83.30524, 8.66884], [-83.30524, 8.66884], [-83.30524, 8.66884], [-83.30524, 8.66885], [-83.30524, 8.66886], [-83.30524, 8.66887], [-83.30524, 8.66887], [-83.30524, 8.66887], [-83.30523, 8.66898], [-83.30519, 8.66908], [-83.30518, 8.66909], [-83.30518, 8.6691], [-83.30518, 8.66911], [-83.30517, 8.66911], [-83.30517, 8.66912], [-83.30517, 8.66912], [-83.30517, 8.66912], [-83.30516, 8.66913], [-83.30516, 8.66914], [-83.30516, 8.66915], [-83.30516, 8.66915], [-83.30516, 8.66916], [-83.30516, 8.66916], [-83.30516, 8.66916], [-83.30515, 8.66918], [-83.30515, 8.66918], [-83.30515, 8.6692], [-83.30515, 8.6692], [-83.30515, 8.66921], [-83.30515, 8.66922], [-83.30515, 8.66922], [-83.30515, 8.66928], [-83.30515, 8.66929], [-83.30515, 8.66929], [-83.30515, 8.6693], [-83.30515, 8.6693], [-83.30515, 8.66931], [-83.30515, 8.66932], [-83.30515, 8.66932], [-83.30515, 8.66932], [-83.30515, 8.66933], [-83.30512, 8.66948], [-83.30512, 8.66949], [-83.30512, 8.6695], [-83.30512, 8.66951], [-83.30512, 8.66951], [-83.30512, 8.66952], [-83.30512, 8.66952], [-83.30512, 8.66955], [-83.30512, 8.66956], [-83.30512, 8.66957], [-83.30512, 8.66957], [-83.30512, 8.66959], [-83.30512, 8.66959], [-83.30513, 8.66966], [-83.30513, 8.66968], [-83.30513, 8.66969], [-83.30513, 8.66969], [-83.30514, 8.6697], [-83.30514, 8.66971], [-83.30514, 8.66971], [-83.30514, 8.66971], [-83.30516, 8.66976], [-83.30516, 8.66976], [-83.30516, 8.66977], [-83.30517, 8.66977], [-83.30517, 8.66978], [-83.30517, 8.66978], [-83.30517, 8.66979], [-83.30517, 8.66979], [-83.30518, 8.66979], [-83.30518, 8.6698], [-83.30518, 8.66981], [-83.30519, 8.66982], [-83.30519, 8.66983], [-83.30519, 8.66983], [-83.3052, 8.66984], [-83.3052, 8.66984], [-83.3052, 8.66984], [-83.3052, 8.66985], [-83.30521, 8.66985], [-83.30521, 8.66986], [-83.30521, 8.66986], [-83.30521, 8.66986], [-83.30522, 8.66987], [-83.30522, 8.66987], [-83.30522, 8.66988], [-83.30523, 8.66988], [-83.30523, 8.66989], [-83.30523, 8.6699], [-83.30523, 8.6699], [-83.30526, 8.66993], [-83.30526, 8.66993], [-83.30526, 8.66994], [-83.30527, 8.66995], [-83.30527, 8.66995], [-83.30528, 8.66997], [-83.30528, 8.66997], [-83.30529, 8.66998], [-83.3053, 8.67], [-83.30531, 8.67002], [-83.30536, 8.67015], [-83.30537, 8.67028], [-83.30534, 8.6704], [-83.30525, 8.6701], [-83.30498, 8.66973], [-83.30486, 8.66917], [-83.30486, 8.66857], [-83.30475, 8.66823], [-83.30442, 8.66808], [-83.30434, 8.66797], [-83.30436, 8.66797], [-83.30437, 8.66798], [-83.30438, 8.66799], [-83.30439, 8.66799], [-83.3044, 8.66799], [-83.3044, 8.668], [-83.3044, 8.668], [-83.30448, 8.66804], [-83.30449, 8.66805], [-83.3045, 8.66805], [-83.3045, 8.66805], [-83.3045, 8.66805], [-83.3045, 8.66806], [-83.30451, 8.66806], [-83.30451, 8.66806], [-83.30451, 8.66806], [-83.30452, 8.66806], [-83.30452, 8.66807], [-83.30453, 8.66807], [-83.30453, 8.66807], [-83.30454, 8.66807], [-83.30454, 8.66807], [-83.30455, 8.66808], [-83.30455, 8.66808], [-83.30455, 8.66808], [-83.30456, 8.66808], [-83.30456, 8.66808], [-83.30457, 8.66809], [-83.30457, 8.66809], [-83.30457, 8.66809], [-83.30458, 8.66809], [-83.30458, 8.66809], [-83.30459, 8.66809], [-83.30459, 8.6681], [-83.30459, 8.6681], [-83.3046, 8.6681], [-83.3046, 8.6681], [-83.30461, 8.6681], [-83.30461, 8.6681], [-83.30461, 8.6681], [-83.30462, 8.6681], [-83.30463, 8.6681], [-83.30463, 8.6681], [-83.30463, 8.66811], [-83.30464, 8.66811], [-83.30464, 8.66811], [-83.30466, 8.66811], [-83.30466, 8.66811], [-83.30467, 8.66811], [-83.30467, 8.66811], [-83.3048, 8.66813]]]}, "properties": {"name": "Piedras Blancas", "desig_eng": "National Park", "iucn_cat": "II", "status_yr": 1991, "gis_area": 159.51935367, "site_id": 102367, "realm": "Coastal", "mang_auth": "Federal or national ministry or agency"}}, {"type": "Feature", "geometry": {"type": "MultiPolygon", "coordinates": [[[[-83.43932, 8.84715], [-83.43928, 8.84725], [-83.43907, 8.84776], [-83.43921, 8.84783], [-83.43932, 8.84791], [-83.43941, 8.84798], [-83.43953, 8.84811], [-83.4396, 8.84822], [-83.43966, 8.84833], [-83.4397, 8.84847], [-83.43973, 8.8487], [-83.43986, 8.8494], [-83.43987, 8.84954], [-83.43987, 8.84971], [-83.43984, 8.85], [-83.43984, 8.85009], [-83.43982, 8.85024], [-83.43982, 8.85045], [-83.43983, 8.85124], [-83.43986, 8.85171], [-83.4399, 8.8519], [-83.43997, 8.85252], [-83.44002, 8.85265], [-83.44007, 8.85281], [-83.44014, 8.85295], [-83.44021, 8.85307], [-83.44023, 8.85311], [-83.4403, 8.85321], [-83.44041, 8.85338], [-83.44051, 8.85351], [-83.44063, 8.85365], [-83.44074, 8.85377], [-83.44096, 8.85395], [-83.44151, 8.85435], [-83.44176, 8.85449], [-83.44204, 8.85461], [-83.4422, 8.85464], [-83.44244, 8.8547], [-83.44336, 8.85483], [-83.44396, 8.85489], [-83.44415, 8.85492], [-83.44444, 8.855], [-83.44506, 8.85518], [-83.44526, 8.85525], [-83.44553, 8.85539], [-83.44572, 8.85552], [-83.44577, 8.85556], [-83.44588, 8.85564], [-83.4461, 8.8558], [-83.44628, 8.85594], [-83.44646, 8.85608], [-83.44666, 8.85622], [-83.44698, 8.85652], [-83.44715, 8.85664], [-83.44733, 8.85677], [-83.44752, 8.8569], [-83.44768, 8.85702], [-83.44787, 8.85714], [-83.44805, 8.85725], [-83.44832, 8.85742], [-83.44851, 8.85752], [-83.44857, 8.85756], [-83.44894, 8.85769], [-83.44899, 8.85767], [-83.44945, 8.85769], [-83.44971, 8.85768], [-83.44992, 8.85768], [-83.45, 8.85769], [-83.45, 8.85769], [-83.45001, 8.85769], [-83.4502, 8.85771], [-83.45047, 8.85775], [-83.45088, 8.85777], [-83.45103, 8.85776], [-83.45121, 8.85773], [-83.45133, 8.85771], [-83.45145, 8.85767], [-83.45161, 8.85762], [-83.45174, 8.85757], [-83.45185, 8.85751], [-83.45187, 8.8575], [-83.45194, 8.85746], [-83.452, 8.8574], [-83.45202, 8.85737], [-83.45209, 8.8573], [-83.45214, 8.85724], [-83.45216, 8.85721], [-83.45219, 8.85716], [-83.45219, 8.85712], [-83.45219, 8.85708], [-83.4522, 8.85705], [-83.45224, 8.857], [-83.45229, 8.85696], [-83.45233, 8.85692], [-83.45238, 8.85684], [-83.4524, 8.85676], [-83.45243, 8.85666], [-83.45244, 8.85659], [-83.45248, 8.85645], [-83.45253, 8.85631], [-83.45275, 8.85586], [-83.45283, 8.85571], [-83.45288, 8.85551], [-83.45292, 8.85537], [-83.45296, 8.85515], [-83.45304, 8.8547], [-83.45314, 8.85443], [-83.45321, 8.85429], [-83.45335, 8.85403], [-83.45349, 8.85378], [-83.45364, 8.85358], [-83.45376, 8.85344], [-83.45384, 8.85338], [-83.45393, 8.85334], [-83.45406, 8.85331], [-83.45416, 8.8533], [-83.45426, 8.85329], [-83.45439, 8.85329], [-83.45452, 8.8533], [-83.45464, 8.8533], [-83.45488, 8.85332], [-83.45502, 8.85334], [-83.45509, 8.85335], [-83.45518, 8.85335], [-83.45531, 8.85334], [-83.45548, 8.85333], [-83.45561, 8.85335], [-83.45564, 8.85335], [-83.45584, 8.85335], [-83.45609, 8.8533], [-83.45643, 8.85329], [-83.45665, 8.85331], [-83.45679, 8.85333], [-83.4569, 8.85333], [-83.45701, 8.85336], [-83.45722, 8.8535], [-83.45735, 8.85363], [-83.45755, 8.8538], [-83.45773, 8.85397], [-83.4579, 8.85414], [-83.45811, 8.85437], [-83.4583, 8.85456], [-83.45843, 8.85472], [-83.4585, 8.85481], [-83.45854, 8.85486], [-83.45863, 8.85498], [-83.45881, 8.85517], [-83.45893, 8.85528], [-83.4591, 8.85543], [-83.4592, 8.85553], [-83.45936, 8.85566], [-83.45966, 8.85588], [-83.45994, 8.85609], [-83.46018, 8.85622], [-83.4605, 8.85638], [-83.46072, 8.85647], [-83.46099, 8.85655], [-83.4613, 8.85659], [-83.46145, 8.85659], [-83.46169, 8.85661], [-83.46182, 8.8566], [-83.46207, 8.85658], [-83.46211, 8.85658], [-83.46224, 8.85655], [-83.46236, 8.85652], [-83.46267, 8.85642], [-83.46304, 8.85632], [-83.4632, 8.85626], [-83.46337, 8.85619], [-83.46341, 8.85618], [-83.46361, 8.85609], [-83.46365, 8.85606], [-83.46382, 8.85595], [-83.4641, 8.85586], [-83.46418, 8.85584], [-83.46447, 8.85573], [-83.46472, 8.85567], [-83.46494, 8.85562], [-83.46523, 8.85558], [-83.46539, 8.85557], [-83.46554, 8.85554], [-83.46566, 8.85551], [-83.46573, 8.8555], [-83.46576, 8.85549], [-83.46606, 8.85545], [-83.46652, 8.85544], [-83.46675, 8.85542], [-83.46687, 8.85543], [-83.46695, 8.85544], [-83.46703, 8.85545], [-83.46715, 8.85547], [-83.46728, 8.85549], [-83.46738, 8.85553], [-83.4675, 8.85562], [-83.46764, 8.85573], [-83.46778, 8.85584], [-83.4679, 8.85592], [-83.46802, 8.85598], [-83.46814, 8.85607], [-83.46821, 8.85613], [-83.46823, 8.85619], [-83.46823, 8.85625], [-83.4682, 8.85631], [-83.46819, 8.85636], [-83.46818, 8.85642], [-83.46818, 8.85646], [-83.46819, 8.8565], [-83.4682, 8.85654], [-83.46821, 8.85659], [-83.4682, 8.85666], [-83.4682, 8.85673], [-83.46816, 8.85704], [-83.46815, 8.85711], [-83.46813, 8.85721], [-83.46813, 8.85731], [-83.46813, 8.85742], [-83.46813, 8.85752], [-83.46811, 8.85792], [-83.46811, 8.85809], [-83.4681, 8.8582], [-83.4681, 8.85831], [-83.46815, 8.85849], [-83.46819, 8.85872], [-83.46826, 8.85886], [-83.46833, 8.85896], [-83.46842, 8.85908], [-83.46855, 8.85919], [-83.46864, 8.85926], [-83.46872, 8.85931], [-83.46872, 8.85933], [-83.46873, 8.85935], [-83.46873, 8.85937], [-83.46899, 8.85957], [-83.46902, 8.85954], [-83.46906, 8.85951], [-83.46909, 8.85949], [-83.46911, 8.85947], [-83.46915, 8.85944], [-83.46916, 8.85943], [-83.46918, 8.85942], [-83.4692, 8.85941], [-83.46922, 8.85942], [-83.46928, 8.85945], [-83.46932, 8.85945], [-83.46936, 8.85944], [-83.4694, 8.85942], [-83.46959, 8.85947], [-83.46977, 8.8595], [-83.46991, 8.85954], [-83.46998, 8.85956], [-83.47008, 8.85957], [-83.47016, 8.85957], [-83.47036, 8.85954], [-83.47052, 8.85952], [-83.4706, 8.85951], [-83.47068, 8.85948], [-83.47078, 8.85947], [-83.47083, 8.85945], [-83.4709, 8.85943], [-83.47096, 8.85941], [-83.47106, 8.85937], [-83.47114, 8.85934], [-83.47119, 8.85932], [-83.47124, 8.85929], [-83.47131, 8.85927], [-83.47134, 8.85926], [-83.47156, 8.85916], [-83.47158, 8.85914], [-83.47159, 8.85913], [-83.47159, 8.85912], [-83.4716, 8.8591], [-83.47176, 8.85897], [-83.47179, 8.85896], [-83.47183, 8.85896], [-83.47191, 8.85891], [-83.47202, 8.85882], [-83.47205, 8.85881], [-83.47207, 8.85881], [-83.47209, 8.85881], [-83.47212, 8.85882], [-83.47247, 8.85861], [-83.4726, 8.85855], [-83.47281, 8.85845], [-83.47286, 8.85842], [-83.4729, 8.8584], [-83.47293, 8.85837], [-83.47298, 8.85834], [-83.47302, 8.85831], [-83.47307, 8.85828], [-83.47312, 8.85825], [-83.47315, 8.85824], [-83.47322, 8.8582], [-83.47325, 8.85818], [-83.47328, 8.85817], [-83.4733, 8.85815], [-83.47332, 8.85814], [-83.47335, 8.85813], [-83.47339, 8.85812], [-83.47342, 8.85811], [-83.47346, 8.8581], [-83.47351, 8.85809], [-83.47353, 8.85807], [-83.47357, 8.85804], [-83.47362, 8.858], [-83.47365, 8.85798], [-83.47369, 8.85795], [-83.47375, 8.85793], [-83.47382, 8.85792], [-83.47387, 8.85792], [-83.47391, 8.85794], [-83.47395, 8.85798], [-83.47397, 8.85801], [-83.47398, 8.85803], [-83.474, 8.85808], [-83.47401, 8.85812], [-83.47403, 8.85816], [-83.47405, 8.8582], [-83.47408, 8.85824], [-83.47411, 8.85829], [-83.47412, 8.85833], [-83.47413, 8.85837], [-83.47415, 8.85842], [-83.47415, 8.85848], [-83.47415, 8.85855], [-83.47414, 8.85861], [-83.47414, 8.85869], [-83.47412, 8.85875], [-83.47409, 8.85878], [-83.47407, 8.85879], [-83.47404, 8.85878], [-83.47403, 8.85878], [-83.47402, 8.85879], [-83.47402, 8.85882], [-83.47403, 8.85883], [-83.47406, 8.85885], [-83.47408, 8.85886], [-83.4741, 8.85888], [-83.4741, 8.85889], [-83.4741, 8.8589], [-83.47409, 8.85892], [-83.47407, 8.85899], [-83.47405, 8.85902], [-83.47404, 8.85906], [-83.47405, 8.85909], [-83.47406, 8.85912], [-83.47406, 8.85914], [-83.47405, 8.85919], [-83.47403, 8.85927], [-83.47404, 8.85931], [-83.47404, 8.85934], [-83.47406, 8.85938], [-83.47406, 8.85942], [-83.47406, 8.85945], [-83.47405, 8.85948], [-83.47405, 8.85951], [-83.47405, 8.85954], [-83.47405, 8.85959], [-83.47404, 8.85962], [-83.47402, 8.85965], [-83.47401, 8.85967], [-83.474, 8.85971], [-83.474, 8.85972], [-83.474, 8.85976], [-83.47403, 8.85979], [-83.47406, 8.85982], [-83.47409, 8.85986], [-83.4741, 8.85987], [-83.4741, 8.85988], [-83.4741, 8.85989], [-83.47409, 8.8599], [-83.47407, 8.85992], [-83.47406, 8.85994], [-83.47405, 8.85995], [-83.47403, 8.85998], [-83.47402, 8.86001], [-83.47402, 8.86002], [-83.47402, 8.86004], [-83.47402, 8.86006], [-83.47402, 8.86007], [-83.47402, 8.86009], [-83.47402, 8.86011], [-83.47402, 8.86013], [-83.47402, 8.86016], [-83.47401, 8.86021], [-83.47401, 8.86024], [-83.47401, 8.86026], [-83.47399, 8.86031], [-83.47398, 8.86034], [-83.47398, 8.86035], [-83.47396, 8.86039], [-83.47395, 8.8604], [-83.47395, 8.86041], [-83.47394, 8.86043], [-83.47394, 8.86047], [-83.47393, 8.86049], [-83.47393, 8.86052], [-83.47391, 8.86057], [-83.4739, 8.86061], [-83.47388, 8.86065], [-83.47387, 8.86067], [-83.47386, 8.86071], [-83.47386, 8.86075], [-83.47384, 8.86078], [-83.47383, 8.86079], [-83.47382, 8.86079], [-83.4738, 8.8608], [-83.47379, 8.86081], [-83.47378, 8.86082], [-83.47377, 8.86084], [-83.47376, 8.86086], [-83.47374, 8.86088], [-83.47372, 8.86093], [-83.47372, 8.86093], [-83.47372, 8.86094], [-83.47371, 8.86094], [-83.47371, 8.86098], [-83.47372, 8.861], [-83.47372, 8.86102], [-83.47374, 8.86105], [-83.47375, 8.86107], [-83.47376, 8.86108], [-83.47376, 8.86109], [-83.47376, 8.86111], [-83.47377, 8.86116], [-83.47378, 8.86122], [-83.47377, 8.86127], [-83.47375, 8.86132], [-83.47371, 8.86138], [-83.47367, 8.86141], [-83.47365, 8.86142], [-83.47361, 8.86145], [-83.47359, 8.86146], [-83.47357, 8.86149], [-83.47357, 8.86153], [-83.47356, 8.86157], [-83.47356, 8.86161], [-83.47355, 8.86167], [-83.47354, 8.86173], [-83.47353, 8.86181], [-83.47351, 8.86187], [-83.47349, 8.86191], [-83.47348, 8.86196], [-83.47347, 8.862], [-83.47346, 8.86209], [-83.47343, 8.86224], [-83.47338, 8.86248], [-83.47334, 8.86282], [-83.47333, 8.863], [-83.47329, 8.86334], [-83.47327, 8.86352], [-83.47319, 8.86395], [-83.47314, 8.86427], [-83.47314, 8.86439], [-83.47314, 8.86443], [-83.47309, 8.86504], [-83.47309, 8.86522], [-83.47311, 8.86553], [-83.47315, 8.86604], [-83.47319, 8.86632], [-83.47322, 8.86645], [-83.47325, 8.86656], [-83.47328, 8.86666], [-83.47329, 8.86667], [-83.47344, 8.8672], [-83.47361, 8.86773], [-83.47364, 8.86783], [-83.47379, 8.86813], [-83.4739, 8.86833], [-83.47397, 8.86843], [-83.47406, 8.86852], [-83.47419, 8.86864], [-83.47429, 8.86875], [-83.47437, 8.86884], [-83.47443, 8.86891], [-83.4745, 8.869], [-83.47458, 8.86908], [-83.47471, 8.86919], [-83.47481, 8.86929], [-83.47489, 8.86939], [-83.47502, 8.86956], [-83.47509, 8.86964], [-83.47516, 8.86971], [-83.47551, 8.87007], [-83.47582, 8.87036], [-83.47604, 8.87058], [-83.47613, 8.87065], [-83.47617, 8.87068], [-83.47627, 8.87076], [-83.47639, 8.87085], [-83.47648, 8.87093], [-83.47661, 8.871], [-83.47673, 8.87106], [-83.47686, 8.87111], [-83.47694, 8.87116], [-83.47727, 8.87134], [-83.4774, 8.87141], [-83.47749, 8.87146], [-83.4777, 8.87155], [-83.47779, 8.87159], [-83.47787, 8.87162], [-83.47793, 8.87164], [-83.47797, 8.87165], [-83.47801, 8.87167], [-83.47805, 8.87167], [-83.47811, 8.87169], [-83.47818, 8.8717], [-83.47825, 8.87172], [-83.47831, 8.87173], [-83.47837, 8.87174], [-83.47841, 8.87175], [-83.47847, 8.87175], [-83.47847, 8.87175], [-83.47853, 8.87176], [-83.47861, 8.87177], [-83.47868, 8.87178], [-83.4787, 8.87178], [-83.47875, 8.87177], [-83.4788, 8.87175], [-83.47884, 8.87174], [-83.47889, 8.87174], [-83.47893, 8.87174], [-83.47898, 8.87176], [-83.47904, 8.87178], [-83.47911, 8.8718], [-83.47919, 8.87182], [-83.47923, 8.87183], [-83.47929, 8.87184], [-83.47934, 8.87185], [-83.47938, 8.87186], [-83.47945, 8.87186], [-83.47954, 8.87187], [-83.48018, 8.87194], [-83.48058, 8.87202], [-83.48077, 8.87204], [-83.48084, 8.87205], [-83.48091, 8.87205], [-83.48102, 8.87206], [-83.48113, 8.87207], [-83.48125, 8.87207], [-83.48132, 8.87207], [-83.48136, 8.87207], [-83.48143, 8.87207], [-83.4815, 8.87206], [-83.48162, 8.87206], [-83.48169, 8.87205], [-83.48182, 8.87205], [-83.48229, 8.87203], [-83.48235, 8.87203], [-83.48261, 8.87203], [-83.48273, 8.87201], [-83.48282, 8.872], [-83.48283, 8.872], [-83.48311, 8.87194], [-83.48315, 8.87194], [-83.48321, 8.87195], [-83.48326, 8.87196], [-83.4835, 8.8719], [-83.48349, 8.87188], [-83.4835, 8.87187], [-83.4835, 8.87186], [-83.48351, 8.87185], [-83.4836, 8.87184], [-83.48366, 8.87183], [-83.48374, 8.87181], [-83.48381, 8.87179], [-83.48389, 8.87177], [-83.48394, 8.87175], [-83.48402, 8.87171], [-83.48412, 8.87166], [-83.48421, 8.87163], [-83.48431, 8.87159], [-83.48442, 8.87156], [-83.48452, 8.87152], [-83.48461, 8.87149], [-83.48468, 8.87146], [-83.48478, 8.87141], [-83.48489, 8.87135], [-83.48516, 8.87111], [-83.48521, 8.87107], [-83.48527, 8.87105], [-83.48535, 8.87101], [-83.48539, 8.87099], [-83.48545, 8.87094], [-83.48551, 8.87088], [-83.48559, 8.8708], [-83.48567, 8.87073], [-83.48575, 8.87066], [-83.48585, 8.87059], [-83.48595, 8.87053], [-83.48603, 8.87048], [-83.48612, 8.87041], [-83.48618, 8.87034], [-83.48621, 8.8703], [-83.48625, 8.87025], [-83.48631, 8.87018], [-83.4864, 8.87007], [-83.48657, 8.86987], [-83.4866, 8.86985], [-83.48661, 8.86984], [-83.48669, 8.86975], [-83.48672, 8.86969], [-83.48673, 8.86964], [-83.48677, 8.86958], [-83.48686, 8.86954], [-83.48697, 8.86948], [-83.48701, 8.86945], [-83.4871, 8.86939], [-83.48713, 8.86936], [-83.48717, 8.86931], [-83.48719, 8.86928], [-83.48722, 8.86924], [-83.48727, 8.86919], [-83.48732, 8.86913], [-83.48738, 8.86907], [-83.48744, 8.86902], [-83.4875, 8.86897], [-83.48754, 8.86894], [-83.48757, 8.86891], [-83.4876, 8.86887], [-83.48764, 8.86881], [-83.48768, 8.86876], [-83.48777, 8.86869], [-83.48784, 8.86862], [-83.4879, 8.86858], [-83.48799, 8.86849], [-83.48804, 8.86843], [-83.48811, 8.86836], [-83.48815, 8.8683], [-83.48819, 8.86825], [-83.48825, 8.86818], [-83.48831, 8.86811], [-83.48838, 8.86805], [-83.48847, 8.86799], [-83.48853, 8.86794], [-83.48859, 8.8679], [-83.48862, 8.86788], [-83.48873, 8.8678], [-83.48881, 8.86774], [-83.48888, 8.8677], [-83.48894, 8.86766], [-83.48902, 8.86762], [-83.48911, 8.86757], [-83.48918, 8.86753], [-83.48928, 8.86749], [-83.48939, 8.86745], [-83.48947, 8.86743], [-83.48955, 8.86738], [-83.48961, 8.86735], [-83.48969, 8.86729], [-83.48976, 8.86724], [-83.48981, 8.86721], [-83.49, 8.86712], [-83.49002, 8.86711], [-83.49004, 8.8671], [-83.49004, 8.86708], [-83.49005, 8.86706], [-83.49006, 8.86704], [-83.49009, 8.86703], [-83.49009, 8.86703], [-83.4901, 8.86703], [-83.49014, 8.86702], [-83.49018, 8.867], [-83.49024, 8.86696], [-83.49027, 8.86693], [-83.49031, 8.8669], [-83.49032, 8.86688], [-83.49033, 8.86684], [-83.49036, 8.86682], [-83.4904, 8.8668], [-83.49043, 8.86679], [-83.49061, 8.86665], [-83.49066, 8.86661], [-83.49069, 8.86658], [-83.49073, 8.86653], [-83.49075, 8.86649], [-83.49076, 8.86646], [-83.49077, 8.86642], [-83.49079, 8.86639], [-83.49081, 8.86634], [-83.49083, 8.86631], [-83.49085, 8.86629], [-83.49088, 8.86627], [-83.49092, 8.86625], [-83.49095, 8.86623], [-83.49097, 8.8662], [-83.49098, 8.86614], [-83.49099, 8.86612], [-83.49101, 8.86609], [-83.49104, 8.86608], [-83.49107, 8.86607], [-83.4911, 8.86607], [-83.49111, 8.86606], [-83.49115, 8.86602], [-83.49118, 8.86598], [-83.49121, 8.86593], [-83.49125, 8.86587], [-83.49128, 8.86581], [-83.49131, 8.86576], [-83.49134, 8.86571], [-83.49138, 8.86565], [-83.49141, 8.86559], [-83.49144, 8.86554], [-83.49145, 8.8655], [-83.49146, 8.86546], [-83.49146, 8.86543], [-83.49147, 8.8654], [-83.49148, 8.86536], [-83.49153, 8.86529], [-83.49156, 8.86525], [-83.49158, 8.8652], [-83.49161, 8.86512], [-83.49162, 8.86505], [-83.49162, 8.86501], [-83.49163, 8.86497], [-83.49165, 8.86492], [-83.49167, 8.86488], [-83.49167, 8.86485], [-83.49166, 8.8648], [-83.49167, 8.86475], [-83.49167, 8.86471], [-83.49168, 8.86465], [-83.49168, 8.8646], [-83.49167, 8.86456], [-83.49166, 8.86452], [-83.49165, 8.86447], [-83.49165, 8.86444], [-83.49166, 8.86439], [-83.49167, 8.86434], [-83.49168, 8.8643], [-83.49166, 8.86426], [-83.49165, 8.86423], [-83.49163, 8.86419], [-83.49163, 8.86415], [-83.49163, 8.8641], [-83.49163, 8.86404], [-83.49162, 8.864], [-83.4916, 8.86394], [-83.49158, 8.86387], [-83.49155, 8.86382], [-83.49152, 8.86376], [-83.4915, 8.8637], [-83.4914, 8.86356], [-83.49138, 8.86351], [-83.49136, 8.86348], [-83.49134, 8.86345], [-83.49134, 8.86345], [-83.49132, 8.86343], [-83.4913, 8.86342], [-83.49126, 8.86342], [-83.49124, 8.86342], [-83.49122, 8.86341], [-83.4912, 8.86339], [-83.49119, 8.86337], [-83.4911, 8.86327], [-83.49103, 8.8632], [-83.49096, 8.86314], [-83.49093, 8.86312], [-83.49084, 8.86311], [-83.49071, 8.86309], [-83.49063, 8.86309], [-83.49053, 8.86309], [-83.49046, 8.86311], [-83.49036, 8.86314], [-83.49025, 8.86316], [-83.49018, 8.86316], [-83.49011, 8.86317], [-83.49002, 8.86319], [-83.48991, 8.8632], [-83.48979, 8.86318], [-83.48971, 8.86313], [-83.48962, 8.86306], [-83.48954, 8.86298], [-83.48949, 8.86294], [-83.48938, 8.8629], [-83.48927, 8.86288], [-83.48914, 8.86286], [-83.48903, 8.86279], [-83.48892, 8.86272], [-83.48883, 8.86265], [-83.48873, 8.86257], [-83.48865, 8.86249], [-83.48858, 8.86241], [-83.48849, 8.86232], [-83.48839, 8.86222], [-83.48832, 8.86214], [-83.48822, 8.86205], [-83.48813, 8.86197], [-83.48807, 8.86191], [-83.48803, 8.86185], [-83.48797, 8.86178], [-83.48791, 8.86171], [-83.48781, 8.86163], [-83.48769, 8.86152], [-83.48759, 8.86143], [-83.48748, 8.86134], [-83.48742, 8.8613], [-83.48738, 8.86127], [-83.48732, 8.86121], [-83.48722, 8.86112], [-83.48717, 8.86106], [-83.48713, 8.86102], [-83.48707, 8.86097], [-83.48702, 8.86091], [-83.48698, 8.86087], [-83.48696, 8.86084], [-83.48687, 8.86073], [-83.48681, 8.86066], [-83.48675, 8.86058], [-83.48672, 8.86055], [-83.48666, 8.86046], [-83.48658, 8.86034], [-83.48648, 8.86024], [-83.48634, 8.86001], [-83.48626, 8.85988], [-83.4862, 8.85978], [-83.48615, 8.85963], [-83.48612, 8.85954], [-83.4861, 8.85944], [-83.48608, 8.85934], [-83.48605, 8.85924], [-83.486, 8.85903], [-83.48597, 8.85895], [-83.48592, 8.85884], [-83.4859, 8.85874], [-83.48588, 8.85864], [-83.48586, 8.85857], [-83.48585, 8.85848], [-83.48584, 8.8584], [-83.48582, 8.85832], [-83.48581, 8.85824], [-83.4858, 8.85813], [-83.48581, 8.85808], [-83.48582, 8.85801], [-83.48585, 8.85798], [-83.48587, 8.85797], [-83.48593, 8.85795], [-83.48601, 8.85792], [-83.48606, 8.85788], [-83.48611, 8.85785], [-83.48619, 8.85784], [-83.48628, 8.85784], [-83.48638, 8.85784], [-83.48649, 8.85785], [-83.48666, 8.85789], [-83.4868, 8.85792], [-83.48693, 8.85793], [-83.48707, 8.85796], [-83.48717, 8.85799], [-83.48726, 8.85802], [-83.48733, 8.85804], [-83.48738, 8.85805], [-83.48745, 8.85805], [-83.48754, 8.85805], [-83.48765, 8.85806], [-83.48777, 8.85807], [-83.48787, 8.85806], [-83.48794, 8.85807], [-83.48804, 8.85808], [-83.48811, 8.8581], [-83.48823, 8.85809], [-83.48835, 8.85809], [-83.48848, 8.85809], [-83.48861, 8.85811], [-83.48872, 8.8581], [-83.4889, 8.85811], [-83.48903, 8.85812], [-83.48911, 8.85812], [-83.48924, 8.85811], [-83.48937, 8.85809], [-83.48952, 8.85809], [-83.48964, 8.8581], [-83.48983, 8.85813], [-83.48995, 8.85816], [-83.49008, 8.85819], [-83.49017, 8.85821], [-83.49027, 8.85821], [-83.49036, 8.85817], [-83.49045, 8.85814], [-83.4905, 8.85813], [-83.49054, 8.85813], [-83.49073, 8.85807], [-83.4908, 8.85803], [-83.49089, 8.85798], [-83.49096, 8.85793], [-83.49105, 8.85784], [-83.49112, 8.85778], [-83.49118, 8.85771], [-83.49126, 8.85762], [-83.49131, 8.85756], [-83.49139, 8.85748], [-83.49148, 8.85736], [-83.49153, 8.85732], [-83.49159, 8.85728], [-83.49165, 8.85724], [-83.4917, 8.8572], [-83.49176, 8.85717], [-83.4918, 8.85715], [-83.49182, 8.85714], [-83.49186, 8.85711], [-83.49193, 8.85706], [-83.49202, 8.85698], [-83.49212, 8.85691], [-83.49219, 8.85687], [-83.49224, 8.85683], [-83.49237, 8.85674], [-83.49248, 8.85665], [-83.49255, 8.85661], [-83.49262, 8.85658], [-83.49272, 8.85652], [-83.49282, 8.85646], [-83.4929, 8.85642], [-83.49298, 8.85637], [-83.49325, 8.85621], [-83.49333, 8.85617], [-83.49341, 8.85613], [-83.49349, 8.85611], [-83.49358, 8.85609], [-83.49365, 8.85608], [-83.49372, 8.85607], [-83.4938, 8.85607], [-83.49387, 8.8561], [-83.49393, 8.85613], [-83.49398, 8.85616], [-83.49398, 8.85616], [-83.49404, 8.85624], [-83.4941, 8.8564], [-83.4941, 8.8564], [-83.49416, 8.85647], [-83.49425, 8.85656], [-83.49433, 8.85666], [-83.49441, 8.85674], [-83.49453, 8.85683], [-83.49458, 8.85687], [-83.49464, 8.85692], [-83.4947, 8.85699], [-83.49474, 8.85703], [-83.4948, 8.85709], [-83.49488, 8.85715], [-83.49496, 8.8572], [-83.49501, 8.85723], [-83.4951, 8.85726], [-83.49514, 8.85728], [-83.49521, 8.85732], [-83.49526, 8.85735], [-83.49529, 8.85737], [-83.49532, 8.85742], [-83.49535, 8.85746], [-83.49537, 8.8575], [-83.49541, 8.85754], [-83.49544, 8.85754], [-83.49545, 8.85754], [-83.49548, 8.85753], [-83.49552, 8.85753], [-83.49556, 8.85754], [-83.49556, 8.85754], [-83.4956, 8.85755], [-83.49564, 8.85757], [-83.49566, 8.85758], [-83.49572, 8.85762], [-83.4958, 8.85767], [-83.49587, 8.8577], [-83.49591, 8.85773], [-83.49596, 8.85778], [-83.49603, 8.85784], [-83.49608, 8.85786], [-83.49614, 8.85788], [-83.49619, 8.8579], [-83.49624, 8.85791], [-83.49626, 8.85792], [-83.49631, 8.85794], [-83.49639, 8.85798], [-83.49645, 8.85802], [-83.49649, 8.85805], [-83.49656, 8.85808], [-83.49661, 8.8581], [-83.49673, 8.85814], [-83.49681, 8.85815], [-83.49683, 8.85815], [-83.49688, 8.85815], [-83.49694, 8.85817], [-83.49697, 8.85819], [-83.497, 8.85823], [-83.49704, 8.85828], [-83.4971, 8.85834], [-83.49717, 8.85838], [-83.49723, 8.8584], [-83.49734, 8.85842], [-83.49739, 8.85843], [-83.49744, 8.85845], [-83.49751, 8.85847], [-83.49755, 8.85847], [-83.49758, 8.85846], [-83.49762, 8.85846], [-83.49765, 8.85846], [-83.49769, 8.85847], [-83.49774, 8.85848], [-83.49778, 8.8585], [-83.49784, 8.85854], [-83.4979, 8.85856], [-83.49797, 8.85858], [-83.49802, 8.8586], [-83.49808, 8.85861], [-83.49812, 8.85863], [-83.49823, 8.85867], [-83.49829, 8.85868], [-83.49836, 8.85869], [-83.49841, 8.85869], [-83.49844, 8.85869], [-83.49849, 8.8587], [-83.49853, 8.85871], [-83.49859, 8.85873], [-83.49867, 8.85873], [-83.49872, 8.85874], [-83.49878, 8.85875], [-83.49884, 8.85876], [-83.4989, 8.85878], [-83.49893, 8.85878], [-83.49896, 8.8588], [-83.49899, 8.85883], [-83.49903, 8.85887], [-83.49907, 8.85888], [-83.4991, 8.85886], [-83.49911, 8.85883], [-83.49912, 8.85881], [-83.49913, 8.8588], [-83.49913, 8.8588], [-83.49915, 8.85881], [-83.4992, 8.85883], [-83.49926, 8.85885], [-83.49932, 8.85885], [-83.49938, 8.85885], [-83.49943, 8.85885], [-83.49947, 8.85887], [-83.49951, 8.85889], [-83.49961, 8.85891], [-83.49969, 8.85893], [-83.49974, 8.85893], [-83.49979, 8.85893], [-83.49987, 8.85893], [-83.49993, 8.85893], [-83.5, 8.85893], [-83.5, 8.85893], [-83.50006, 8.85893], [-83.50013, 8.85893], [-83.50018, 8.85893], [-83.50025, 8.85894], [-83.5003, 8.85894], [-83.50038, 8.85893], [-83.50048, 8.85892], [-83.50054, 8.85892], [-83.50061, 8.85892], [-83.50067, 8.85893], [-83.50072, 8.85894], [-83.50078, 8.85895], [-83.50084, 8.85895], [-83.50093, 8.85895], [-83.501, 8.85893], [-83.5011, 8.85891], [-83.50118, 8.85889], [-83.50125, 8.85889], [-83.50131, 8.85889], [-83.5014, 8.85891], [-83.50148, 8.85892], [-83.50154, 8.85892], [-83.50158, 8.85893], [-83.50164, 8.85892], [-83.50169, 8.8589], [-83.50172, 8.85888], [-83.50178, 8.85889], [-83.50185, 8.85887], [-83.50189, 8.85886], [-83.50192, 8.85885], [-83.50194, 8.85885], [-83.50196, 8.85885], [-83.50199, 8.85885], [-83.50202, 8.85885], [-83.50205, 8.85886], [-83.50209, 8.85887], [-83.50214, 8.85887], [-83.50218, 8.85888], [-83.50223, 8.85888], [-83.50227, 8.85888], [-83.50231, 8.85887], [-83.50236, 8.85886], [-83.50238, 8.85885], [-83.50242, 8.85884], [-83.50247, 8.85882], [-83.5025, 8.85881], [-83.50252, 8.85881], [-83.50255, 8.85881], [-83.50259, 8.85881], [-83.50262, 8.85881], [-83.50263, 8.85882], [-83.50265, 8.85883], [-83.50266, 8.85886], [-83.50267, 8.85887], [-83.50269, 8.8589], [-83.50272, 8.85892], [-83.50275, 8.85894], [-83.50278, 8.85895], [-83.50282, 8.85895], [-83.50288, 8.85896], [-83.50292, 8.85897], [-83.50295, 8.85898], [-83.50298, 8.85897], [-83.50299, 8.85896], [-83.50301, 8.85894], [-83.50302, 8.85891], [-83.50303, 8.85891], [-83.50305, 8.85891], [-83.50305, 8.85891], [-83.50306, 8.85893], [-83.50307, 8.85894], [-83.50308, 8.85895], [-83.50309, 8.85895], [-83.50311, 8.85894], [-83.50314, 8.85893], [-83.50316, 8.85893], [-83.50318, 8.85894], [-83.50321, 8.85897], [-83.50323, 8.85897], [-83.50326, 8.85898], [-83.50329, 8.85898], [-83.50333, 8.85898], [-83.50337, 8.85898], [-83.5034, 8.85898], [-83.50343, 8.85899], [-83.50345, 8.859], [-83.50348, 8.85901], [-83.50353, 8.85902], [-83.50357, 8.85902], [-83.50361, 8.85901], [-83.50365, 8.859], [-83.50369, 8.85899], [-83.50371, 8.85899], [-83.50374, 8.85898], [-83.5038, 8.85898], [-83.50386, 8.85898], [-83.50388, 8.85897], [-83.50391, 8.85897], [-83.50394, 8.85897], [-83.50396, 8.85897], [-83.50399, 8.85896], [-83.50402, 8.85897], [-83.50404, 8.85898], [-83.50407, 8.85899], [-83.5041, 8.85901], [-83.50413, 8.85901], [-83.50417, 8.85901], [-83.5042, 8.859], [-83.50422, 8.859], [-83.50425, 8.85899], [-83.50428, 8.85898], [-83.5043, 8.85897], [-83.50433, 8.85897], [-83.50436, 8.85897], [-83.50439, 8.85896], [-83.50442, 8.85896], [-83.50443, 8.85896], [-83.50445, 8.85896], [-83.50446, 8.85896], [-83.50448, 8.85895], [-83.50449, 8.85895], [-83.50451, 8.85894], [-83.50453, 8.85893], [-83.50455, 8.85892], [-83.50457, 8.85893], [-83.50458, 8.85894], [-83.50459, 8.85894], [-83.50461, 8.85895], [-83.50465, 8.85895], [-83.50468, 8.85894], [-83.50472, 8.85893], [-83.50489, 8.85891], [-83.50493, 8.85891], [-83.50498, 8.85891], [-83.50503, 8.85891], [-83.50507, 8.85891], [-83.50511, 8.85891], [-83.50513, 8.8589], [-83.50514, 8.85889], [-83.50516, 8.85888], [-83.50517, 8.85887], [-83.50518, 8.85887], [-83.50519, 8.85888], [-83.50521, 8.8589], [-83.50522, 8.85891], [-83.50523, 8.85891], [-83.50523, 8.85891], [-83.50525, 8.85891], [-83.50527, 8.85891], [-83.50529, 8.85891], [-83.50531, 8.85891], [-83.50533, 8.85891], [-83.50538, 8.8589], [-83.5054, 8.85889], [-83.50542, 8.85889], [-83.50543, 8.85889], [-83.50545, 8.85888], [-83.50546, 8.85888], [-83.50548, 8.85888], [-83.50549, 8.85888], [-83.50553, 8.8589], [-83.50553, 8.8589], [-83.50553, 8.8589], [-83.50556, 8.8589], [-83.50558, 8.8589], [-83.50559, 8.8589], [-83.50562, 8.8589], [-83.50563, 8.8589], [-83.50566, 8.85891], [-83.50567, 8.8589], [-83.50567, 8.8589], [-83.50569, 8.85889], [-83.5057, 8.85889], [-83.5057, 8.85889], [-83.5057, 8.85889], [-83.50574, 8.85889], [-83.50576, 8.85889], [-83.5058, 8.85887], [-83.50582, 8.85886], [-83.50585, 8.85886], [-83.50587, 8.85887], [-83.50589, 8.85887], [-83.50591, 8.85887], [-83.50594, 8.85888], [-83.50596, 8.85889], [-83.50598, 8.85891], [-83.50602, 8.85893], [-83.50605, 8.85894], [-83.50607, 8.85894], [-83.50609, 8.85893], [-83.50611, 8.85892], [-83.50614, 8.8589], [-83.50617, 8.85888], [-83.5062, 8.85886], [-83.50623, 8.85886], [-83.50628, 8.85885], [-83.50632, 8.85884], [-83.50637, 8.85882], [-83.50641, 8.8588], [-83.50645, 8.85879], [-83.50649, 8.85878], [-83.50651, 8.85878], [-83.50655, 8.85878], [-83.50659, 8.85878], [-83.50663, 8.85878], [-83.50667, 8.85878], [-83.50673, 8.85876], [-83.50678, 8.85874], [-83.50682, 8.85874], [-83.50684, 8.85874], [-83.50684, 8.85874], [-83.50685, 8.85875], [-83.50686, 8.85874], [-83.5069, 8.85873], [-83.50693, 8.85872], [-83.50697, 8.85871], [-83.507, 8.85871], [-83.50702, 8.85871], [-83.50705, 8.85871], [-83.50707, 8.85869], [-83.50711, 8.85868], [-83.50715, 8.85867], [-83.50718, 8.85866], [-83.50721, 8.85865], [-83.50728, 8.85862], [-83.50732, 8.85861], [-83.50734, 8.85859], [-83.50735, 8.85859], [-83.50736, 8.85858], [-83.50737, 8.85858], [-83.50737, 8.85858], [-83.5074, 8.85859], [-83.50744, 8.85859], [-83.50746, 8.85858], [-83.50749, 8.85855], [-83.50752, 8.85852], [-83.50756, 8.8585], [-83.50759, 8.85849], [-83.50762, 8.85848], [-83.50767, 8.85847], [-83.5077, 8.85845], [-83.50772, 8.85845], [-83.50776, 8.85845], [-83.50777, 8.85844], [-83.5078, 8.85842], [-83.50782, 8.8584], [-83.50785, 8.85839], [-83.50788, 8.85837], [-83.50791, 8.85835], [-83.50795, 8.85833], [-83.50799, 8.85832], [-83.50802, 8.85831], [-83.50805, 8.8583], [-83.50807, 8.85829], [-83.50809, 8.85827], [-83.50812, 8.85826], [-83.50815, 8.85825], [-83.50817, 8.85824], [-83.50818, 8.85823], [-83.50821, 8.85822], [-83.50822, 8.85822], [-83.50825, 8.8582], [-83.50826, 8.8582], [-83.50828, 8.85818], [-83.5083, 8.85818], [-83.50831, 8.85817], [-83.50833, 8.85816], [-83.50835, 8.85814], [-83.50838, 8.85813], [-83.50842, 8.85811], [-83.50846, 8.85809], [-83.50848, 8.85808], [-83.50854, 8.85804], [-83.50858, 8.85802], [-83.50861, 8.858], [-83.50863, 8.85799], [-83.50864, 8.85798], [-83.50866, 8.85798], [-83.50868, 8.85796], [-83.5087, 8.85794], [-83.50872, 8.85793], [-83.50875, 8.85791], [-83.50877, 8.85789], [-83.50882, 8.85787], [-83.50885, 8.85785], [-83.50888, 8.85783], [-83.50891, 8.85781], [-83.50893, 8.8578], [-83.50896, 8.85778], [-83.50902, 8.85775], [-83.50904, 8.85774], [-83.50905, 8.85772], [-83.50907, 8.8577], [-83.5091, 8.85769], [-83.50913, 8.85766], [-83.50917, 8.85763], [-83.50922, 8.85759], [-83.50926, 8.85755], [-83.50929, 8.85752], [-83.50932, 8.85749], [-83.50936, 8.85746], [-83.5094, 8.85743], [-83.50944, 8.85741], [-83.50946, 8.85739], [-83.50949, 8.85737], [-83.50953, 8.85733], [-83.50956, 8.8573], [-83.50958, 8.85727], [-83.50962, 8.85724], [-83.50966, 8.8572], [-83.50969, 8.85718], [-83.50971, 8.85716], [-83.50976, 8.85712], [-83.50979, 8.85709], [-83.50982, 8.85706], [-83.50986, 8.85702], [-83.50989, 8.85699], [-83.50993, 8.85696], [-83.50996, 8.85693], [-83.50998, 8.85691], [-83.51001, 8.85688], [-83.51004, 8.85685], [-83.51007, 8.85681], [-83.51011, 8.85678], [-83.51015, 8.85674], [-83.51017, 8.85672], [-83.51023, 8.85664], [-83.51026, 8.85661], [-83.51029, 8.85658], [-83.51031, 8.85655], [-83.51034, 8.85652], [-83.51035, 8.8565], [-83.51039, 8.85647], [-83.51041, 8.85645], [-83.51043, 8.85643], [-83.51045, 8.85642], [-83.51046, 8.8564], [-83.51047, 8.85638], [-83.51051, 8.85635], [-83.51051, 8.85635], [-83.51053, 8.85632], [-83.51055, 8.85629], [-83.51057, 8.85626], [-83.51059, 8.85623], [-83.51061, 8.8562], [-83.51063, 8.85618], [-83.51064, 8.85617], [-83.51065, 8.85616], [-83.51065, 8.85616], [-83.51066, 8.85615], [-83.51069, 8.85612], [-83.51071, 8.85608], [-83.51073, 8.85606], [-83.51075, 8.85603], [-83.51077, 8.85601], [-83.51079, 8.85598], [-83.51081, 8.85595], [-83.51083, 8.85592], [-83.51086, 8.85589], [-83.51087, 8.85586], [-83.51088, 8.85584], [-83.51089, 8.85582], [-83.51091, 8.85579], [-83.51093, 8.85576], [-83.51095, 8.85573], [-83.51097, 8.85571], [-83.51099, 8.85569], [-83.51102, 8.85565], [-83.51105, 8.85562], [-83.51107, 8.85558], [-83.5111, 8.85553], [-83.51112, 8.85549], [-83.51114, 8.85545], [-83.51116, 8.85542], [-83.51119, 8.85538], [-83.51122, 8.85531], [-83.51125, 8.85527], [-83.51126, 8.85524], [-83.51128, 8.85521], [-83.5113, 8.85517], [-83.51131, 8.85514], [-83.51134, 8.85509], [-83.51134, 8.85506], [-83.51136, 8.85503], [-83.51138, 8.855], [-83.51139, 8.85497], [-83.51141, 8.85494], [-83.51143, 8.85489], [-83.51146, 8.85482], [-83.51147, 8.85478], [-83.5115, 8.85473], [-83.51152, 8.85469], [-83.51152, 8.85465], [-83.51153, 8.85462], [-83.51154, 8.85455], [-83.51156, 8.85451], [-83.51158, 8.85446], [-83.5116, 8.85441], [-83.51162, 8.85434], [-83.51168, 8.85416], [-83.51169, 8.85412], [-83.51171, 8.85408], [-83.51172, 8.85404], [-83.51173, 8.85401], [-83.51173, 8.85396], [-83.51174, 8.85392], [-83.51175, 8.85387], [-83.51176, 8.85383], [-83.51177, 8.85378], [-83.51179, 8.85374], [-83.51179, 8.85371], [-83.5118, 8.85368], [-83.51181, 8.85365], [-83.51182, 8.85361], [-83.51184, 8.85357], [-83.51185, 8.85353], [-83.51185, 8.8535], [-83.51186, 8.85346], [-83.51186, 8.85343], [-83.51187, 8.85339], [-83.51189, 8.85336], [-83.51191, 8.8533], [-83.51192, 8.85327], [-83.51194, 8.85323], [-83.51196, 8.85317], [-83.51198, 8.85312], [-83.512, 8.85306], [-83.51203, 8.853], [-83.51206, 8.85296], [-83.51208, 8.85291], [-83.51211, 8.85285], [-83.51213, 8.85283], [-83.51214, 8.85279], [-83.51216, 8.85276], [-83.51216, 8.85274], [-83.51216, 8.85273], [-83.51216, 8.85273], [-83.51215, 8.85272], [-83.51215, 8.85272], [-83.51215, 8.8527], [-83.51215, 8.85267], [-83.51216, 8.85263], [-83.51217, 8.85259], [-83.51219, 8.85254], [-83.51221, 8.85249], [-83.51224, 8.85237], [-83.51225, 8.85232], [-83.51226, 8.85229], [-83.51227, 8.85227], [-83.51228, 8.85223], [-83.51229, 8.85219], [-83.51229, 8.85216], [-83.51229, 8.85213], [-83.51229, 8.85209], [-83.5123, 8.85207], [-83.51231, 8.85203], [-83.51231, 8.85201], [-83.51231, 8.85198], [-83.51232, 8.85195], [-83.51232, 8.85193], [-83.51233, 8.85191], [-83.51233, 8.85187], [-83.51233, 8.85182], [-83.51232, 8.85178], [-83.51231, 8.85175], [-83.51231, 8.85168], [-83.51231, 8.85165], [-83.51232, 8.85162], [-83.51232, 8.85159], [-83.51231, 8.85156], [-83.5123, 8.85151], [-83.5123, 8.85147], [-83.51231, 8.85143], [-83.51232, 8.85138], [-83.51233, 8.85135], [-83.51234, 8.85131], [-83.51234, 8.8513], [-83.51234, 8.85128], [-83.51233, 8.85124], [-83.51233, 8.8512], [-83.51232, 8.85115], [-83.5123, 8.85111], [-83.51229, 8.85106], [-83.51228, 8.851], [-83.51227, 8.85093], [-83.51225, 8.85086], [-83.51225, 8.85082], [-83.51225, 8.85076], [-83.51225, 8.85068], [-83.51225, 8.85058], [-83.51225, 8.85053], [-83.51223, 8.85047], [-83.51222, 8.85042], [-83.5122, 8.85036], [-83.51221, 8.85031], [-83.51221, 8.85024], [-83.51223, 8.85016], [-83.51223, 8.85012], [-83.51224, 8.85007], [-83.51225, 8.85002], [-83.51225, 8.85], [-83.51225, 8.84998], [-83.51227, 8.84993], [-83.51228, 8.84989], [-83.5123, 8.84986], [-83.51232, 8.84983], [-83.51234, 8.84979], [-83.51236, 8.84975], [-83.51239, 8.84969], [-83.51242, 8.84965], [-83.51245, 8.84962], [-83.51248, 8.84958], [-83.51252, 8.84955], [-83.51255, 8.84952], [-83.5126, 8.8495], [-83.51264, 8.84948], [-83.51269, 8.84948], [-83.51275, 8.84948], [-83.5128, 8.84948], [-83.51283, 8.84948], [-83.51289, 8.84947], [-83.51297, 8.84944], [-83.51302, 8.84942], [-83.51308, 8.8494], [-83.51315, 8.84937], [-83.51322, 8.84934], [-83.51332, 8.84933], [-83.51338, 8.84931], [-83.51345, 8.8493], [-83.51352, 8.8493], [-83.51358, 8.8493], [-83.51364, 8.8493], [-83.5137, 8.8493], [-83.51375, 8.8493], [-83.51381, 8.84929], [-83.51385, 8.84928], [-83.51389, 8.84928], [-83.51394, 8.84927], [-83.51398, 8.84926], [-83.51403, 8.84926], [-83.51408, 8.84925], [-83.51412, 8.84924], [-83.51416, 8.84923], [-83.51418, 8.84922], [-83.51421, 8.84921], [-83.51426, 8.84921], [-83.5143, 8.84922], [-83.51433, 8.84923], [-83.51436, 8.84922], [-83.51438, 8.84922], [-83.5144, 8.8492], [-83.51442, 8.84919], [-83.51444, 8.84918], [-83.51447, 8.84919], [-83.51449, 8.84919], [-83.51451, 8.8492], [-83.51453, 8.84921], [-83.51456, 8.84924], [-83.51459, 8.84925], [-83.51463, 8.84927], [-83.51466, 8.84928], [-83.51468, 8.84929], [-83.51472, 8.84927], [-83.51476, 8.84925], [-83.51481, 8.84923], [-83.51485, 8.84922], [-83.51488, 8.84921], [-83.51494, 8.84921], [-83.51498, 8.84921], [-83.51502, 8.8492], [-83.51506, 8.8492], [-83.51508, 8.84921], [-83.51509, 8.84923], [-83.5151, 8.84924], [-83.5151, 8.84925], [-83.5151, 8.84926], [-83.51511, 8.84928], [-83.51513, 8.8493], [-83.51516, 8.84931], [-83.51519, 8.84931], [-83.51522, 8.8493], [-83.51525, 8.84929], [-83.51526, 8.84927], [-83.51529, 8.84923], [-83.51532, 8.8492], [-83.51535, 8.84917], [-83.51538, 8.84917], [-83.51541, 8.84916], [-83.51544, 8.84917], [-83.51547, 8.84918], [-83.5155, 8.84917], [-83.51552, 8.84916], [-83.51554, 8.84914], [-83.51556, 8.84911], [-83.51557, 8.8491], [-83.51558, 8.84909], [-83.5156, 8.84908], [-83.51563, 8.84906], [-83.51571, 8.84903], [-83.51576, 8.84902], [-83.51582, 8.849], [-83.51587, 8.84898], [-83.51593, 8.84896], [-83.516, 8.84895], [-83.51607, 8.84894], [-83.51613, 8.84893], [-83.5162, 8.84891], [-83.51623, 8.8489], [-83.51628, 8.84889], [-83.51633, 8.84889], [-83.51639, 8.84888], [-83.51644, 8.84887], [-83.51649, 8.84887], [-83.51653, 8.84887], [-83.51658, 8.84887], [-83.51661, 8.84886], [-83.51664, 8.84885], [-83.51668, 8.84885], [-83.51669, 8.84885], [-83.51671, 8.84885], [-83.51674, 8.84886], [-83.51677, 8.84886], [-83.51679, 8.84885], [-83.5168, 8.84885], [-83.51683, 8.84885], [-83.51687, 8.84886], [-83.51691, 8.84887], [-83.51693, 8.84887], [-83.51698, 8.84888], [-83.51701, 8.84889], [-83.51706, 8.84889], [-83.51709, 8.8489], [-83.51711, 8.84891], [-83.51714, 8.84893], [-83.51716, 8.84897], [-83.51716, 8.84898], [-83.51716, 8.84899], [-83.51716, 8.84905], [-83.51718, 8.84911], [-83.51719, 8.84915], [-83.5172, 8.8492], [-83.5172, 8.84922], [-83.51721, 8.84931], [-83.51722, 8.84937], [-83.51725, 8.84944], [-83.51727, 8.84954], [-83.51729, 8.84965], [-83.51732, 8.84976], [-83.51735, 8.84987], [-83.51738, 8.84997], [-83.51739, 8.85], [-83.5174, 8.85004], [-83.51739, 8.85016], [-83.51739, 8.8503], [-83.5174, 8.85038], [-83.51742, 8.85047], [-83.51741, 8.85057], [-83.51741, 8.85063], [-83.51743, 8.85076], [-83.51746, 8.85083], [-83.51748, 8.8509], [-83.51749, 8.851], [-83.51751, 8.85115], [-83.51752, 8.85129], [-83.51752, 8.85143], [-83.51753, 8.85156], [-83.51755, 8.85167], [-83.5176, 8.85179], [-83.51762, 8.85203], [-83.51764, 8.85208], [-83.51769, 8.85216], [-83.51777, 8.85226], [-83.51784, 8.85235], [-83.51792, 8.85242], [-83.51801, 8.85247], [-83.51801, 8.85247], [-83.51805, 8.85249], [-83.51808, 8.85251], [-83.51812, 8.85254], [-83.51815, 8.85256], [-83.5182, 8.8526], [-83.51823, 8.85262], [-83.51826, 8.85264], [-83.5183, 8.85267], [-83.51833, 8.85272], [-83.51833, 8.85274], [-83.51835, 8.85278], [-83.51838, 8.85284], [-83.5184, 8.85288], [-83.51843, 8.85292], [-83.51845, 8.85296], [-83.51847, 8.85304], [-83.51848, 8.85309], [-83.51849, 8.85316], [-83.51851, 8.85321], [-83.51852, 8.85328], [-83.51855, 8.85333], [-83.51857, 8.85339], [-83.51858, 8.85344], [-83.51859, 8.85347], [-83.51862, 8.85352], [-83.51863, 8.85357], [-83.51865, 8.85363], [-83.51866, 8.85369], [-83.51867, 8.85376], [-83.51868, 8.85381], [-83.51869, 8.85385], [-83.51871, 8.85389], [-83.51874, 8.85392], [-83.51876, 8.85395], [-83.51877, 8.85397], [-83.51875, 8.85401], [-83.51874, 8.85403], [-83.51874, 8.85403], [-83.51874, 8.85405], [-83.51873, 8.85406], [-83.51875, 8.85408], [-83.51877, 8.85411], [-83.51878, 8.85414], [-83.51878, 8.85415], [-83.51878, 8.85418], [-83.51876, 8.85422], [-83.51875, 8.85424], [-83.51874, 8.85425], [-83.51873, 8.85425], [-83.51872, 8.85426], [-83.51873, 8.85428], [-83.51875, 8.85431], [-83.51879, 8.85437], [-83.51879, 8.85438], [-83.51883, 8.85442], [-83.51886, 8.85445], [-83.51889, 8.85448], [-83.5189, 8.85452], [-83.51891, 8.85458], [-83.51891, 8.85462], [-83.51892, 8.85468], [-83.51892, 8.85471], [-83.51894, 8.85477], [-83.51895, 8.8548], [-83.51898, 8.85485], [-83.51899, 8.85488], [-83.519, 8.85493], [-83.51902, 8.85497], [-83.51903, 8.855], [-83.51905, 8.85504], [-83.51906, 8.85506], [-83.51907, 8.8551], [-83.51907, 8.85513], [-83.51908, 8.85516], [-83.51909, 8.85519], [-83.5191, 8.85524], [-83.5191, 8.85524], [-83.51911, 8.85528], [-83.51912, 8.85532], [-83.51912, 8.85534], [-83.51912, 8.85536], [-83.51914, 8.85538], [-83.51914, 8.8554], [-83.51916, 8.85543], [-83.51919, 8.85546], [-83.51922, 8.85549], [-83.51926, 8.85552], [-83.51931, 8.85556], [-83.51934, 8.85561], [-83.51941, 8.85571], [-83.51943, 8.85578], [-83.51944, 8.85581], [-83.51947, 8.85589], [-83.51949, 8.85596], [-83.51952, 8.85605], [-83.51955, 8.85611], [-83.51957, 8.85615], [-83.51959, 8.85618], [-83.5196, 8.85622], [-83.51961, 8.85628], [-83.51961, 8.85632], [-83.51961, 8.85635], [-83.51962, 8.85639], [-83.51961, 8.85643], [-83.51961, 8.85647], [-83.51961, 8.85649], [-83.51961, 8.85651], [-83.51965, 8.85653], [-83.51965, 8.85654], [-83.51966, 8.85654], [-83.51966, 8.85657], [-83.51967, 8.85659], [-83.51967, 8.85662], [-83.51967, 8.85663], [-83.51969, 8.85664], [-83.51969, 8.85664], [-83.5197, 8.85667], [-83.5197, 8.85669], [-83.5197, 8.85672], [-83.51971, 8.85675], [-83.51972, 8.85678], [-83.51972, 8.85682], [-83.51973, 8.85686], [-83.51974, 8.85691], [-83.51976, 8.85694], [-83.51979, 8.85696], [-83.51979, 8.85697], [-83.5198, 8.85698], [-83.51982, 8.85701], [-83.51985, 8.85705], [-83.51985, 8.85705], [-83.51985, 8.85707], [-83.51985, 8.85708], [-83.51987, 8.8571], [-83.51988, 8.85713], [-83.5199, 8.85716], [-83.51993, 8.8572], [-83.51998, 8.85727], [-83.52001, 8.85732], [-83.52004, 8.85739], [-83.52006, 8.85745], [-83.52009, 8.85751], [-83.52012, 8.8576], [-83.52015, 8.85766], [-83.52017, 8.85774], [-83.52017, 8.8578], [-83.52017, 8.85787], [-83.52017, 8.85794], [-83.52016, 8.858], [-83.52015, 8.85808], [-83.52014, 8.85813], [-83.52012, 8.85817], [-83.52008, 8.85822], [-83.52004, 8.85828], [-83.52001, 8.85832], [-83.51997, 8.85837], [-83.51992, 8.85844], [-83.51988, 8.85852], [-83.51985, 8.85859], [-83.51979, 8.85868], [-83.51977, 8.85872], [-83.51974, 8.85877], [-83.51971, 8.85882], [-83.51966, 8.85887], [-83.51964, 8.85889], [-83.51958, 8.85897], [-83.51953, 8.85903], [-83.51949, 8.8591], [-83.51946, 8.85916], [-83.51943, 8.85921], [-83.51938, 8.85927], [-83.51932, 8.85936], [-83.51929, 8.8594], [-83.51925, 8.85947], [-83.51922, 8.85955], [-83.5192, 8.85961], [-83.51917, 8.85965], [-83.51911, 8.85971], [-83.51905, 8.85978], [-83.51896, 8.85988], [-83.5189, 8.85994], [-83.51886, 8.85999], [-83.51883, 8.86003], [-83.51879, 8.86009], [-83.51874, 8.86016], [-83.5187, 8.86021], [-83.51866, 8.86026], [-83.51863, 8.86031], [-83.5186, 8.86039], [-83.51857, 8.86045], [-83.51854, 8.86051], [-83.51851, 8.86055], [-83.51845, 8.86063], [-83.51843, 8.86069], [-83.51841, 8.86075], [-83.51841, 8.8608], [-83.51839, 8.86085], [-83.51838, 8.86088], [-83.51837, 8.86091], [-83.51835, 8.86094], [-83.51835, 8.86096], [-83.51834, 8.86097], [-83.51831, 8.86102], [-83.51827, 8.86109], [-83.51825, 8.86114], [-83.51822, 8.86119], [-83.51814, 8.86198], [-83.51817, 8.86199], [-83.51821, 8.862], [-83.51825, 8.86202], [-83.51827, 8.86204], [-83.51831, 8.86207], [-83.51833, 8.86208], [-83.51838, 8.8621], [-83.51841, 8.86212], [-83.51844, 8.86212], [-83.51848, 8.86213], [-83.51853, 8.86214], [-83.51857, 8.86215], [-83.51859, 8.86215], [-83.51861, 8.86216], [-83.51863, 8.86218], [-83.51865, 8.8622], [-83.51868, 8.86223], [-83.51869, 8.86226], [-83.5187, 8.86228], [-83.5187, 8.86232], [-83.5187, 8.86238], [-83.51869, 8.86241], [-83.51869, 8.86245], [-83.51868, 8.8625], [-83.51868, 8.86254], [-83.51867, 8.86257], [-83.51867, 8.86258], [-83.51867, 8.86262], [-83.51867, 8.86264], [-83.51869, 8.86268], [-83.5187, 8.86271], [-83.5187, 8.86276], [-83.5187, 8.86279], [-83.51869, 8.86286], [-83.51866, 8.86302], [-83.51929, 8.86316], [-83.51931, 8.86315], [-83.51935, 8.86311], [-83.51937, 8.86308], [-83.51939, 8.86305], [-83.51943, 8.86301], [-83.51945, 8.86297], [-83.51948, 8.86294], [-83.5195, 8.8629], [-83.51953, 8.86286], [-83.51955, 8.86285], [-83.51957, 8.86283], [-83.51958, 8.86283], [-83.51959, 8.86283], [-83.5196, 8.86284], [-83.51963, 8.86285], [-83.51966, 8.86286], [-83.5197, 8.86287], [-83.51974, 8.86289], [-83.51978, 8.8629], [-83.51982, 8.86292], [-83.51985, 8.86292], [-83.51989, 8.86293], [-83.51992, 8.86295], [-83.51999, 8.86296], [-83.52002, 8.86296], [-83.52004, 8.86296], [-83.52007, 8.86297], [-83.5201, 8.86297], [-83.52014, 8.86297], [-83.52017, 8.86298], [-83.5202, 8.86298], [-83.52025, 8.86299], [-83.52029, 8.86301], [-83.52034, 8.86303], [-83.52038, 8.86304], [-83.52043, 8.86305], [-83.52047, 8.86306], [-83.52049, 8.86306], [-83.52053, 8.86306], [-83.52058, 8.86307], [-83.52067, 8.86307], [-83.5207, 8.86306], [-83.52075, 8.86305], [-83.52078, 8.86305], [-83.52082, 8.86305], [-83.52085, 8.86305], [-83.52094, 8.86304], [-83.52098, 8.86303], [-83.521, 8.86302], [-83.52104, 8.863], [-83.52106, 8.86298], [-83.52108, 8.86298], [-83.5211, 8.86298], [-83.52113, 8.86298], [-83.52116, 8.86298], [-83.52119, 8.86298], [-83.52121, 8.86298], [-83.52124, 8.86298], [-83.52126, 8.86299], [-83.52129, 8.86299], [-83.52131, 8.86298], [-83.52133, 8.86297], [-83.52136, 8.86295], [-83.52139, 8.86293], [-83.52142, 8.86293], [-83.52144, 8.86292], [-83.52145, 8.86291], [-83.52146, 8.86291], [-83.52151, 8.86289], [-83.52155, 8.86286], [-83.52157, 8.86284], [-83.5216, 8.86282], [-83.52164, 8.86281], [-83.52168, 8.86279], [-83.52171, 8.86278], [-83.52177, 8.86275], [-83.52181, 8.86272], [-83.52185, 8.8627], [-83.52191, 8.86268], [-83.52196, 8.86266], [-83.522, 8.86265], [-83.52204, 8.86263], [-83.52209, 8.8626], [-83.52212, 8.86258], [-83.52215, 8.86256], [-83.52216, 8.86256], [-83.52219, 8.86255], [-83.52222, 8.86255], [-83.52225, 8.86253], [-83.52228, 8.8625], [-83.52229, 8.86249], [-83.52231, 8.86247], [-83.52234, 8.86244], [-83.52239, 8.8624], [-83.52243, 8.86236], [-83.52246, 8.86233], [-83.52249, 8.86231], [-83.52252, 8.86229], [-83.52256, 8.86227], [-83.52259, 8.86225], [-83.52263, 8.86221], [-83.52268, 8.86217], [-83.52271, 8.86215], [-83.52274, 8.86212], [-83.52278, 8.8621], [-83.5228, 8.86209], [-83.52284, 8.86208], [-83.52288, 8.86207], [-83.52291, 8.86206], [-83.52295, 8.86204], [-83.52298, 8.86203], [-83.52302, 8.862], [-83.52306, 8.86198], [-83.52307, 8.86197], [-83.52308, 8.86195], [-83.52311, 8.86193], [-83.52313, 8.86192], [-83.52315, 8.86191], [-83.52318, 8.86191], [-83.52323, 8.86189], [-83.52326, 8.86188], [-83.52329, 8.86188], [-83.52332, 8.86188], [-83.52335, 8.86188], [-83.5234, 8.86186], [-83.52344, 8.86184], [-83.52349, 8.86182], [-83.52358, 8.8618], [-83.52361, 8.86179], [-83.52368, 8.86179], [-83.52372, 8.86179], [-83.52378, 8.86179], [-83.52382, 8.86179], [-83.52388, 8.86177], [-83.52394, 8.86177], [-83.52398, 8.86177], [-83.52402, 8.86177], [-83.52405, 8.86178], [-83.52407, 8.86177], [-83.5241, 8.86177], [-83.52413, 8.86176], [-83.52416, 8.86176], [-83.52422, 8.86177], [-83.52426, 8.86177], [-83.5243, 8.86177], [-83.52435, 8.86179], [-83.5244, 8.8618], [-83.52445, 8.86183], [-83.52451, 8.86186], [-83.52456, 8.86188], [-83.5246, 8.86191], [-83.52465, 8.86194], [-83.52469, 8.862], [-83.52474, 8.86211], [-83.52478, 8.86217], [-83.52483, 8.86225], [-83.52488, 8.86235], [-83.52492, 8.86242], [-83.52496, 8.86249], [-83.525, 8.86257], [-83.525, 8.86257], [-83.52501, 8.86258], [-83.52503, 8.86262], [-83.52507, 8.8627], [-83.52512, 8.86275], [-83.52515, 8.86279], [-83.52521, 8.86284], [-83.52528, 8.86288], [-83.52534, 8.86292], [-83.5254, 8.86297], [-83.52546, 8.86302], [-83.52552, 8.86308], [-83.52559, 8.86315], [-83.52567, 8.86322], [-83.52571, 8.86325], [-83.52576, 8.86328], [-83.52582, 8.86332], [-83.52587, 8.86337], [-83.52591, 8.86339], [-83.52596, 8.86342], [-83.52602, 8.86344], [-83.52606, 8.86345], [-83.52613, 8.86348], [-83.52616, 8.8635], [-83.52623, 8.86352], [-83.52628, 8.86353], [-83.52632, 8.86354], [-83.52638, 8.86356], [-83.52653, 8.86368], [-83.52653, 8.86371], [-83.52653, 8.86374], [-83.52652, 8.86378], [-83.5265, 8.86381], [-83.52648, 8.86387], [-83.52648, 8.86389], [-83.52647, 8.86392], [-83.52642, 8.86403], [-83.52639, 8.86408], [-83.52637, 8.86412], [-83.52634, 8.86415], [-83.52632, 8.86419], [-83.52629, 8.86424], [-83.52627, 8.86428], [-83.52625, 8.86432], [-83.52622, 8.86437], [-83.52619, 8.8644], [-83.52616, 8.86444], [-83.52614, 8.86447], [-83.52612, 8.8645], [-83.5261, 8.86454], [-83.52608, 8.86456], [-83.52607, 8.86459], [-83.52604, 8.86464], [-83.52602, 8.86467], [-83.52601, 8.8647], [-83.526, 8.86472], [-83.52598, 8.86477], [-83.52596, 8.8648], [-83.52596, 8.86481], [-83.52594, 8.86485], [-83.52593, 8.8649], [-83.52591, 8.86496], [-83.52587, 8.86506], [-83.52584, 8.86513], [-83.52583, 8.86518], [-83.52585, 8.86528], [-83.52585, 8.86532], [-83.52578, 8.86541], [-83.52576, 8.86545], [-83.52573, 8.86551], [-83.52571, 8.86557], [-83.52571, 8.86564], [-83.52572, 8.86569], [-83.52572, 8.86573], [-83.52571, 8.86578], [-83.52569, 8.86585], [-83.52566, 8.86592], [-83.52564, 8.86597], [-83.52562, 8.86604], [-83.52561, 8.86609], [-83.52561, 8.86612], [-83.52561, 8.86616], [-83.5256, 8.86618], [-83.52559, 8.86621], [-83.52557, 8.86625], [-83.52555, 8.8663], [-83.52552, 8.86634], [-83.52546, 8.86641], [-83.5254, 8.86648], [-83.52537, 8.86653], [-83.52535, 8.86654], [-83.52533, 8.86656], [-83.52528, 8.86659], [-83.52523, 8.86662], [-83.52517, 8.86666], [-83.52516, 8.86667], [-83.52513, 8.86669], [-83.52508, 8.86673], [-83.52503, 8.86678], [-83.52501, 8.86681], [-83.525, 8.86681], [-83.525, 8.86681], [-83.525, 8.86681], [-83.52495, 8.86685], [-83.5249, 8.86688], [-83.52486, 8.86693], [-83.52481, 8.86698], [-83.52478, 8.867], [-83.52474, 8.86702], [-83.5247, 8.86704], [-83.52461, 8.8671], [-83.52449, 8.86713], [-83.52444, 8.86716], [-83.5244, 8.86719], [-83.52435, 8.86723], [-83.5243, 8.86727], [-83.52425, 8.86731], [-83.52419, 8.86734], [-83.52409, 8.86738], [-83.52401, 8.8674], [-83.52394, 8.86742], [-83.52387, 8.86746], [-83.52381, 8.86751], [-83.52376, 8.86757], [-83.52371, 8.86761], [-83.52364, 8.86766], [-83.52359, 8.86768], [-83.52355, 8.86771], [-83.52354, 8.86771], [-83.52353, 8.86771], [-83.52352, 8.8677], [-83.52351, 8.8677], [-83.52349, 8.86767], [-83.52347, 8.86764], [-83.52345, 8.86761], [-83.52343, 8.86757], [-83.52341, 8.86755], [-83.5234, 8.86753], [-83.52338, 8.86751], [-83.52336, 8.8675], [-83.52334, 8.86748], [-83.52333, 8.86748], [-83.52332, 8.86749], [-83.5233, 8.86749], [-83.52329, 8.86749], [-83.52328, 8.86748], [-83.52327, 8.86748], [-83.52327, 8.86747], [-83.52326, 8.86744], [-83.52325, 8.86743], [-83.52323, 8.86739], [-83.52321, 8.86737], [-83.52319, 8.86733], [-83.52317, 8.8673], [-83.52315, 8.86727], [-83.52314, 8.86723], [-83.52313, 8.8672], [-83.52313, 8.86719], [-83.52313, 8.86718], [-83.52312, 8.86714], [-83.52311, 8.86711], [-83.5231, 8.86709], [-83.52307, 8.86705], [-83.52305, 8.86702], [-83.52303, 8.86698], [-83.52303, 8.86696], [-83.523, 8.86691], [-83.523, 8.86689], [-83.523, 8.86687], [-83.52299, 8.86686], [-83.52298, 8.86684], [-83.52296, 8.86682], [-83.52293, 8.86679], [-83.52289, 8.86677], [-83.52287, 8.86674], [-83.52285, 8.86672], [-83.52283, 8.8667], [-83.52281, 8.86668], [-83.52278, 8.86667], [-83.52277, 8.86666], [-83.52274, 8.86663], [-83.52271, 8.86659], [-83.52269, 8.86656], [-83.52268, 8.86653], [-83.52266, 8.86651], [-83.52265, 8.86648], [-83.52264, 8.86646], [-83.52263, 8.86645], [-83.52262, 8.86645], [-83.52261, 8.86644], [-83.52259, 8.86643], [-83.52257, 8.86642], [-83.52256, 8.86641], [-83.52254, 8.86638], [-83.52253, 8.86638], [-83.52251, 8.86635], [-83.52249, 8.86633], [-83.52248, 8.8663], [-83.52246, 8.86626], [-83.52244, 8.86623], [-83.52243, 8.86621], [-83.52242, 8.86619], [-83.5224, 8.86617], [-83.52237, 8.86615], [-83.52233, 8.86613], [-83.5223, 8.86611], [-83.52224, 8.86609], [-83.5222, 8.86608], [-83.52215, 8.86607], [-83.52209, 8.86606], [-83.52204, 8.86605], [-83.52199, 8.86604], [-83.52197, 8.86604], [-83.52194, 8.86604], [-83.52189, 8.86605], [-83.52185, 8.86606], [-83.52183, 8.86606], [-83.5218, 8.86606], [-83.52177, 8.86606], [-83.52173, 8.86606], [-83.52166, 8.86606], [-83.52163, 8.86606], [-83.52161, 8.86607], [-83.5216, 8.86606], [-83.52158, 8.86606], [-83.52157, 8.86606], [-83.52156, 8.86605], [-83.52155, 8.86604], [-83.52154, 8.86603], [-83.52153, 8.86603], [-83.52153, 8.86603], [-83.52153, 8.86603], [-83.52152, 8.86603], [-83.52151, 8.86604], [-83.5215, 8.86606], [-83.5215, 8.86606], [-83.5215, 8.86607], [-83.52151, 8.86607], [-83.52152, 8.86608], [-83.52153, 8.8661], [-83.52153, 8.86612], [-83.52152, 8.86613], [-83.52151, 8.86614], [-83.52148, 8.86614], [-83.52146, 8.86615], [-83.52143, 8.86616], [-83.5214, 8.86617], [-83.52136, 8.86619], [-83.52133, 8.8662], [-83.52132, 8.86621], [-83.5213, 8.86623], [-83.52127, 8.86626], [-83.52124, 8.86629], [-83.52122, 8.86631], [-83.52121, 8.86634], [-83.52115, 8.86639], [-83.52113, 8.86641], [-83.5211, 8.86644], [-83.52108, 8.86646], [-83.52106, 8.86649], [-83.52103, 8.86652], [-83.52101, 8.86653], [-83.52099, 8.86656], [-83.52097, 8.86658], [-83.52094, 8.86662], [-83.52092, 8.86665], [-83.52091, 8.86667], [-83.5209, 8.86667], [-83.52088, 8.8667], [-83.52087, 8.86673], [-83.52086, 8.86677], [-83.52085, 8.8668], [-83.5208, 8.86691], [-83.52078, 8.86698], [-83.52076, 8.86703], [-83.52075, 8.86708], [-83.52074, 8.86713], [-83.52073, 8.86717], [-83.52072, 8.86721], [-83.52072, 8.86722], [-83.52071, 8.86726], [-83.52071, 8.86731], [-83.52071, 8.86736], [-83.52072, 8.86739], [-83.52073, 8.86742], [-83.52079, 8.86757], [-83.52081, 8.86766], [-83.52082, 8.86771], [-83.52082, 8.86775], [-83.52082, 8.86779], [-83.52083, 8.86785], [-83.52083, 8.86789], [-83.52083, 8.86792], [-83.52082, 8.86795], [-83.52082, 8.86797], [-83.52083, 8.86799], [-83.52084, 8.86803], [-83.52086, 8.86806], [-83.52088, 8.8681], [-83.5209, 8.86816], [-83.52091, 8.86819], [-83.52092, 8.86822], [-83.52094, 8.86827], [-83.52095, 8.8683], [-83.52097, 8.86834], [-83.52098, 8.86835], [-83.52101, 8.8684], [-83.52103, 8.86845], [-83.52104, 8.86848], [-83.52105, 8.86854], [-83.52105, 8.86861], [-83.52104, 8.86864], [-83.52104, 8.86868], [-83.52104, 8.86869], [-83.52106, 8.86872], [-83.52109, 8.86874], [-83.52114, 8.86876], [-83.52116, 8.86877], [-83.52118, 8.86879], [-83.5212, 8.86883], [-83.52123, 8.86893], [-83.52124, 8.86895], [-83.52124, 8.86897], [-83.52125, 8.86901], [-83.52125, 8.86904], [-83.52127, 8.86905], [-83.52129, 8.86908], [-83.52131, 8.86913], [-83.52133, 8.86916], [-83.52137, 8.86918], [-83.5214, 8.86921], [-83.52143, 8.86925], [-83.52144, 8.86929], [-83.52146, 8.86932], [-83.52149, 8.86935], [-83.52153, 8.86939], [-83.52158, 8.86942], [-83.52163, 8.86946], [-83.52169, 8.8695], [-83.52175, 8.86954], [-83.52188, 8.86972], [-83.52191, 8.86977], [-83.52195, 8.86981], [-83.52196, 8.86984], [-83.52197, 8.86987], [-83.52198, 8.8699], [-83.52199, 8.86993], [-83.522, 8.86996], [-83.522, 8.86999], [-83.52199, 8.87003], [-83.52198, 8.87006], [-83.52196, 8.87009], [-83.52195, 8.87011], [-83.52194, 8.87013], [-83.52193, 8.87017], [-83.52193, 8.87017], [-83.52193, 8.87021], [-83.52194, 8.87026], [-83.52197, 8.87029], [-83.522, 8.8703], [-83.52204, 8.87032], [-83.52207, 8.87033], [-83.5221, 8.87033], [-83.52216, 8.87034], [-83.52221, 8.87035], [-83.52226, 8.87037], [-83.52231, 8.87039], [-83.52233, 8.8704], [-83.52235, 8.87043], [-83.52236, 8.87044], [-83.52236, 8.87048], [-83.52235, 8.87054], [-83.52235, 8.87058], [-83.52233, 8.87061], [-83.5223, 8.87064], [-83.52227, 8.87065], [-83.52225, 8.87066], [-83.52223, 8.87066], [-83.52221, 8.87067], [-83.52218, 8.8707], [-83.52216, 8.87073], [-83.52216, 8.87077], [-83.52215, 8.87082], [-83.52213, 8.87086], [-83.5221, 8.87089], [-83.52207, 8.87091], [-83.52204, 8.87093], [-83.52203, 8.87096], [-83.52204, 8.871], [-83.52206, 8.87106], [-83.52205, 8.8711], [-83.52202, 8.87113], [-83.522, 8.87117], [-83.52198, 8.87121], [-83.52196, 8.87125], [-83.52194, 8.87131], [-83.52194, 8.87134], [-83.52194, 8.8714], [-83.52195, 8.87144], [-83.52194, 8.87148], [-83.52194, 8.87152], [-83.52185, 8.87168], [-83.52185, 8.87172], [-83.52185, 8.87176], [-83.52187, 8.87179], [-83.52188, 8.87182], [-83.52189, 8.87184], [-83.5219, 8.87189], [-83.5219, 8.87193], [-83.52189, 8.87196], [-83.52189, 8.872], [-83.52189, 8.87204], [-83.52189, 8.87206], [-83.52189, 8.87208], [-83.5219, 8.87212], [-83.5219, 8.87217], [-83.5219, 8.87219], [-83.52189, 8.87222], [-83.52188, 8.87225], [-83.52187, 8.87227], [-83.52185, 8.87229], [-83.52183, 8.87232], [-83.52181, 8.87234], [-83.52175, 8.87239], [-83.52172, 8.8724], [-83.5217, 8.87241], [-83.52168, 8.87241], [-83.52166, 8.8724], [-83.52162, 8.87239], [-83.52159, 8.87237], [-83.52156, 8.87234], [-83.52153, 8.87232], [-83.5215, 8.8723], [-83.52147, 8.87228], [-83.52144, 8.87223], [-83.52143, 8.8722], [-83.52141, 8.87218], [-83.52139, 8.87215], [-83.52138, 8.87211], [-83.52137, 8.87207], [-83.52136, 8.87206], [-83.52135, 8.87203], [-83.52135, 8.87199], [-83.52135, 8.87195], [-83.52134, 8.87191], [-83.52134, 8.87186], [-83.52133, 8.87183], [-83.52132, 8.8718], [-83.52132, 8.87177], [-83.52131, 8.87172], [-83.52131, 8.87169], [-83.52131, 8.87166], [-83.5213, 8.87163], [-83.5213, 8.87159], [-83.5213, 8.87156], [-83.52129, 8.87152], [-83.52128, 8.87147], [-83.52127, 8.87143], [-83.52126, 8.87138], [-83.52126, 8.87136], [-83.52125, 8.87131], [-83.52123, 8.87126], [-83.52122, 8.8712], [-83.52119, 8.87114], [-83.52117, 8.87109], [-83.52114, 8.87104], [-83.52109, 8.87096], [-83.52106, 8.87091], [-83.52101, 8.87084], [-83.52094, 8.87076], [-83.5209, 8.87072], [-83.52088, 8.87068], [-83.52081, 8.87059], [-83.52076, 8.87054], [-83.52072, 8.87051], [-83.52069, 8.8705], [-83.52063, 8.87048], [-83.52059, 8.87045], [-83.52056, 8.87044], [-83.52052, 8.87042], [-83.52045, 8.8704], [-83.52041, 8.87038], [-83.52038, 8.87037], [-83.52036, 8.87037], [-83.52034, 8.87037], [-83.5203, 8.87037], [-83.52027, 8.87037], [-83.52023, 8.87036], [-83.52019, 8.87037], [-83.52015, 8.87038], [-83.52011, 8.87038], [-83.52008, 8.87039], [-83.52004, 8.8704], [-83.51999, 8.8704], [-83.51995, 8.8704], [-83.51993, 8.87039], [-83.51991, 8.87039], [-83.51989, 8.8704], [-83.51987, 8.87042], [-83.51985, 8.87044], [-83.51983, 8.87046], [-83.5198, 8.87047], [-83.51976, 8.87047], [-83.51972, 8.87047], [-83.51967, 8.87046], [-83.51964, 8.87045], [-83.51959, 8.87045], [-83.51958, 8.87045], [-83.51956, 8.87046], [-83.51954, 8.87047], [-83.51952, 8.87049], [-83.51946, 8.87053], [-83.51944, 8.87055], [-83.51941, 8.87056], [-83.51937, 8.87057], [-83.51933, 8.87058], [-83.51929, 8.8706], [-83.51926, 8.87063], [-83.5192, 8.87067], [-83.51917, 8.8707], [-83.51912, 8.87072], [-83.51908, 8.87074], [-83.51903, 8.87077], [-83.51898, 8.8708], [-83.5189, 8.87086], [-83.51888, 8.87088], [-83.51885, 8.87092], [-83.51883, 8.87094], [-83.51881, 8.87095], [-83.51878, 8.87097], [-83.51875, 8.871], [-83.51873, 8.87101], [-83.51871, 8.87103], [-83.51867, 8.87107], [-83.51864, 8.8711], [-83.51861, 8.87115], [-83.51858, 8.87121], [-83.51855, 8.87124], [-83.51853, 8.87127], [-83.51852, 8.8713], [-83.51851, 8.87132], [-83.51849, 8.87136], [-83.51847, 8.87138], [-83.51846, 8.87141], [-83.51844, 8.87144], [-83.51843, 8.87145], [-83.51842, 8.87147], [-83.51842, 8.87148], [-83.5184, 8.87152], [-83.51838, 8.87154], [-83.51836, 8.87156], [-83.51835, 8.87158], [-83.51834, 8.87161], [-83.51832, 8.87165], [-83.51831, 8.87165], [-83.51829, 8.87169], [-83.51827, 8.87173], [-83.51824, 8.87176], [-83.51822, 8.8718], [-83.51819, 8.87186], [-83.51816, 8.87191], [-83.51814, 8.87195], [-83.51813, 8.87199], [-83.51812, 8.87203], [-83.51811, 8.87206], [-83.51807, 8.87212], [-83.51805, 8.87217], [-83.51803, 8.87222], [-83.51802, 8.87227], [-83.51801, 8.87232], [-83.51801, 8.87236], [-83.51799, 8.87269], [-83.51798, 8.87274], [-83.51797, 8.87282], [-83.51797, 8.87287], [-83.51796, 8.87292], [-83.51795, 8.87299], [-83.51796, 8.87305], [-83.51796, 8.87311], [-83.51796, 8.87317], [-83.51797, 8.87324], [-83.51797, 8.87327], [-83.51796, 8.87333], [-83.51795, 8.87337], [-83.51794, 8.8734], [-83.51792, 8.87344], [-83.51791, 8.87348], [-83.5179, 8.87352], [-83.51789, 8.87354], [-83.51788, 8.87359], [-83.51787, 8.87362], [-83.51786, 8.87367], [-83.51785, 8.8737], [-83.51785, 8.87373], [-83.51784, 8.87376], [-83.51782, 8.87379], [-83.51779, 8.87381], [-83.51777, 8.87383], [-83.51776, 8.87385], [-83.51776, 8.87387], [-83.51777, 8.87389], [-83.51777, 8.8739], [-83.51778, 8.87394], [-83.5178, 8.87399], [-83.51781, 8.87405], [-83.51782, 8.8741], [-83.51783, 8.87415], [-83.51785, 8.87421], [-83.51786, 8.87427], [-83.51786, 8.8743], [-83.51786, 8.87434], [-83.51786, 8.87443], [-83.51787, 8.87448], [-83.51788, 8.87451], [-83.51787, 8.87454], [-83.51787, 8.87457], [-83.51787, 8.8746], [-83.51787, 8.87462], [-83.51787, 8.87464], [-83.51785, 8.87467], [-83.51783, 8.87468], [-83.51779, 8.87469], [-83.51775, 8.8747], [-83.51772, 8.8747], [-83.51768, 8.87471], [-83.51763, 8.87473], [-83.51758, 8.87475], [-83.51755, 8.87476], [-83.51751, 8.87478], [-83.51747, 8.87481], [-83.51742, 8.87483], [-83.51739, 8.87485], [-83.51734, 8.87488], [-83.51731, 8.8749], [-83.51727, 8.87492], [-83.51716, 8.87496], [-83.5171, 8.87498], [-83.51705, 8.87502], [-83.51702, 8.87504], [-83.51697, 8.87507], [-83.51693, 8.8751], [-83.51689, 8.87512], [-83.51685, 8.87513], [-83.51682, 8.87514], [-83.51678, 8.87515], [-83.51674, 8.87516], [-83.51671, 8.87518], [-83.51667, 8.87519], [-83.51665, 8.87519], [-83.51663, 8.8752], [-83.51661, 8.87521], [-83.51657, 8.87523], [-83.51654, 8.87524], [-83.51651, 8.87526], [-83.51646, 8.87529], [-83.51641, 8.87532], [-83.51638, 8.87534], [-83.51634, 8.87535], [-83.51629, 8.87537], [-83.51624, 8.87539], [-83.5162, 8.8754], [-83.51617, 8.87541], [-83.51612, 8.87542], [-83.51606, 8.87543], [-83.51603, 8.87544], [-83.51599, 8.87545], [-83.51597, 8.87545], [-83.51597, 8.87545], [-83.51594, 8.87546], [-83.5158, 8.87553], [-83.51575, 8.87555], [-83.5157, 8.87556], [-83.51568, 8.87557], [-83.51563, 8.87559], [-83.51558, 8.87561], [-83.51552, 8.87563], [-83.51547, 8.87567], [-83.51543, 8.87569], [-83.51538, 8.87572], [-83.51534, 8.87573], [-83.5153, 8.87575], [-83.51527, 8.87576], [-83.51524, 8.87576], [-83.5152, 8.87576], [-83.51517, 8.87575], [-83.51514, 8.87573], [-83.5151, 8.87571], [-83.51507, 8.87569], [-83.51503, 8.87566], [-83.51498, 8.87563], [-83.51493, 8.87559], [-83.51488, 8.87556], [-83.51484, 8.87554], [-83.51479, 8.87552], [-83.51475, 8.87549], [-83.51471, 8.87546], [-83.51467, 8.87542], [-83.51462, 8.87537], [-83.51459, 8.87535], [-83.51456, 8.87533], [-83.51452, 8.8753], [-83.51448, 8.87527], [-83.51444, 8.87524], [-83.51441, 8.87522], [-83.51437, 8.8752], [-83.51434, 8.87517], [-83.5143, 8.87514], [-83.51426, 8.87511], [-83.51423, 8.87509], [-83.51419, 8.87506], [-83.51414, 8.87502], [-83.51411, 8.87499], [-83.51407, 8.87497], [-83.51404, 8.87494], [-83.51403, 8.87494], [-83.51402, 8.87493], [-83.51399, 8.87493], [-83.51396, 8.87492], [-83.51394, 8.8749], [-83.51391, 8.87489], [-83.51388, 8.87487], [-83.51384, 8.87486], [-83.51381, 8.87483], [-83.51378, 8.87481], [-83.51374, 8.87477], [-83.5137, 8.87473], [-83.51367, 8.8747], [-83.51363, 8.87466], [-83.5136, 8.87462], [-83.51357, 8.87459], [-83.51355, 8.87458], [-83.51352, 8.87456], [-83.5135, 8.87453], [-83.51347, 8.87451], [-83.51342, 8.87447], [-83.51339, 8.87443], [-83.51336, 8.87441], [-83.5133, 8.87437], [-83.51325, 8.87433], [-83.5132, 8.8743], [-83.51315, 8.87426], [-83.51311, 8.87422], [-83.51309, 8.87422], [-83.51307, 8.87421], [-83.51306, 8.8742], [-83.51303, 8.87419], [-83.51298, 8.87417], [-83.51295, 8.87415], [-83.51289, 8.87413], [-83.51287, 8.87412], [-83.51283, 8.87411], [-83.51281, 8.8741], [-83.5128, 8.87409], [-83.51278, 8.87409], [-83.51275, 8.87408], [-83.51273, 8.87407], [-83.51269, 8.87406], [-83.51266, 8.87406], [-83.51262, 8.87406], [-83.51258, 8.87407], [-83.51254, 8.87407], [-83.51252, 8.87407], [-83.51245, 8.87406], [-83.51239, 8.87405], [-83.51234, 8.87405], [-83.51228, 8.87405], [-83.51224, 8.87405], [-83.51219, 8.87405], [-83.51215, 8.87405], [-83.5121, 8.87404], [-83.51206, 8.87404], [-83.51202, 8.87404], [-83.51198, 8.87404], [-83.51194, 8.87404], [-83.5119, 8.87404], [-83.51188, 8.87404], [-83.51182, 8.87404], [-83.51178, 8.87403], [-83.51177, 8.87403], [-83.51175, 8.87403], [-83.5117, 8.87402], [-83.5117, 8.87402], [-83.51164, 8.87401], [-83.51158, 8.874], [-83.51154, 8.87399], [-83.5115, 8.87398], [-83.51146, 8.87397], [-83.51143, 8.87396], [-83.5114, 8.87395], [-83.51136, 8.87393], [-83.51131, 8.8739], [-83.51128, 8.87387], [-83.51054, 8.87413], [-83.51051, 8.87417], [-83.51043, 8.87425], [-83.5104, 8.87427], [-83.51036, 8.87431], [-83.51031, 8.87434], [-83.51029, 8.87435], [-83.51025, 8.87437], [-83.51021, 8.87437], [-83.51019, 8.87438], [-83.51015, 8.87437], [-83.51009, 8.87438], [-83.51005, 8.87439], [-83.51002, 8.87441], [-83.51, 8.87444], [-83.50999, 8.87447], [-83.51, 8.87449], [-83.51, 8.87451], [-83.51, 8.87453], [-83.51001, 8.87458], [-83.51, 8.87461], [-83.50999, 8.87464], [-83.50996, 8.87467], [-83.50993, 8.8747], [-83.50991, 8.87472], [-83.50987, 8.87474], [-83.50985, 8.87476], [-83.50981, 8.87478], [-83.50977, 8.87481], [-83.50975, 8.87483], [-83.50973, 8.87484], [-83.5097, 8.87485], [-83.50967, 8.87487], [-83.50964, 8.87489], [-83.50955, 8.87494], [-83.5095, 8.87496], [-83.50948, 8.87497], [-83.50931, 8.87507], [-83.50922, 8.87516], [-83.50916, 8.87522], [-83.50909, 8.87526], [-83.50901, 8.87531], [-83.50893, 8.87536], [-83.50885, 8.87542], [-83.50879, 8.87547], [-83.50874, 8.87553], [-83.50866, 8.87565], [-83.50862, 8.87572], [-83.50859, 8.87583], [-83.50856, 8.87595], [-83.50853, 8.87606], [-83.50852, 8.8761], [-83.50851, 8.87613], [-83.50847, 8.87621], [-83.50843, 8.87627], [-83.5084, 8.87632], [-83.50837, 8.87636], [-83.50831, 8.87641], [-83.50825, 8.87645], [-83.50818, 8.87649], [-83.50814, 8.8765], [-83.50811, 8.8765], [-83.50803, 8.87649], [-83.50795, 8.87649], [-83.50787, 8.87648], [-83.50782, 8.87646], [-83.50775, 8.87642], [-83.50767, 8.87638], [-83.50764, 8.87637], [-83.50755, 8.87633], [-83.50743, 8.87629], [-83.50737, 8.87627], [-83.50732, 8.87625], [-83.50721, 8.87623], [-83.50713, 8.87621], [-83.50706, 8.87621], [-83.50702, 8.87623], [-83.50701, 8.87625], [-83.50699, 8.87627], [-83.50697, 8.87628], [-83.50694, 8.87628], [-83.50692, 8.87627], [-83.50688, 8.87625], [-83.50687, 8.87625], [-83.50682, 8.87627], [-83.50674, 8.8763], [-83.50668, 8.87635], [-83.50665, 8.8764], [-83.50664, 8.87645], [-83.50664, 8.8765], [-83.50665, 8.87655], [-83.50666, 8.8766], [-83.50665, 8.87663], [-83.50664, 8.87664], [-83.50661, 8.87667], [-83.50658, 8.87668], [-83.50655, 8.8767], [-83.50651, 8.87672], [-83.50649, 8.87674], [-83.50648, 8.87677], [-83.50647, 8.87682], [-83.50647, 8.87685], [-83.50648, 8.87688], [-83.5065, 8.8769], [-83.50651, 8.87693], [-83.50652, 8.87695], [-83.50651, 8.87698], [-83.5065, 8.87701], [-83.50649, 8.87704], [-83.50648, 8.87707], [-83.50647, 8.8771], [-83.50645, 8.87714], [-83.50644, 8.87721], [-83.50642, 8.87726], [-83.50641, 8.87733], [-83.50643, 8.87745], [-83.50644, 8.87752], [-83.50644, 8.87758], [-83.50643, 8.87762], [-83.50644, 8.87767], [-83.50647, 8.87773], [-83.5065, 8.87777], [-83.50653, 8.87782], [-83.50657, 8.87789], [-83.50659, 8.87796], [-83.50663, 8.87804], [-83.50666, 8.87812], [-83.50668, 8.87819], [-83.50669, 8.87824], [-83.50669, 8.87829], [-83.50668, 8.87835], [-83.50666, 8.87841], [-83.50664, 8.87845], [-83.50663, 8.87851], [-83.50662, 8.87856], [-83.50661, 8.8786], [-83.50658, 8.87865], [-83.50655, 8.87868], [-83.50652, 8.8787], [-83.50648, 8.87874], [-83.50643, 8.87879], [-83.50637, 8.87885], [-83.50633, 8.87888], [-83.50624, 8.87894], [-83.50623, 8.87894], [-83.50619, 8.87895], [-83.50616, 8.87896], [-83.50611, 8.87897], [-83.50607, 8.87897], [-83.50605, 8.87897], [-83.50601, 8.87898], [-83.50596, 8.87899], [-83.5059, 8.87899], [-83.50583, 8.87899], [-83.50576, 8.87899], [-83.50572, 8.87899], [-83.5057, 8.87897], [-83.50569, 8.87895], [-83.50566, 8.87892], [-83.50563, 8.8789], [-83.5056, 8.8789], [-83.50557, 8.8789], [-83.50553, 8.87891], [-83.5055, 8.87891], [-83.50545, 8.87891], [-83.50539, 8.87888], [-83.50536, 8.87887], [-83.50532, 8.87884], [-83.50529, 8.87883], [-83.50527, 8.87884], [-83.50524, 8.87886], [-83.50522, 8.87887], [-83.5052, 8.87885], [-83.50516, 8.87882], [-83.50512, 8.87879], [-83.50509, 8.87877], [-83.50508, 8.87876], [-83.50502, 8.8787], [-83.50498, 8.87867], [-83.50494, 8.87864], [-83.50491, 8.87861], [-83.50487, 8.87857], [-83.50483, 8.87853], [-83.50481, 8.8785], [-83.50479, 8.87848], [-83.50477, 8.87844], [-83.50474, 8.87838], [-83.50473, 8.87833], [-83.50472, 8.87826], [-83.50471, 8.87822], [-83.50471, 8.87817], [-83.50469, 8.87811], [-83.50469, 8.87807], [-83.5047, 8.87802], [-83.50472, 8.87797], [-83.50472, 8.87791], [-83.50473, 8.87781], [-83.50473, 8.87776], [-83.50475, 8.8777], [-83.50476, 8.87764], [-83.50477, 8.87762], [-83.50476, 8.87757], [-83.50475, 8.87752], [-83.50476, 8.87749], [-83.50477, 8.87744], [-83.50477, 8.8774], [-83.50477, 8.87736], [-83.50477, 8.87734], [-83.50477, 8.87731], [-83.50478, 8.8773], [-83.50481, 8.87728], [-83.50483, 8.87726], [-83.50486, 8.87723], [-83.50487, 8.87719], [-83.50487, 8.87716], [-83.50487, 8.87713], [-83.50486, 8.87709], [-83.50486, 8.87706], [-83.50486, 8.87702], [-83.50487, 8.87701], [-83.50492, 8.87692], [-83.50494, 8.87688], [-83.50495, 8.87684], [-83.50495, 8.8768], [-83.50493, 8.87675], [-83.50493, 8.87671], [-83.50493, 8.87667], [-83.50492, 8.87665], [-83.50493, 8.87663], [-83.50495, 8.87661], [-83.50498, 8.87657], [-83.505, 8.87654], [-83.50501, 8.87651], [-83.50502, 8.87646], [-83.50502, 8.87641], [-83.50503, 8.87636], [-83.50503, 8.87632], [-83.50505, 8.87627], [-83.50506, 8.87623], [-83.50506, 8.87619], [-83.50505, 8.87615], [-83.50503, 8.8761], [-83.50503, 8.87606], [-83.50503, 8.876], [-83.50501, 8.87593], [-83.505, 8.87587], [-83.50498, 8.87581], [-83.50496, 8.87575], [-83.50495, 8.87572], [-83.50494, 8.87566], [-83.50495, 8.87561], [-83.50494, 8.87556], [-83.50492, 8.87551], [-83.50488, 8.87546], [-83.50485, 8.87541], [-83.50481, 8.87536], [-83.50477, 8.87533], [-83.5047, 8.87529], [-83.50465, 8.87526], [-83.50457, 8.87522], [-83.50451, 8.87522], [-83.50446, 8.87522], [-83.5044, 8.87523], [-83.50434, 8.87525], [-83.50427, 8.87526], [-83.50419, 8.87529], [-83.50412, 8.87532], [-83.50406, 8.87533], [-83.50399, 8.87535], [-83.50393, 8.87537], [-83.50388, 8.8754], [-83.50384, 8.87544], [-83.50379, 8.87551], [-83.50377, 8.87557], [-83.50373, 8.87564], [-83.50367, 8.87572], [-83.50361, 8.87578], [-83.50356, 8.87582], [-83.50351, 8.87585], [-83.50347, 8.87588], [-83.50345, 8.87591], [-83.50344, 8.87592], [-83.50344, 8.87595], [-83.50344, 8.87599], [-83.50345, 8.87605], [-83.50343, 8.87613], [-83.50334, 8.8763], [-83.50333, 8.87631], [-83.50329, 8.87637], [-83.50326, 8.87642], [-83.50321, 8.87648], [-83.50316, 8.87655], [-83.50311, 8.87659], [-83.50305, 8.87662], [-83.50302, 8.87663], [-83.50299, 8.87663], [-83.50294, 8.87663], [-83.50291, 8.87663], [-83.50284, 8.87663], [-83.50277, 8.87664], [-83.50272, 8.87666], [-83.50268, 8.87667], [-83.50262, 8.87668], [-83.50258, 8.87668], [-83.50255, 8.87668], [-83.50249, 8.87669], [-83.50245, 8.8767], [-83.5024, 8.87671], [-83.50235, 8.87672], [-83.5023, 8.87674], [-83.50225, 8.87675], [-83.50222, 8.87675], [-83.50218, 8.87675], [-83.50215, 8.87675], [-83.5021, 8.87678], [-83.50207, 8.87679], [-83.50204, 8.87679], [-83.502, 8.87679], [-83.50195, 8.87678], [-83.50191, 8.87678], [-83.50189, 8.87678], [-83.50187, 8.87679], [-83.50186, 8.8768], [-83.50176, 8.87687], [-83.50172, 8.8769], [-83.50168, 8.87693], [-83.50163, 8.87697], [-83.5016, 8.87701], [-83.50158, 8.87704], [-83.50156, 8.87708], [-83.50155, 8.87712], [-83.50153, 8.87716], [-83.50153, 8.87719], [-83.50151, 8.87725], [-83.5015, 8.87728], [-83.5015, 8.87731], [-83.5015, 8.87736], [-83.50153, 8.87743], [-83.50154, 8.87748], [-83.50156, 8.87752], [-83.50157, 8.87757], [-83.5016, 8.87762], [-83.50164, 8.87769], [-83.50167, 8.87773], [-83.50173, 8.87778], [-83.50178, 8.87782], [-83.50182, 8.87787], [-83.5019, 8.87796], [-83.50197, 8.87802], [-83.50204, 8.87807], [-83.50212, 8.87813], [-83.50217, 8.87818], [-83.50219, 8.87821], [-83.50225, 8.87827], [-83.50232, 8.87831], [-83.5024, 8.87835], [-83.50248, 8.8784], [-83.50254, 8.87844], [-83.50259, 8.8785], [-83.50261, 8.87856], [-83.50261, 8.8786], [-83.5026, 8.87866], [-83.50257, 8.8787], [-83.50255, 8.87872], [-83.50249, 8.87875], [-83.50245, 8.87877], [-83.50238, 8.87879], [-83.50232, 8.87881], [-83.50224, 8.87883], [-83.50219, 8.87884], [-83.50215, 8.87886], [-83.50211, 8.87886], [-83.50205, 8.87886], [-83.50198, 8.87888], [-83.50193, 8.87889], [-83.50191, 8.8789], [-83.50186, 8.87892], [-83.50181, 8.87894], [-83.50176, 8.87896], [-83.50169, 8.87897], [-83.50163, 8.87897], [-83.50156, 8.87897], [-83.50148, 8.87897], [-83.50141, 8.87897], [-83.50133, 8.87898], [-83.50127, 8.879], [-83.5012, 8.87901], [-83.50116, 8.87902], [-83.50111, 8.87903], [-83.50106, 8.87904], [-83.50102, 8.87905], [-83.50098, 8.87906], [-83.50093, 8.87908], [-83.50089, 8.87911], [-83.50085, 8.87912], [-83.50078, 8.87907], [-83.5007, 8.87901], [-83.50063, 8.87898], [-83.50055, 8.87896], [-83.50046, 8.87895], [-83.50039, 8.87895], [-83.50033, 8.87897], [-83.50026, 8.879], [-83.50021, 8.87903], [-83.50019, 8.87907], [-83.50018, 8.87912], [-83.5002, 8.87918], [-83.50024, 8.8792], [-83.50027, 8.87921], [-83.50031, 8.87919], [-83.50037, 8.87916], [-83.50042, 8.87913], [-83.50049, 8.87912], [-83.50057, 8.87911], [-83.50062, 8.87912], [-83.50067, 8.87916], [-83.50068, 8.8792], [-83.50068, 8.87924], [-83.50066, 8.87933], [-83.50066, 8.87941], [-83.50068, 8.87951], [-83.50069, 8.87962], [-83.5007, 8.87974], [-83.50068, 8.87982], [-83.50066, 8.87993], [-83.50061, 8.88003], [-83.50058, 8.88015], [-83.50057, 8.88024], [-83.50058, 8.88034], [-83.50058, 8.88046], [-83.50061, 8.88058], [-83.50066, 8.8807], [-83.50074, 8.88082], [-83.50083, 8.88095], [-83.50092, 8.88111], [-83.501, 8.88125], [-83.50131, 8.88119], [-83.51018, 8.88119], [-83.51335, 8.89023], [-83.51926, 8.89928], [-83.53017, 8.9038], [-83.52835, 8.90968], [-83.53744, 8.91149], [-83.54517, 8.91737], [-83.5579, 8.91466], [-83.56818, 8.91461], [-83.56818, 8.91464], [-83.56817, 8.91468], [-83.56815, 8.91472], [-83.56815, 8.91475], [-83.56814, 8.91479], [-83.56813, 8.91483], [-83.56812, 8.91485], [-83.56811, 8.91489], [-83.5681, 8.9149], [-83.5681, 8.91494], [-83.56809, 8.91498], [-83.56809, 8.91502], [-83.56808, 8.91506], [-83.56808, 8.91509], [-83.56808, 8.9151], [-83.56807, 8.91517], [-83.56807, 8.9152], [-83.56807, 8.91524], [-83.56806, 8.91528], [-83.56806, 8.91532], [-83.56806, 8.91537], [-83.56805, 8.91543], [-83.56805, 8.9155], [-83.56806, 8.91556], [-83.56806, 8.91559], [-83.56805, 8.91566], [-83.56805, 8.91567], [-83.56805, 8.91567], [-83.56805, 8.91569], [-83.56804, 8.91569], [-83.56803, 8.91569], [-83.56801, 8.9157], [-83.568, 8.91571], [-83.56796, 8.91571], [-83.56792, 8.91572], [-83.5679, 8.91572], [-83.56789, 8.91572], [-83.56788, 8.91572], [-83.56787, 8.91572], [-83.56787, 8.91573], [-83.56787, 8.91573], [-83.56787, 8.91574], [-83.56788, 8.91575], [-83.56788, 8.91575], [-83.5679, 8.91577], [-83.56791, 8.91577], [-83.56792, 8.91577], [-83.56792, 8.91578], [-83.56792, 8.91578], [-83.56792, 8.91578], [-83.56792, 8.91579], [-83.56791, 8.9158], [-83.5679, 8.91581], [-83.56789, 8.91582], [-83.56788, 8.91583], [-83.56787, 8.91583], [-83.56787, 8.91583], [-83.56787, 8.91583], [-83.56787, 8.91584], [-83.56787, 8.91584], [-83.56787, 8.91585], [-83.56787, 8.91585], [-83.56787, 8.91587], [-83.56786, 8.91588], [-83.56784, 8.91589], [-83.56784, 8.9159], [-83.56783, 8.91591], [-83.56782, 8.91591], [-83.56782, 8.91592], [-83.56782, 8.91592], [-83.56782, 8.91593], [-83.56782, 8.91593], [-83.56782, 8.91593], [-83.56783, 8.91593], [-83.56784, 8.91592], [-83.56785, 8.91591], [-83.56786, 8.9159], [-83.56787, 8.91588], [-83.56788, 8.91588], [-83.56789, 8.91587], [-83.5679, 8.91586], [-83.5679, 8.91586], [-83.56791, 8.91585], [-83.56792, 8.91585], [-83.56792, 8.91585], [-83.56793, 8.91585], [-83.56794, 8.91584], [-83.56794, 8.91584], [-83.56795, 8.91583], [-83.56795, 8.91582], [-83.56795, 8.91582], [-83.56795, 8.91581], [-83.56795, 8.9158], [-83.56795, 8.9158], [-83.56795, 8.91579], [-83.56795, 8.91579], [-83.56795, 8.91578], [-83.56794, 8.91578], [-83.56795, 8.91577], [-83.56795, 8.91577], [-83.56797, 8.91576], [-83.568, 8.91575], [-83.56801, 8.91575], [-83.56801, 8.91575], [-83.56802, 8.91574], [-83.56802, 8.91574], [-83.56805, 8.91575], [-83.56805, 8.91576], [-83.56806, 8.91576], [-83.56806, 8.91577], [-83.56806, 8.91578], [-83.56806, 8.91582], [-83.56806, 8.91585], [-83.56806, 8.91588], [-83.56807, 8.91592], [-83.56808, 8.91595], [-83.56808, 8.91598], [-83.56808, 8.91601], [-83.56809, 8.91604], [-83.56809, 8.91607], [-83.56809, 8.9161], [-83.56809, 8.91612], [-83.5681, 8.91615], [-83.5681, 8.91619], [-83.56809, 8.91622], [-83.56808, 8.91623], [-83.56807, 8.91625], [-83.56807, 8.91626], [-83.56808, 8.91627], [-83.56808, 8.91628], [-83.56809, 8.91629], [-83.5681, 8.91629], [-83.56812, 8.91632], [-83.56814, 8.91634], [-83.56815, 8.91638], [-83.56815, 8.91638], [-83.56816, 8.91641], [-83.56818, 8.91644], [-83.56819, 8.91647], [-83.56821, 8.91648], [-83.56822, 8.9165], [-83.56822, 8.91651], [-83.56824, 8.91653], [-83.56827, 8.91655], [-83.56831, 8.91657], [-83.56834, 8.91659], [-83.56838, 8.91661], [-83.56842, 8.91665], [-83.56845, 8.91667], [-83.56846, 8.91668], [-83.5685, 8.9167], [-83.56853, 8.91672], [-83.56857, 8.91675], [-83.56861, 8.91678], [-83.56866, 8.9168], [-83.5687, 8.91683], [-83.56877, 8.91686], [-83.56881, 8.91688], [-83.56899, 8.91696], [-83.56905, 8.91699], [-83.56912, 8.91702], [-83.56919, 8.91704], [-83.56932, 8.91711], [-83.56936, 8.91713], [-83.56941, 8.91716], [-83.56945, 8.91716], [-83.5695, 8.91718], [-83.56954, 8.9172], [-83.56959, 8.91723], [-83.56965, 8.91726], [-83.56969, 8.91729], [-83.56973, 8.91731], [-83.56976, 8.91734], [-83.56977, 8.91737], [-83.56979, 8.91741], [-83.5698, 8.91744], [-83.56981, 8.91746], [-83.56981, 8.91748], [-83.56981, 8.91751], [-83.56981, 8.91755], [-83.56979, 8.91762], [-83.56978, 8.91766], [-83.56977, 8.91768], [-83.56976, 8.9177], [-83.56974, 8.91773], [-83.56973, 8.91775], [-83.56971, 8.91778], [-83.5697, 8.91781], [-83.56969, 8.91783], [-83.56967, 8.91785], [-83.56966, 8.91787], [-83.56963, 8.9179], [-83.56963, 8.9179], [-83.56961, 8.91791], [-83.56958, 8.91793], [-83.56956, 8.91794], [-83.56952, 8.91798], [-83.56945, 8.91802], [-83.56942, 8.91804], [-83.56936, 8.91805], [-83.56933, 8.91806], [-83.56929, 8.91805], [-83.56923, 8.91803], [-83.56921, 8.91802], [-83.56916, 8.91801], [-83.56913, 8.91801], [-83.56909, 8.91801], [-83.56905, 8.918], [-83.56903, 8.91799], [-83.56898, 8.91798], [-83.56894, 8.91797], [-83.56888, 8.91795], [-83.56885, 8.91793], [-83.5688, 8.91791], [-83.56877, 8.91789], [-83.56873, 8.91786], [-83.5687, 8.91785], [-83.56865, 8.91784], [-83.5686, 8.91782], [-83.56856, 8.91781], [-83.56852, 8.9178], [-83.56847, 8.9178], [-83.56842, 8.91779], [-83.56839, 8.91779], [-83.56835, 8.91779], [-83.56831, 8.91779], [-83.56825, 8.91779], [-83.56817, 8.91776], [-83.56814, 8.91775], [-83.56808, 8.91772], [-83.56804, 8.9177], [-83.56798, 8.91767], [-83.56791, 8.91764], [-83.56787, 8.91762], [-83.56781, 8.91759], [-83.56776, 8.91757], [-83.56771, 8.91754], [-83.56766, 8.91751], [-83.56759, 8.91748], [-83.56755, 8.91746], [-83.56751, 8.91743], [-83.56748, 8.91741], [-83.56744, 8.91738], [-83.56739, 8.91736], [-83.56734, 8.91733], [-83.5673, 8.91731], [-83.56728, 8.91729], [-83.56725, 8.91727], [-83.56721, 8.91725], [-83.56711, 8.91717], [-83.56705, 8.91713], [-83.56702, 8.91711], [-83.56698, 8.91709], [-83.56693, 8.91707], [-83.5669, 8.91706], [-83.56686, 8.91704], [-83.56681, 8.91702], [-83.56677, 8.91701], [-83.56666, 8.91698], [-83.56656, 8.91697], [-83.56652, 8.91697], [-83.56648, 8.91697], [-83.56642, 8.91697], [-83.56637, 8.91697], [-83.56637, 8.91697], [-83.56634, 8.91697], [-83.56631, 8.91697], [-83.5663, 8.91697], [-83.56629, 8.91699], [-83.56629, 8.91701], [-83.56628, 8.91701], [-83.56626, 8.917], [-83.56625, 8.91699], [-83.56624, 8.91698], [-83.56623, 8.91698], [-83.56622, 8.91697], [-83.56622, 8.91697], [-83.5662, 8.91697], [-83.5662, 8.91698], [-83.56619, 8.91698], [-83.56619, 8.91698], [-83.56618, 8.91699], [-83.56617, 8.917], [-83.56614, 8.91701], [-83.56612, 8.91701], [-83.56608, 8.91702], [-83.56606, 8.91703], [-83.56603, 8.91703], [-83.566, 8.91704], [-83.56597, 8.91704], [-83.56594, 8.91705], [-83.56592, 8.91706], [-83.56587, 8.91709], [-83.56585, 8.9171], [-83.56583, 8.9171], [-83.56581, 8.91711], [-83.56579, 8.91712], [-83.56578, 8.91713], [-83.56577, 8.91713], [-83.56575, 8.91715], [-83.56574, 8.91716], [-83.56573, 8.91716], [-83.5657, 8.91717], [-83.56568, 8.91719], [-83.56566, 8.9172], [-83.56563, 8.91722], [-83.56561, 8.91723], [-83.56561, 8.91723], [-83.5656, 8.91724], [-83.56559, 8.91725], [-83.56559, 8.91725], [-83.56559, 8.91726], [-83.56559, 8.91727], [-83.56558, 8.91728], [-83.56556, 8.91729], [-83.56556, 8.9173], [-83.56554, 8.9173], [-83.56552, 8.91731], [-83.56551, 8.91733], [-83.56551, 8.91734], [-83.56551, 8.91734], [-83.5655, 8.91735], [-83.56549, 8.91736], [-83.56547, 8.91736], [-83.56545, 8.91737], [-83.56545, 8.91737], [-83.56544, 8.91739], [-83.56544, 8.91741], [-83.56544, 8.91742], [-83.56543, 8.91744], [-83.56542, 8.91745], [-83.56542, 8.91746], [-83.56539, 8.91749], [-83.56537, 8.9175], [-83.56536, 8.91752], [-83.56534, 8.91754], [-83.56533, 8.91756], [-83.56531, 8.91759], [-83.56529, 8.91762], [-83.56528, 8.91764], [-83.56526, 8.91767], [-83.56524, 8.9177], [-83.56523, 8.91773], [-83.56522, 8.91776], [-83.56521, 8.91781], [-83.56519, 8.9179], [-83.56518, 8.91792], [-83.56518, 8.91794], [-83.56517, 8.918], [-83.56516, 8.91804], [-83.56515, 8.9181], [-83.56514, 8.91815], [-83.56513, 8.91817], [-83.56512, 8.91822], [-83.56511, 8.91824], [-83.56511, 8.91827], [-83.5651, 8.91832], [-83.56509, 8.91836], [-83.56508, 8.91841], [-83.56507, 8.91844], [-83.56506, 8.91847], [-83.56505, 8.91852], [-83.56505, 8.91856], [-83.56505, 8.91865], [-83.56506, 8.91872], [-83.56506, 8.91881], [-83.56506, 8.91887], [-83.56507, 8.91891], [-83.56508, 8.91898], [-83.56511, 8.91903], [-83.56516, 8.91911], [-83.56523, 8.91917], [-83.56532, 8.91924], [-83.56538, 8.91928], [-83.56544, 8.91933], [-83.5655, 8.91938], [-83.56556, 8.91942], [-83.5656, 8.91945], [-83.56566, 8.91949], [-83.5657, 8.91951], [-83.56577, 8.91954], [-83.56581, 8.91955], [-83.56587, 8.91957], [-83.56594, 8.91957], [-83.56601, 8.91957], [-83.56609, 8.91957], [-83.56617, 8.91956], [-83.56623, 8.91955], [-83.56629, 8.91955], [-83.56635, 8.91954], [-83.56642, 8.91953], [-83.56647, 8.91952], [-83.5665, 8.91951], [-83.56655, 8.91949], [-83.5666, 8.91947], [-83.56665, 8.91946], [-83.56669, 8.91945], [-83.56673, 8.91944], [-83.56677, 8.91944], [-83.56681, 8.91943], [-83.56684, 8.91942], [-83.56688, 8.91941], [-83.56691, 8.91941], [-83.56696, 8.91941], [-83.56701, 8.91943], [-83.56704, 8.91944], [-83.56709, 8.91946], [-83.5672, 8.91953], [-83.56723, 8.91956], [-83.56725, 8.91958], [-83.56728, 8.91961], [-83.56731, 8.91966], [-83.56734, 8.9197], [-83.56737, 8.91975], [-83.56739, 8.91979], [-83.56741, 8.91983], [-83.56744, 8.91988], [-83.56746, 8.91993], [-83.56748, 8.91996], [-83.56749, 8.91999], [-83.56752, 8.92002], [-83.56753, 8.92005], [-83.56755, 8.92008], [-83.56757, 8.92014], [-83.56759, 8.92016], [-83.56761, 8.9202], [-83.56762, 8.92024], [-83.56763, 8.92028], [-83.56764, 8.92032], [-83.56764, 8.92037], [-83.56764, 8.9204], [-83.56764, 8.92044], [-83.56763, 8.92048], [-83.56763, 8.92052], [-83.56762, 8.92055], [-83.56761, 8.92059], [-83.5676, 8.92061], [-83.56759, 8.92064], [-83.56756, 8.92067], [-83.56754, 8.9207], [-83.56748, 8.92075], [-83.56745, 8.92076], [-83.56742, 8.92078], [-83.56739, 8.9208], [-83.56737, 8.92081], [-83.56734, 8.92083], [-83.56731, 8.92084], [-83.56729, 8.92085], [-83.56727, 8.92086], [-83.56725, 8.92087], [-83.56722, 8.92089], [-83.56717, 8.92091], [-83.56714, 8.92092], [-83.56711, 8.92093], [-83.56709, 8.92094], [-83.56706, 8.92095], [-83.56699, 8.92098], [-83.56697, 8.92099], [-83.56695, 8.921], [-83.56693, 8.92101], [-83.5669, 8.92103], [-83.56689, 8.92104], [-83.56688, 8.92105], [-83.56685, 8.9211], [-83.56683, 8.92112], [-83.56682, 8.92114], [-83.5668, 8.92116], [-83.56677, 8.92118], [-83.56675, 8.92119], [-83.56673, 8.9212], [-83.56671, 8.9212], [-83.56668, 8.9212], [-83.56661, 8.92118], [-83.56656, 8.92118], [-83.56652, 8.92119], [-83.56647, 8.9212], [-83.56642, 8.9212], [-83.56637, 8.9212], [-83.56632, 8.92119], [-83.56628, 8.92119], [-83.56624, 8.92118], [-83.5662, 8.92116], [-83.56617, 8.92113], [-83.56614, 8.92111], [-83.56614, 8.92111], [-83.56613, 8.92111], [-83.56611, 8.9211], [-83.56609, 8.9211], [-83.56608, 8.9211], [-83.56605, 8.9211], [-83.56602, 8.92109], [-83.56599, 8.92108], [-83.56594, 8.92107], [-83.5659, 8.92106], [-83.56588, 8.92105], [-83.56586, 8.92104], [-83.56585, 8.92101], [-83.56583, 8.92097], [-83.56582, 8.92095], [-83.56581, 8.92093], [-83.56579, 8.9209], [-83.56578, 8.92088], [-83.56576, 8.92084], [-83.56575, 8.92079], [-83.56574, 8.92076], [-83.56575, 8.92072], [-83.56575, 8.92069], [-83.56575, 8.92065], [-83.56574, 8.92061], [-83.56573, 8.92057], [-83.56573, 8.92053], [-83.56571, 8.92049], [-83.56569, 8.92042], [-83.56568, 8.9204], [-83.56564, 8.92036], [-83.56562, 8.92034], [-83.5656, 8.92032], [-83.56557, 8.92029], [-83.56554, 8.92026], [-83.56549, 8.92021], [-83.56547, 8.9202], [-83.56543, 8.92018], [-83.56539, 8.92017], [-83.56535, 8.92017], [-83.56531, 8.92017], [-83.56525, 8.92018], [-83.56521, 8.92018], [-83.56515, 8.92019], [-83.56511, 8.9202], [-83.56506, 8.92022], [-83.56503, 8.92023], [-83.565, 8.92025], [-83.56496, 8.92027], [-83.56495, 8.9203], [-83.56491, 8.92033], [-83.56489, 8.92036], [-83.56486, 8.92038], [-83.56483, 8.92041], [-83.5648, 8.92044], [-83.56477, 8.92047], [-83.56474, 8.9205], [-83.56471, 8.92053], [-83.56468, 8.92057], [-83.56465, 8.9206], [-83.56463, 8.92062], [-83.56461, 8.92065], [-83.56459, 8.92067], [-83.56456, 8.92071], [-83.56455, 8.92071], [-83.56454, 8.92072], [-83.56454, 8.92072], [-83.56453, 8.92072], [-83.56452, 8.92071], [-83.56451, 8.9207], [-83.56449, 8.92069], [-83.56449, 8.92069], [-83.56448, 8.92068], [-83.56446, 8.92069], [-83.56446, 8.92069], [-83.56445, 8.92074], [-83.56445, 8.92076], [-83.56445, 8.92078], [-83.56445, 8.92079], [-83.56445, 8.92082], [-83.56445, 8.92084], [-83.56446, 8.92086], [-83.56447, 8.9209], [-83.56448, 8.92093], [-83.56448, 8.92097], [-83.56447, 8.921], [-83.56446, 8.92103], [-83.56445, 8.92106], [-83.56442, 8.92112], [-83.56439, 8.92116], [-83.56436, 8.9212], [-83.56434, 8.92123], [-83.56432, 8.92126], [-83.56429, 8.92128], [-83.56425, 8.92131], [-83.56422, 8.92134], [-83.56419, 8.92135], [-83.56417, 8.92136], [-83.56415, 8.92136], [-83.56408, 8.92137], [-83.56404, 8.92137], [-83.56399, 8.92138], [-83.56395, 8.92139], [-83.5639, 8.92139], [-83.56384, 8.9214], [-83.56378, 8.9214], [-83.56373, 8.92141], [-83.56369, 8.92141], [-83.56365, 8.9214], [-83.56361, 8.92138], [-83.56357, 8.92136], [-83.56352, 8.92134], [-83.56347, 8.92132], [-83.56337, 8.92131], [-83.56327, 8.92131], [-83.5632, 8.9213], [-83.56314, 8.9213], [-83.56309, 8.9213], [-83.56301, 8.92128], [-83.5629, 8.92127], [-83.56285, 8.92127], [-83.56277, 8.92127], [-83.56272, 8.92126], [-83.56266, 8.92125], [-83.56259, 8.92124], [-83.56255, 8.92123], [-83.56247, 8.9212], [-83.56239, 8.92117], [-83.56235, 8.92115], [-83.56233, 8.92113], [-83.5623, 8.92112], [-83.56226, 8.92111], [-83.56221, 8.92109], [-83.56218, 8.92107], [-83.56215, 8.92106], [-83.56212, 8.92106], [-83.56209, 8.92105], [-83.56204, 8.92104], [-83.56201, 8.92103], [-83.56196, 8.92101], [-83.56195, 8.92101], [-83.56191, 8.921], [-83.56189, 8.921], [-83.56184, 8.92101], [-83.5618, 8.92102], [-83.56176, 8.92102], [-83.56173, 8.92102], [-83.56168, 8.92103], [-83.56165, 8.92103], [-83.56163, 8.92104], [-83.56159, 8.92105], [-83.56156, 8.92107], [-83.56153, 8.92109], [-83.56151, 8.9211], [-83.56147, 8.92113], [-83.56142, 8.92119], [-83.56138, 8.92123], [-83.56134, 8.92127], [-83.56132, 8.9213], [-83.5613, 8.92132], [-83.56129, 8.92134], [-83.56128, 8.92136], [-83.56127, 8.92138], [-83.56126, 8.92141], [-83.56125, 8.92144], [-83.56124, 8.92146], [-83.56124, 8.92149], [-83.56124, 8.92152], [-83.56125, 8.92157], [-83.56126, 8.9216], [-83.56127, 8.92162], [-83.5613, 8.9217], [-83.56139, 8.92184], [-83.56144, 8.9219], [-83.56147, 8.92193], [-83.5615, 8.92195], [-83.56152, 8.92197], [-83.56154, 8.92198], [-83.56157, 8.92199], [-83.5616, 8.92201], [-83.56162, 8.92204], [-83.56164, 8.92207], [-83.56167, 8.9221], [-83.56171, 8.92213], [-83.56175, 8.92215], [-83.56179, 8.92218], [-83.56184, 8.92221], [-83.56186, 8.92223], [-83.5621, 8.92239], [-83.56224, 8.92249], [-83.56233, 8.92254], [-83.56239, 8.92258], [-83.56247, 8.92261], [-83.56256, 8.92265], [-83.56265, 8.92267], [-83.56281, 8.92271], [-83.56299, 8.92276], [-83.56307, 8.92279], [-83.56319, 8.92282], [-83.56337, 8.92287], [-83.56345, 8.92288], [-83.5635, 8.92289], [-83.5636, 8.9229], [-83.56368, 8.9229], [-83.56389, 8.92288], [-83.56394, 8.92288], [-83.56399, 8.92289], [-83.56406, 8.9229], [-83.56407, 8.9229], [-83.56409, 8.92292], [-83.56411, 8.92295], [-83.56414, 8.92301], [-83.56415, 8.92307], [-83.56416, 8.92318], [-83.56417, 8.92362], [-83.56419, 8.92379], [-83.5642, 8.92391], [-83.56418, 8.92396], [-83.56413, 8.924], [-83.56408, 8.92404], [-83.56404, 8.92404], [-83.56396, 8.92404], [-83.56388, 8.92402], [-83.56378, 8.92397], [-83.56372, 8.92393], [-83.56361, 8.92384], [-83.56359, 8.92383], [-83.5635, 8.92379], [-83.56345, 8.92378], [-83.56339, 8.92378], [-83.56332, 8.92378], [-83.56326, 8.92378], [-83.56317, 8.92379], [-83.56308, 8.92381], [-83.56304, 8.92383], [-83.56292, 8.92389], [-83.56282, 8.92396], [-83.56277, 8.92401], [-83.56274, 8.92404], [-83.56269, 8.92412], [-83.56266, 8.92419], [-83.56263, 8.92424], [-83.56259, 8.92428], [-83.56255, 8.92433], [-83.56251, 8.92436], [-83.56247, 8.92437], [-83.56243, 8.92438], [-83.56238, 8.92438], [-83.56233, 8.92436], [-83.56226, 8.92432], [-83.56218, 8.92426], [-83.56214, 8.92422], [-83.5621, 8.92419], [-83.56205, 8.92416], [-83.56201, 8.92414], [-83.56198, 8.92413], [-83.56196, 8.92412], [-83.56188, 8.9241], [-83.56182, 8.9241], [-83.56178, 8.92411], [-83.56173, 8.92412], [-83.56167, 8.92414], [-83.56162, 8.92415], [-83.56157, 8.92417], [-83.56151, 8.9242], [-83.56146, 8.92423], [-83.56141, 8.92426], [-83.56137, 8.92431], [-83.56153, 8.92461], [-83.56789, 8.93727], [-83.56771, 8.93784], [-83.56778, 8.93789], [-83.56795, 8.938], [-83.56801, 8.93802], [-83.56811, 8.93806], [-83.5682, 8.93809], [-83.56827, 8.93809], [-83.56833, 8.93808], [-83.5684, 8.93805], [-83.56847, 8.93802], [-83.5686, 8.93794], [-83.56863, 8.93791], [-83.56869, 8.93785], [-83.56883, 8.93767], [-83.56898, 8.9375], [-83.56907, 8.93742], [-83.56933, 8.93707], [-83.56937, 8.93704], [-83.5694, 8.93701], [-83.56945, 8.93697], [-83.5695, 8.93694], [-83.56954, 8.93693], [-83.56957, 8.93693], [-83.56961, 8.93695], [-83.56964, 8.93699], [-83.56966, 8.93705], [-83.56967, 8.93715], [-83.56967, 8.93727], [-83.56968, 8.93736], [-83.5697, 8.93747], [-83.56975, 8.93761], [-83.56995, 8.93809], [-83.56998, 8.93818], [-83.57003, 8.93855], [-83.57003, 8.93865], [-83.57002, 8.93878], [-83.57, 8.93886], [-83.56999, 8.93894], [-83.56998, 8.93901], [-83.56996, 8.93908], [-83.56995, 8.93919], [-83.56993, 8.93929], [-83.56993, 8.93933], [-83.56994, 8.93936], [-83.56995, 8.93941], [-83.56997, 8.93947], [-83.56999, 8.9395], [-83.57002, 8.93954], [-83.57006, 8.93956], [-83.57011, 8.93959], [-83.57017, 8.93962], [-83.57023, 8.93963], [-83.57028, 8.93964], [-83.57034, 8.93963], [-83.57048, 8.93959], [-83.57057, 8.93955], [-83.57063, 8.93951], [-83.57067, 8.93948], [-83.57091, 8.93927], [-83.57116, 8.93904], [-83.57122, 8.93899], [-83.57127, 8.93896], [-83.57131, 8.93895], [-83.57136, 8.93894], [-83.5714, 8.93895], [-83.57145, 8.93898], [-83.5715, 8.93902], [-83.57153, 8.93906], [-83.57154, 8.9391], [-83.57156, 8.93918], [-83.57157, 8.93922], [-83.57157, 8.93927], [-83.57156, 8.93935], [-83.57156, 8.93942], [-83.57153, 8.93953], [-83.57151, 8.93962], [-83.57144, 8.93989], [-83.57141, 8.93998], [-83.57137, 8.94007], [-83.57131, 8.94015], [-83.57126, 8.9402], [-83.57103, 8.94031], [-83.57094, 8.94035], [-83.57078, 8.94042], [-83.57047, 8.94051], [-83.57042, 8.94052], [-83.57038, 8.94053], [-83.57034, 8.94053], [-83.57031, 8.94054], [-83.57029, 8.94054], [-83.57023, 8.94054], [-83.57016, 8.94052], [-83.57013, 8.94051], [-83.57006, 8.94051], [-83.57003, 8.94051], [-83.56998, 8.94053], [-83.5699, 8.94059], [-83.56982, 8.94066], [-83.56977, 8.94073], [-83.56971, 8.9408], [-83.5697, 8.94083], [-83.56968, 8.94087], [-83.56967, 8.94092], [-83.56967, 8.94095], [-83.56967, 8.94098], [-83.5697, 8.941], [-83.56972, 8.94103], [-83.56978, 8.94107], [-83.56981, 8.94112], [-83.56985, 8.94116], [-83.5699, 8.94121], [-83.56991, 8.94122], [-83.56996, 8.94127], [-83.56999, 8.9413], [-83.57005, 8.94134], [-83.57011, 8.94138], [-83.57017, 8.94141], [-83.57026, 8.94147], [-83.57032, 8.94151], [-83.57037, 8.94154], [-83.57042, 8.94157], [-83.57046, 8.94159], [-83.5705, 8.9416], [-83.57056, 8.94164], [-83.57059, 8.94167], [-83.57062, 8.94171], [-83.57063, 8.94176], [-83.57063, 8.9418], [-83.57062, 8.94187], [-83.5706, 8.94193], [-83.57058, 8.94197], [-83.57056, 8.94203], [-83.57054, 8.94207], [-83.57049, 8.94226], [-83.57047, 8.94227], [-83.57044, 8.94227], [-83.57047, 8.94263], [-83.57056, 8.94266], [-83.57072, 8.94273], [-83.57085, 8.94277], [-83.57096, 8.94278], [-83.57115, 8.94282], [-83.57128, 8.94284], [-83.57131, 8.94285], [-83.57142, 8.94287], [-83.57158, 8.94291], [-83.57169, 8.94294], [-83.57182, 8.94298], [-83.57192, 8.94303], [-83.57203, 8.9431], [-83.5721, 8.94315], [-83.57217, 8.94322], [-83.57226, 8.94334], [-83.57241, 8.94348], [-83.57251, 8.94356], [-83.57263, 8.94364], [-83.57271, 8.94368], [-83.57279, 8.94371], [-83.57287, 8.94375], [-83.57295, 8.94378], [-83.573, 8.94379], [-83.57306, 8.94379], [-83.57314, 8.94379], [-83.57323, 8.94377], [-83.5733, 8.94375], [-83.57338, 8.94372], [-83.57346, 8.94368], [-83.57355, 8.94362], [-83.57363, 8.94354], [-83.57369, 8.94347], [-83.57374, 8.94341], [-83.57381, 8.94333], [-83.57384, 8.94328], [-83.57397, 8.94303], [-83.574, 8.94295], [-83.57406, 8.94286], [-83.57411, 8.94279], [-83.57414, 8.94276], [-83.57417, 8.94275], [-83.57421, 8.94275], [-83.57426, 8.94277], [-83.57429, 8.9428], [-83.57433, 8.94283], [-83.57437, 8.9429], [-83.57439, 8.94296], [-83.5744, 8.94303], [-83.57445, 8.94335], [-83.57449, 8.94347], [-83.57456, 8.94372], [-83.57461, 8.94386], [-83.57466, 8.944], [-83.57475, 8.94414], [-83.57481, 8.94421], [-83.5749, 8.9443], [-83.57499, 8.94437], [-83.575, 8.94438], [-83.5751, 8.94444], [-83.57522, 8.9445], [-83.57532, 8.94454], [-83.57538, 8.94456], [-83.57545, 8.94458], [-83.57558, 8.94461], [-83.57581, 8.94466], [-83.57596, 8.9447], [-83.5761, 8.94474], [-83.57624, 8.94479], [-83.5764, 8.94485], [-83.57656, 8.94492], [-83.57676, 8.94501], [-83.57693, 8.94508], [-83.57706, 8.94514], [-83.57735, 8.94525], [-83.57752, 8.94531], [-83.57765, 8.94537], [-83.57777, 8.94542], [-83.57792, 8.94547], [-83.57803, 8.94551], [-83.57813, 8.94555], [-83.57819, 8.94557], [-83.57826, 8.94561], [-83.5783, 8.94564], [-83.57832, 8.94566], [-83.57836, 8.94572], [-83.57839, 8.94577], [-83.5784, 8.94581], [-83.57841, 8.94586], [-83.57841, 8.94591], [-83.57839, 8.94594], [-83.57836, 8.94599], [-83.57833, 8.94601], [-83.5783, 8.94603], [-83.57827, 8.94605], [-83.57817, 8.94607], [-83.57813, 8.94607], [-83.57808, 8.94608], [-83.57801, 8.94607], [-83.57793, 8.94606], [-83.57784, 8.94604], [-83.57777, 8.94602], [-83.57769, 8.946], [-83.57749, 8.94591], [-83.57743, 8.94588], [-83.57733, 8.94581], [-83.57721, 8.94578], [-83.57706, 8.94573], [-83.57691, 8.94568], [-83.5768, 8.94564], [-83.5767, 8.9456], [-83.57662, 8.94557], [-83.57655, 8.94556], [-83.57652, 8.94555], [-83.57647, 8.94555], [-83.57641, 8.94555], [-83.57632, 8.94555], [-83.57608, 8.94557], [-83.57594, 8.94562], [-83.57585, 8.94566], [-83.5758, 8.9457], [-83.57576, 8.94573], [-83.57565, 8.94586], [-83.5756, 8.94592], [-83.57556, 8.94598], [-83.57551, 8.94606], [-83.57548, 8.9461], [-83.57545, 8.94614], [-83.57541, 8.94622], [-83.57538, 8.9463], [-83.57536, 8.94643], [-83.57531, 8.9467], [-83.5753, 8.9468], [-83.57528, 8.9469], [-83.57525, 8.94702], [-83.57523, 8.9472], [-83.57523, 8.94755], [-83.57523, 8.94774], [-83.57526, 8.94785], [-83.57529, 8.94791], [-83.57533, 8.94799], [-83.57537, 8.94807], [-83.57542, 8.94814], [-83.57549, 8.94821], [-83.57555, 8.94825], [-83.57572, 8.94834], [-83.57576, 8.94836], [-83.57584, 8.94837], [-83.57596, 8.94837], [-83.57616, 8.94832], [-83.57626, 8.94828], [-83.57638, 8.94824], [-83.5764, 8.94824], [-83.57648, 8.94821], [-83.57656, 8.94817], [-83.57694, 8.94788], [-83.57724, 8.94763], [-83.5775, 8.94745], [-83.57762, 8.94739], [-83.57774, 8.94733], [-83.57782, 8.94729], [-83.5779, 8.94725], [-83.57811, 8.9472], [-83.57821, 8.94719], [-83.57829, 8.94718], [-83.57839, 8.94717], [-83.57849, 8.94717], [-83.57859, 8.94719], [-83.57869, 8.9472], [-83.57877, 8.94721], [-83.57886, 8.94724], [-83.57894, 8.94727], [-83.57905, 8.94732], [-83.57914, 8.94737], [-83.57923, 8.94745], [-83.57933, 8.94758], [-83.57934, 8.94761], [-83.57934, 8.94767], [-83.57933, 8.94773], [-83.57932, 8.94776], [-83.57929, 8.94781], [-83.57901, 8.94828], [-83.57882, 8.94861], [-83.57875, 8.94875], [-83.57868, 8.94887], [-83.57863, 8.949], [-83.57855, 8.94934], [-83.57853, 8.94949], [-83.57851, 8.94967], [-83.5785, 8.94988], [-83.5785, 8.95], [-83.57851, 8.95017], [-83.57853, 8.95039], [-83.57853, 8.95057], [-83.57854, 8.95064], [-83.57859, 8.95091], [-83.57861, 8.951], [-83.57876, 8.95152], [-83.5789, 8.95181], [-83.57896, 8.95189], [-83.57902, 8.95195], [-83.57908, 8.952], [-83.57915, 8.95204], [-83.57924, 8.95207], [-83.57933, 8.95209], [-83.5794, 8.9521], [-83.57946, 8.95209], [-83.57952, 8.95209], [-83.57974, 8.95207], [-83.57995, 8.95204], [-83.58056, 8.95163], [-83.58056, 8.95161], [-83.58057, 8.95159], [-83.58065, 8.95152], [-83.58095, 8.95125], [-83.58148, 8.95087], [-83.5816, 8.95078], [-83.58172, 8.95068], [-83.58181, 8.95057], [-83.5819, 8.95047], [-83.58201, 8.9503], [-83.58207, 8.95021], [-83.5821, 8.95015], [-83.58214, 8.95006], [-83.58216, 8.95], [-83.58219, 8.94989], [-83.5822, 8.94981], [-83.58219, 8.94971], [-83.58214, 8.94945], [-83.58209, 8.94926], [-83.58203, 8.94916], [-83.58197, 8.94908], [-83.58192, 8.94902], [-83.58185, 8.94895], [-83.58174, 8.94885], [-83.5817, 8.94881], [-83.58161, 8.94873], [-83.58155, 8.94867], [-83.58148, 8.9486], [-83.58144, 8.94854], [-83.58134, 8.94839], [-83.58133, 8.94838], [-83.5813, 8.94832], [-83.58129, 8.94827], [-83.58128, 8.94821], [-83.5813, 8.94811], [-83.58132, 8.94802], [-83.58134, 8.94796], [-83.58135, 8.94792], [-83.58137, 8.94789], [-83.58139, 8.94784], [-83.58145, 8.94777], [-83.58147, 8.94774], [-83.5815, 8.94772], [-83.58155, 8.9477], [-83.58162, 8.94768], [-83.58172, 8.94765], [-83.58192, 8.94761], [-83.582, 8.94759], [-83.58209, 8.94759], [-83.58221, 8.94758], [-83.58238, 8.94758], [-83.58269, 8.94754], [-83.58281, 8.94753], [-83.58296, 8.94755], [-83.58312, 8.94756], [-83.58332, 8.94759], [-83.5836, 8.94761], [-83.5837, 8.94761], [-83.58382, 8.94762], [-83.58393, 8.94764], [-83.58407, 8.94769], [-83.58409, 8.94772], [-83.5841, 8.94774], [-83.5841, 8.94781], [-83.58409, 8.9479], [-83.58411, 8.9484], [-83.5841, 8.9486], [-83.58409, 8.94866], [-83.5841, 8.94889], [-83.58422, 8.94991], [-83.58423, 8.95], [-83.58428, 8.95063], [-83.58428, 8.95068], [-83.58471, 8.95094], [-83.58482, 8.95091], [-83.58492, 8.95089], [-83.58499, 8.95086], [-83.58505, 8.95081], [-83.5851, 8.95077], [-83.58522, 8.95063], [-83.5855, 8.95035], [-83.58559, 8.95026], [-83.58567, 8.95018], [-83.58573, 8.95013], [-83.58582, 8.95], [-83.58592, 8.94987], [-83.58606, 8.94961], [-83.58622, 8.94923], [-83.58627, 8.94915], [-83.58629, 8.94912], [-83.58633, 8.94909], [-83.58639, 8.94907], [-83.58644, 8.94906], [-83.5865, 8.94907], [-83.58657, 8.94909], [-83.58663, 8.94912], [-83.58667, 8.94915], [-83.58671, 8.94919], [-83.58674, 8.94923], [-83.58676, 8.94927], [-83.58685, 8.94961], [-83.58692, 8.95], [-83.58696, 8.95018], [-83.58697, 8.95022], [-83.58701, 8.95044], [-83.58702, 8.95049], [-83.58706, 8.95073], [-83.58709, 8.95089], [-83.58709, 8.95117], [-83.5871, 8.95131], [-83.58715, 8.95152], [-83.58717, 8.95158], [-83.5872, 8.95166], [-83.58727, 8.95177], [-83.58734, 8.95183], [-83.58742, 8.9519], [-83.58752, 8.95196], [-83.58759, 8.952], [-83.58768, 8.95203], [-83.58777, 8.95206], [-83.58785, 8.95207], [-83.58791, 8.95207], [-83.58797, 8.95207], [-83.58803, 8.95206], [-83.58808, 8.95205], [-83.58813, 8.95203], [-83.58818, 8.95201], [-83.58865, 8.95184], [-83.58882, 8.95181], [-83.58889, 8.9518], [-83.58902, 8.9518], [-83.58917, 8.95182], [-83.58931, 8.95185], [-83.58941, 8.95187], [-83.58952, 8.95191], [-83.58962, 8.95199], [-83.5897, 8.95209], [-83.58978, 8.95219], [-83.58998, 8.95261], [-83.59005, 8.95274], [-83.59007, 8.95278], [-83.59015, 8.95289], [-83.59026, 8.953], [-83.59037, 8.9531], [-83.59049, 8.95317], [-83.59064, 8.95323], [-83.59081, 8.95328], [-83.5913, 8.95346], [-83.59152, 8.95354], [-83.59164, 8.95361], [-83.59172, 8.95367], [-83.59177, 8.95373], [-83.59182, 8.95386], [-83.59185, 8.95399], [-83.59188, 8.95415], [-83.59191, 8.95429], [-83.59193, 8.95441], [-83.59195, 8.9545], [-83.592, 8.95462], [-83.59203, 8.95468], [-83.59209, 8.95479], [-83.59212, 8.95485], [-83.59213, 8.9549], [-83.59214, 8.95496], [-83.59214, 8.95505], [-83.59214, 8.9551], [-83.59214, 8.95512], [-83.59214, 8.95514], [-83.59216, 8.95518], [-83.59217, 8.95521], [-83.59219, 8.95525], [-83.59223, 8.95528], [-83.59227, 8.95531], [-83.59229, 8.95532], [-83.59232, 8.95532], [-83.59233, 8.95531], [-83.59234, 8.9553], [-83.59237, 8.95528], [-83.59241, 8.95526], [-83.59244, 8.95525], [-83.59247, 8.95525], [-83.59252, 8.95525], [-83.5927, 8.95531], [-83.59288, 8.95537], [-83.59303, 8.95542], [-83.5932, 8.95547], [-83.59324, 8.95548], [-83.59332, 8.9555], [-83.59363, 8.95552], [-83.5938, 8.95552], [-83.59391, 8.9555], [-83.59402, 8.95548], [-83.59408, 8.95546], [-83.59414, 8.95542], [-83.59437, 8.95523], [-83.59442, 8.95517], [-83.59448, 8.95509], [-83.59454, 8.95503], [-83.59459, 8.95498], [-83.59466, 8.95485], [-83.59469, 8.95479], [-83.59472, 8.95473], [-83.59474, 8.95467], [-83.59476, 8.9546], [-83.59478, 8.95454], [-83.59478, 8.95447], [-83.59476, 8.95424], [-83.59474, 8.95411], [-83.59473, 8.95403], [-83.5947, 8.95396], [-83.59467, 8.95386], [-83.59464, 8.95376], [-83.59458, 8.95364], [-83.59451, 8.95351], [-83.59439, 8.95329], [-83.59433, 8.95314], [-83.59429, 8.95305], [-83.59426, 8.95296], [-83.59421, 8.95283], [-83.59409, 8.95251], [-83.59408, 8.95244], [-83.59406, 8.95235], [-83.59403, 8.95224], [-83.594, 8.95212], [-83.59398, 8.95202], [-83.59397, 8.95195], [-83.59399, 8.95172], [-83.594, 8.95161], [-83.59403, 8.95152], [-83.59406, 8.95144], [-83.59412, 8.95133], [-83.59418, 8.95126], [-83.59423, 8.9512], [-83.59428, 8.95115], [-83.59445, 8.95101], [-83.59456, 8.95094], [-83.59465, 8.9509], [-83.59474, 8.95087], [-83.59484, 8.95085], [-83.59495, 8.95084], [-83.59509, 8.95085], [-83.59545, 8.9509], [-83.59567, 8.95094], [-83.59575, 8.95096], [-83.59586, 8.95099], [-83.59597, 8.95102], [-83.59609, 8.95107], [-83.59624, 8.95113], [-83.5964, 8.95121], [-83.59665, 8.95136], [-83.59684, 8.95152], [-83.59692, 8.9516], [-83.59703, 8.95169], [-83.59712, 8.95178], [-83.59721, 8.95187], [-83.5975, 8.95214], [-83.59759, 8.95224], [-83.59766, 8.95231], [-83.59774, 8.9524], [-83.59782, 8.95251], [-83.59808, 8.95291], [-83.59817, 8.95307], [-83.59841, 8.95345], [-83.59844, 8.95351], [-83.5985, 8.95364], [-83.59853, 8.95375], [-83.59855, 8.95383], [-83.59859, 8.95409], [-83.59858, 8.95419], [-83.59857, 8.95427], [-83.59857, 8.95436], [-83.59858, 8.95448], [-83.59858, 8.95461], [-83.59854, 8.95482], [-83.59848, 8.95495], [-83.59845, 8.95502], [-83.5984, 8.9551], [-83.59833, 8.95518], [-83.59817, 8.95537], [-83.59809, 8.95548], [-83.59803, 8.95558], [-83.59798, 8.95565], [-83.59792, 8.95578], [-83.59779, 8.956], [-83.59774, 8.95613], [-83.59769, 8.95621], [-83.59764, 8.95628], [-83.5976, 8.95633], [-83.59755, 8.95636], [-83.59752, 8.95638], [-83.59752, 8.9564], [-83.59752, 8.95641], [-83.59752, 8.95643], [-83.59754, 8.95644], [-83.59758, 8.95646], [-83.5976, 8.95648], [-83.59762, 8.95651], [-83.59764, 8.95656], [-83.59767, 8.95709], [-83.59766, 8.95721], [-83.59766, 8.95729], [-83.59766, 8.9574], [-83.59764, 8.95754], [-83.5976, 8.9577], [-83.59756, 8.95782], [-83.59753, 8.95789], [-83.5975, 8.95796], [-83.59746, 8.95804], [-83.59741, 8.95813], [-83.5974, 8.9582], [-83.59726, 8.95862], [-83.59724, 8.95875], [-83.59721, 8.95885], [-83.5972, 8.9589], [-83.59717, 8.95907], [-83.59715, 8.95924], [-83.59714, 8.95933], [-83.59713, 8.95946], [-83.59713, 8.95954], [-83.59713, 8.95965], [-83.59713, 8.95998], [-83.59713, 8.96009], [-83.59713, 8.96015], [-83.59713, 8.96021], [-83.59714, 8.96026], [-83.59719, 8.96064], [-83.5972, 8.96078], [-83.59722, 8.96092], [-83.59722, 8.96099], [-83.59727, 8.96137], [-83.5973, 8.9615], [-83.59732, 8.96163], [-83.59734, 8.96173], [-83.59738, 8.96192], [-83.59742, 8.96207], [-83.59745, 8.96219], [-83.59748, 8.96229], [-83.59759, 8.96261], [-83.59763, 8.96269], [-83.59767, 8.96278], [-83.59775, 8.96288], [-83.59779, 8.96292], [-83.59792, 8.96302], [-83.59803, 8.9631], [-83.59807, 8.96314], [-83.59815, 8.96318], [-83.59825, 8.96322], [-83.59835, 8.96325], [-83.59842, 8.96327], [-83.5998, 8.96444], [-83.60072, 8.96544], [-83.601, 8.96591], [-83.60124, 8.96629], [-83.60139, 8.96672], [-83.60139, 8.96717], [-83.60131, 8.96766], [-83.60109, 8.96831], [-83.60066, 8.96909], [-83.60028, 8.96956], [-83.60107, 8.97257], [-83.60263, 8.97346], [-83.60293, 8.97371], [-83.60315, 8.97394], [-83.60346, 8.97422], [-83.60366, 8.97447], [-83.60391, 8.97479], [-83.60415, 8.97516], [-83.60484, 8.97607], [-83.6052, 8.97647], [-83.6054, 8.97681], [-83.60551, 8.97713], [-83.60565, 8.97824], [-83.60606, 8.9786], [-83.60628, 8.9789], [-83.60657, 8.97944], [-83.60717, 8.98134], [-83.60743, 8.98213], [-83.60756, 8.9827], [-83.60754, 8.98333], [-83.60756, 8.9835], [-83.60759, 8.98382], [-83.6077, 8.98428], [-83.60773, 8.98462], [-83.60773, 8.985], [-83.60771, 8.98523], [-83.60759, 8.98551], [-83.60754, 8.98559], [-83.60744, 8.98568], [-83.60735, 8.98577], [-83.60726, 8.98582], [-83.6072, 8.98585], [-83.60709, 8.98586], [-83.60694, 8.98586], [-83.60677, 8.98583], [-83.60657, 8.98575], [-83.60639, 8.98569], [-83.60622, 8.98559], [-83.60607, 8.98549], [-83.60591, 8.98533], [-83.60574, 8.98517], [-83.60555, 8.98495], [-83.60545, 8.98477], [-83.60532, 8.98454], [-83.60517, 8.98426], [-83.6051, 8.98405], [-83.60505, 8.98395], [-83.60502, 8.98386], [-83.60498, 8.98358], [-83.60492, 8.98333], [-83.60484, 8.98323], [-83.6044, 8.98284], [-83.60381, 8.98258], [-83.60282, 8.98255], [-83.60212, 8.98259], [-83.60169, 8.98272], [-83.60123, 8.9829], [-83.60081, 8.98333], [-83.60057, 8.98349], [-83.60036, 8.98361], [-83.60011, 8.98376], [-83.6, 8.98382], [-83.59906, 8.98401], [-83.59886, 8.98399], [-83.59871, 8.98391], [-83.59863, 8.98383], [-83.59857, 8.9835], [-83.59853, 8.98293], [-83.59836, 8.98224], [-83.59815, 8.98163], [-83.59761, 8.98093], [-83.59702, 8.98057], [-83.59599, 8.98013], [-83.59513, 8.98005], [-83.5944, 8.97987], [-83.59405, 8.97979], [-83.59368, 8.97969], [-83.59363, 8.97967], [-83.59357, 8.97965], [-83.5932, 8.97957], [-83.5928, 8.97946], [-83.59249, 8.97941], [-83.59245, 8.97941], [-83.5924, 8.97941], [-83.59236, 8.97941], [-83.59227, 8.97942], [-83.59201, 8.97946], [-83.59197, 8.97947], [-83.59192, 8.97948], [-83.59187, 8.97949], [-83.59182, 8.9795], [-83.59178, 8.97953], [-83.59174, 8.97955], [-83.59162, 8.97963], [-83.59159, 8.97965], [-83.59156, 8.97968], [-83.59153, 8.97971], [-83.5915, 8.97973], [-83.59137, 8.97984], [-83.59135, 8.97985], [-83.59132, 8.97988], [-83.59128, 8.97991], [-83.5912, 8.98002], [-83.59119, 8.98003], [-83.59117, 8.98005], [-83.59115, 8.98008], [-83.59114, 8.98011], [-83.59112, 8.98017], [-83.59106, 8.98037], [-83.59105, 8.98042], [-83.59104, 8.98049], [-83.59103, 8.98079], [-83.59104, 8.98081], [-83.59106, 8.98112], [-83.59107, 8.98117], [-83.59108, 8.98124], [-83.59111, 8.98136], [-83.59119, 8.9816], [-83.59122, 8.98171], [-83.59128, 8.98192], [-83.5913, 8.98196], [-83.59134, 8.98203], [-83.59141, 8.98217], [-83.59154, 8.98234], [-83.59158, 8.98239], [-83.59167, 8.98252], [-83.59186, 8.98284], [-83.59204, 8.98319], [-83.59212, 8.98333], [-83.59214, 8.98338], [-83.59225, 8.98352], [-83.59236, 8.98363], [-83.59244, 8.98373], [-83.59253, 8.98386], [-83.5926, 8.984], [-83.59264, 8.98422], [-83.59267, 8.98439], [-83.59268, 8.98443], [-83.59269, 8.98452], [-83.5927, 8.98465], [-83.59268, 8.98475], [-83.59265, 8.98492], [-83.59262, 8.98507], [-83.59259, 8.98515], [-83.59257, 8.98519], [-83.59257, 8.9852], [-83.59256, 8.98522], [-83.59252, 8.98528], [-83.59251, 8.98529], [-83.59241, 8.98551], [-83.59231, 8.98583], [-83.59226, 8.98599], [-83.5922, 8.98609], [-83.59219, 8.98611], [-83.59219, 8.98613], [-83.59221, 8.98614], [-83.59217, 8.98633], [-83.59207, 8.98664], [-83.59198, 8.98693], [-83.5919, 8.98716], [-83.59184, 8.98735], [-83.59182, 8.98739], [-83.59177, 8.98762], [-83.59175, 8.9878], [-83.59169, 8.98799], [-83.59169, 8.98804], [-83.59164, 8.98821], [-83.59164, 8.98825], [-83.59166, 8.98858], [-83.59167, 8.98872], [-83.59168, 8.9889], [-83.59169, 8.98916], [-83.59167, 8.98932], [-83.59166, 8.98937], [-83.59166, 8.98941], [-83.59167, 8.98944], [-83.5917, 8.98946], [-83.59175, 8.98961], [-83.59185, 8.98992], [-83.59196, 8.99027], [-83.59208, 8.99055], [-83.59212, 8.99086], [-83.59217, 8.99116], [-83.59221, 8.9914], [-83.59219, 8.99165], [-83.59217, 8.99174], [-83.59211, 8.99196], [-83.59205, 8.99212], [-83.59201, 8.99219], [-83.59199, 8.99222], [-83.59192, 8.99227], [-83.59187, 8.99228], [-83.59182, 8.99227], [-83.59173, 8.99227], [-83.59168, 8.99225], [-83.59166, 8.99224], [-83.59162, 8.99218], [-83.59157, 8.99212], [-83.59154, 8.99211], [-83.59137, 8.99202], [-83.59101, 8.99187], [-83.59077, 8.99176], [-83.59069, 8.99171], [-83.59064, 8.99169], [-83.5906, 8.99171], [-83.59057, 8.99171], [-83.59056, 8.99171], [-83.59051, 8.99168], [-83.59033, 8.99157], [-83.58998, 8.99144], [-83.58971, 8.99132], [-83.58946, 8.99126], [-83.58919, 8.99119], [-83.58893, 8.99114], [-83.58877, 8.9911], [-83.58873, 8.9911], [-83.5887, 8.9911], [-83.58866, 8.99109], [-83.58864, 8.9911], [-83.5886, 8.99109], [-83.58856, 8.99106], [-83.58854, 8.99106], [-83.58852, 8.99104], [-83.5885, 8.99104], [-83.5883, 8.99098], [-83.58818, 8.99092], [-83.58813, 8.99088], [-83.58791, 8.99077], [-83.5878, 8.99067], [-83.58767, 8.99051], [-83.58756, 8.99028], [-83.58748, 8.99013], [-83.58739, 8.98983], [-83.58734, 8.98956], [-83.58728, 8.98935], [-83.58723, 8.98922], [-83.58713, 8.98908], [-83.58706, 8.98895], [-83.58702, 8.98891], [-83.58699, 8.9889], [-83.58698, 8.98891], [-83.58696, 8.98892], [-83.58695, 8.98894], [-83.58693, 8.98894], [-83.58691, 8.98891], [-83.58686, 8.98887], [-83.58683, 8.98884], [-83.58682, 8.98883], [-83.58678, 8.9888], [-83.58669, 8.98875], [-83.58662, 8.98871], [-83.58657, 8.98869], [-83.58653, 8.98868], [-83.58646, 8.98869], [-83.58639, 8.98869], [-83.58633, 8.9887], [-83.58631, 8.98872], [-83.58628, 8.98872], [-83.58627, 8.98872], [-83.58621, 8.98869], [-83.58618, 8.98866], [-83.58616, 8.98864], [-83.58615, 8.98861], [-83.58613, 8.9886], [-83.58611, 8.9886], [-83.5861, 8.9886], [-83.58589, 8.98872], [-83.58575, 8.98882], [-83.5857, 8.98886], [-83.58568, 8.9889], [-83.58567, 8.98892], [-83.58566, 8.98895], [-83.58564, 8.98898], [-83.58562, 8.98899], [-83.58555, 8.98902], [-83.58543, 8.98912], [-83.58543, 8.98913], [-83.58541, 8.98919], [-83.58539, 8.98924], [-83.58537, 8.98926], [-83.58535, 8.98928], [-83.58527, 8.98939], [-83.58523, 8.98943], [-83.58518, 8.98949], [-83.58516, 8.98951], [-83.58516, 8.98955], [-83.58518, 8.98958], [-83.58519, 8.9896], [-83.58518, 8.98962], [-83.58516, 8.98965], [-83.58513, 8.98968], [-83.58512, 8.9897], [-83.58509, 8.98974], [-83.58503, 8.9899], [-83.58499, 8.99003], [-83.58499, 8.99008], [-83.58502, 8.9901], [-83.58505, 8.99014], [-83.58505, 8.99019], [-83.58503, 8.99022], [-83.585, 8.99023], [-83.58497, 8.99022], [-83.58496, 8.99023], [-83.58496, 8.99026], [-83.58497, 8.99028], [-83.58497, 8.9903], [-83.58496, 8.99035], [-83.58494, 8.99041], [-83.58493, 8.99047], [-83.58491, 8.99051], [-83.58489, 8.99054], [-83.5849, 8.99064], [-83.58489, 8.99072], [-83.58485, 8.99089], [-83.58475, 8.99114], [-83.58456, 8.99166], [-83.58449, 8.99185], [-83.58444, 8.99196], [-83.58442, 8.99199], [-83.5844, 8.99203], [-83.58439, 8.9921], [-83.58438, 8.99214], [-83.58431, 8.99225], [-83.58425, 8.9923], [-83.58422, 8.99232], [-83.5842, 8.99233], [-83.58408, 8.99255], [-83.58391, 8.99282], [-83.58369, 8.99313], [-83.58356, 8.99335], [-83.58344, 8.99358], [-83.5832, 8.99402], [-83.58307, 8.9942], [-83.58301, 8.99429], [-83.58297, 8.99435], [-83.58296, 8.99442], [-83.58289, 8.99462], [-83.58282, 8.99479], [-83.58276, 8.99498], [-83.58273, 8.99516], [-83.58274, 8.99532], [-83.58276, 8.99543], [-83.58288, 8.99556], [-83.583, 8.99566], [-83.58306, 8.9957], [-83.58323, 8.99577], [-83.58336, 8.9958], [-83.58358, 8.99586], [-83.58364, 8.99587], [-83.58386, 8.99585], [-83.58409, 8.99582], [-83.58431, 8.99578], [-83.58452, 8.99572], [-83.58469, 8.99565], [-83.58479, 8.9956], [-83.58483, 8.99556], [-83.58486, 8.99554], [-83.58487, 8.99553], [-83.58489, 8.99551], [-83.58491, 8.99549], [-83.58494, 8.99548], [-83.58499, 8.99546], [-83.58501, 8.99545], [-83.58501, 8.99545], [-83.58502, 8.99544], [-83.58504, 8.99543], [-83.58504, 8.99541], [-83.58504, 8.9954], [-83.58504, 8.99539], [-83.58504, 8.99537], [-83.58505, 8.99534], [-83.5851, 8.9953], [-83.58513, 8.99527], [-83.58514, 8.99526], [-83.58519, 8.99527], [-83.58521, 8.99528], [-83.58523, 8.99526], [-83.58523, 8.99525], [-83.58524, 8.99523], [-83.58522, 8.99522], [-83.58523, 8.99519], [-83.58525, 8.99516], [-83.58528, 8.99514], [-83.5853, 8.99512], [-83.58533, 8.9951], [-83.58536, 8.99507], [-83.5854, 8.99506], [-83.58546, 8.99505], [-83.58551, 8.99504], [-83.58554, 8.99502], [-83.58555, 8.99501], [-83.58554, 8.99499], [-83.58559, 8.99492], [-83.5857, 8.99477], [-83.58577, 8.99468], [-83.58581, 8.99465], [-83.58588, 8.99462], [-83.58592, 8.99458], [-83.58593, 8.99456], [-83.58595, 8.99451], [-83.58598, 8.99448], [-83.58601, 8.99445], [-83.58604, 8.99444], [-83.58605, 8.99444], [-83.58606, 8.99443], [-83.58608, 8.99441], [-83.58609, 8.99439], [-83.58612, 8.99436], [-83.58613, 8.99436], [-83.58615, 8.99435], [-83.58618, 8.99434], [-83.5862, 8.99432], [-83.58621, 8.9943], [-83.58623, 8.99427], [-83.58628, 8.99423], [-83.58633, 8.99422], [-83.58636, 8.99421], [-83.58639, 8.99421], [-83.58644, 8.99421], [-83.58646, 8.99418], [-83.58649, 8.99416], [-83.58651, 8.99413], [-83.58652, 8.9941], [-83.58655, 8.99408], [-83.58658, 8.99406], [-83.58661, 8.99405], [-83.58665, 8.99405], [-83.58674, 8.99407], [-83.58677, 8.99408], [-83.5868, 8.99409], [-83.58682, 8.99409], [-83.58684, 8.99408], [-83.58686, 8.99407], [-83.58688, 8.99404], [-83.5869, 8.99403], [-83.58692, 8.99401], [-83.58693, 8.994], [-83.58699, 8.99398], [-83.58727, 8.99392], [-83.58762, 8.99385], [-83.58795, 8.9938], [-83.58826, 8.99376], [-83.58851, 8.99375], [-83.58859, 8.99371], [-83.58862, 8.99368], [-83.58864, 8.99367], [-83.58871, 8.99364], [-83.5888, 8.99362], [-83.58888, 8.99358], [-83.58894, 8.99354], [-83.58899, 8.99353], [-83.58904, 8.99353], [-83.58911, 8.99353], [-83.58916, 8.99353], [-83.5892, 8.99352], [-83.58935, 8.99348], [-83.58954, 8.99342], [-83.5897, 8.99335], [-83.58979, 8.99333], [-83.58992, 8.99333], [-83.59001, 8.99333], [-83.59008, 8.99335], [-83.59016, 8.9934], [-83.59023, 8.99347], [-83.5903, 8.99355], [-83.59036, 8.99361], [-83.59037, 8.99363], [-83.5904, 8.99365], [-83.59041, 8.99367], [-83.59044, 8.99384], [-83.59045, 8.99408], [-83.59042, 8.99432], [-83.59034, 8.99458], [-83.59029, 8.99473], [-83.59017, 8.99517], [-83.58999, 8.99548], [-83.58981, 8.9958], [-83.58976, 8.99591], [-83.58951, 8.99648], [-83.5894, 8.99676], [-83.58937, 8.99685], [-83.58932, 8.99718], [-83.58932, 8.99718], [-83.58933, 8.99737], [-83.58935, 8.99747], [-83.58941, 8.99764], [-83.58949, 8.99782], [-83.58957, 8.99799], [-83.58966, 8.99817], [-83.58968, 8.9982], [-83.58968, 8.99824], [-83.58979, 8.99839], [-83.58992, 8.99852], [-83.58998, 8.99858], [-83.59016, 8.99876], [-83.60425, 9.01685], [-83.60425, 9.02589], [-83.61281, 9.03848], [-83.61281, 9.03847], [-83.61281, 9.03847], [-83.61281, 9.03846], [-83.61282, 9.03844], [-83.61283, 9.03842], [-83.61287, 9.03839], [-83.6129, 9.03838], [-83.61292, 9.03837], [-83.61295, 9.03837], [-83.61298, 9.03838], [-83.61306, 9.0384], [-83.61308, 9.0384], [-83.61311, 9.0384], [-83.61312, 9.0384], [-83.61316, 9.0384], [-83.61318, 9.03839], [-83.6132, 9.03839], [-83.61323, 9.03839], [-83.61325, 9.03839], [-83.61328, 9.0384], [-83.6133, 9.0384], [-83.6133, 9.0384], [-83.61332, 9.03839], [-83.61334, 9.03838], [-83.61336, 9.03834], [-83.61339, 9.03824], [-83.61339, 9.03819], [-83.61339, 9.03816], [-83.61337, 9.03812], [-83.61337, 9.03806], [-83.61337, 9.03802], [-83.61336, 9.03796], [-83.61336, 9.03792], [-83.61336, 9.03788], [-83.6135, 9.0377], [-83.61352, 9.03767], [-83.61355, 9.03764], [-83.61359, 9.03761], [-83.61361, 9.0376], [-83.61363, 9.03758], [-83.61366, 9.03758], [-83.6137, 9.03761], [-83.61376, 9.03761], [-83.61382, 9.03765], [-83.61387, 9.03766], [-83.61391, 9.03766], [-83.61396, 9.03765], [-83.61401, 9.03762], [-83.61405, 9.0376], [-83.61408, 9.03759], [-83.61411, 9.03758], [-83.61413, 9.03758], [-83.61416, 9.0376], [-83.61419, 9.03764], [-83.61422, 9.03768], [-83.61424, 9.03771], [-83.61426, 9.03773], [-83.61428, 9.03774], [-83.61434, 9.03775], [-83.61436, 9.03776], [-83.6144, 9.03779], [-83.61441, 9.03784], [-83.61441, 9.03788], [-83.61441, 9.03789], [-83.61439, 9.03792], [-83.6144, 9.03794], [-83.61441, 9.03796], [-83.61444, 9.03798], [-83.61449, 9.03797], [-83.61454, 9.03796], [-83.61458, 9.03794], [-83.61471, 9.03793], [-83.61479, 9.03796], [-83.61485, 9.03799], [-83.61492, 9.03803], [-83.61497, 9.03806], [-83.61501, 9.0381], [-83.61506, 9.03815], [-83.61509, 9.03819], [-83.61512, 9.03824], [-83.61515, 9.03828], [-83.61517, 9.03832], [-83.61521, 9.03835], [-83.61525, 9.03838], [-83.61528, 9.03838], [-83.61532, 9.03836], [-83.61535, 9.03833], [-83.61537, 9.03829], [-83.61539, 9.03821], [-83.61539, 9.03816], [-83.61537, 9.03814], [-83.61535, 9.03813], [-83.61532, 9.03813], [-83.61529, 9.03814], [-83.61528, 9.03815], [-83.61524, 9.03818], [-83.61521, 9.0382], [-83.61519, 9.03821], [-83.61516, 9.0382], [-83.61513, 9.03816], [-83.6151, 9.03812], [-83.61508, 9.03809], [-83.61507, 9.03805], [-83.61506, 9.03802], [-83.61506, 9.03801], [-83.61506, 9.03799], [-83.61507, 9.03797], [-83.61508, 9.03796], [-83.61508, 9.03795], [-83.61509, 9.03795], [-83.61511, 9.03795], [-83.61514, 9.03795], [-83.61518, 9.03796], [-83.61521, 9.03797], [-83.61525, 9.03798], [-83.61527, 9.03799], [-83.6153, 9.038], [-83.61531, 9.03801], [-83.61534, 9.03802], [-83.61539, 9.03801], [-83.61544, 9.03799], [-83.61552, 9.03794], [-83.61558, 9.0379], [-83.61567, 9.03784], [-83.61574, 9.03779], [-83.61578, 9.03776], [-83.61583, 9.03775], [-83.61586, 9.03776], [-83.61589, 9.03776], [-83.61592, 9.03778], [-83.61595, 9.03779], [-83.61599, 9.03781], [-83.61603, 9.03783], [-83.61606, 9.03784], [-83.61611, 9.03783], [-83.61618, 9.03779], [-83.61626, 9.03774], [-83.61634, 9.03766], [-83.61641, 9.03759], [-83.61648, 9.03753], [-83.61677, 9.03727], [-83.61742, 9.03682], [-83.61748, 9.03678], [-83.61755, 9.03674], [-83.61764, 9.03667], [-83.61774, 9.03662], [-83.61784, 9.03655], [-83.61801, 9.03641], [-83.61808, 9.03633], [-83.61818, 9.03624], [-83.61829, 9.03617], [-83.61849, 9.03605], [-83.61854, 9.03602], [-83.61857, 9.03601], [-83.61863, 9.03599], [-83.61871, 9.03597], [-83.61884, 9.03592], [-83.61905, 9.03589], [-83.61909, 9.0359], [-83.61912, 9.03591], [-83.61915, 9.03592], [-83.61919, 9.03594], [-83.61921, 9.03596], [-83.61925, 9.03598], [-83.61931, 9.03606], [-83.61933, 9.03609], [-83.61935, 9.03613], [-83.61937, 9.03618], [-83.61938, 9.03622], [-83.61941, 9.03627], [-83.61943, 9.03632], [-83.61946, 9.03637], [-83.61949, 9.03641], [-83.6195, 9.03643], [-83.61953, 9.03648], [-83.61955, 9.0365], [-83.61958, 9.03653], [-83.6196, 9.03655], [-83.61963, 9.03658], [-83.61965, 9.03661], [-83.61966, 9.03663], [-83.61968, 9.03668], [-83.6197, 9.03673], [-83.61972, 9.0369], [-83.61972, 9.03696], [-83.61973, 9.03702], [-83.61974, 9.03706], [-83.61974, 9.03707], [-83.61976, 9.03713], [-83.61977, 9.0372], [-83.61975, 9.03744], [-83.61975, 9.03747], [-83.61975, 9.0375], [-83.61975, 9.03754], [-83.61976, 9.03758], [-83.61976, 9.0376], [-83.61978, 9.03764], [-83.61981, 9.03769], [-83.61981, 9.0377], [-83.61982, 9.03772], [-83.61984, 9.03776], [-83.61985, 9.03779], [-83.61986, 9.03786], [-83.61986, 9.03795], [-83.61988, 9.03821], [-83.61994, 9.03868], [-83.61995, 9.03876], [-83.61995, 9.0388], [-83.61996, 9.03882], [-83.61998, 9.03897], [-83.62001, 9.03905], [-83.62004, 9.03914], [-83.62012, 9.03932], [-83.62023, 9.03954], [-83.6205, 9.04001], [-83.62063, 9.04014], [-83.62038, 9.04096], [-83.62066, 9.04129], [-83.62097, 9.04165], [-83.62144, 9.04221], [-83.6218, 9.04251], [-83.62222, 9.0429], [-83.62241, 9.04306], [-83.62258, 9.04319], [-83.6227, 9.04332], [-83.62288, 9.04344], [-83.62324, 9.04364], [-83.62379, 9.04393], [-83.62423, 9.04415], [-83.62477, 9.04437], [-83.62506, 9.04454], [-83.62531, 9.04462], [-83.62543, 9.04466], [-83.62557, 9.0447], [-83.62599, 9.04485], [-83.62633, 9.04492], [-83.62659, 9.04498], [-83.62688, 9.04514], [-83.62736, 9.04543], [-83.62762, 9.0457], [-83.62824, 9.04634], [-83.62829, 9.04638], [-83.62894, 9.04717], [-83.62905, 9.04737], [-83.62909, 9.04767], [-83.6291, 9.0479], [-83.62888, 9.04827], [-83.62874, 9.04855], [-83.62874, 9.04881], [-83.62882, 9.04914], [-83.62913, 9.04965], [-83.62944, 9.04991], [-83.62999, 9.05032], [-83.63032, 9.05051], [-83.63075, 9.05072], [-83.63135, 9.05093], [-83.63179, 9.05102], [-83.63207, 9.05108], [-83.63333, 9.05109], [-83.63415, 9.051], [-83.63484, 9.05084], [-83.63565, 9.05069], [-83.63745, 9.0485], [-83.63824, 9.04709], [-83.63953, 9.04749], [-83.64018, 9.04773], [-83.64057, 9.04795], [-83.64176, 9.04839], [-83.64246, 9.04858], [-83.64296, 9.04858], [-83.64343, 9.04864], [-83.64424, 9.04887], [-83.64459, 9.04897], [-83.6448, 9.04903], [-83.64509, 9.04907], [-83.64532, 9.04916], [-83.64573, 9.04932], [-83.64598, 9.04942], [-83.64622, 9.04958], [-83.64635, 9.04968], [-83.64648, 9.04973], [-83.64661, 9.04979], [-83.64724, 9.05005], [-83.64754, 9.05022], [-83.64768, 9.05029], [-83.64778, 9.05027], [-83.64786, 9.05024], [-83.64796, 9.05032], [-83.64809, 9.05051], [-83.6483, 9.05071], [-83.64888, 9.05111], [-83.64926, 9.05141], [-83.65081, 9.05279], [-83.65254, 9.05333], [-83.65364, 9.05341], [-83.65445, 9.05347], [-83.65501, 9.05328], [-83.65548, 9.05298], [-83.65559, 9.05267], [-83.65467, 9.05066], [-83.65421, 9.04981], [-83.65276, 9.04861], [-83.64998, 9.04732], [-83.64958, 9.04687], [-83.64921, 9.04643], [-83.64876, 9.04583], [-83.6482, 9.04514], [-83.6478, 9.04465], [-83.64728, 9.044], [-83.64685, 9.04344], [-83.64648, 9.04296], [-83.64499, 9.04096], [-83.64446, 9.0402], [-83.64401, 9.03957], [-83.64352, 9.03888], [-83.64294, 9.03803], [-83.64237, 9.03719], [-83.64184, 9.03639], [-83.64134, 9.03561], [-83.64096, 9.03505], [-83.64052, 9.03434], [-83.64015, 9.03372], [-83.63994, 9.03333], [-83.63979, 9.03308], [-83.63947, 9.03254], [-83.63889, 9.03152], [-83.63837, 9.03057], [-83.63797, 9.02983], [-83.63722, 9.02839], [-83.63664, 9.02714], [-83.63642, 9.02663], [-83.63631, 9.02637], [-83.636, 9.0257], [-83.63568, 9.02497], [-83.63551, 9.02455], [-83.63518, 9.02365], [-83.635, 9.02319], [-83.63482, 9.02275], [-83.63463, 9.02222], [-83.63461, 9.02217], [-83.63444, 9.02171], [-83.63427, 9.02115], [-83.63404, 9.02041], [-83.63388, 9.01985], [-83.63366, 9.0191], [-83.63359, 9.01884], [-83.63354, 9.01863], [-83.6335, 9.01849], [-83.63347, 9.01833], [-83.63346, 9.01822], [-83.63345, 9.01815], [-83.63343, 9.01806], [-83.6333, 9.01757], [-83.63325, 9.01738], [-83.63324, 9.01736], [-83.63317, 9.01703], [-83.63309, 9.01667], [-83.63304, 9.01646], [-83.63299, 9.01614], [-83.63293, 9.01575], [-83.6328, 9.01518], [-83.63269, 9.01447], [-83.63255, 9.0138], [-83.63242, 9.01283], [-83.63235, 9.01211], [-83.63223, 9.01122], [-83.63223, 9.01118], [-83.63212, 9.00987], [-83.63198, 9.00785], [-83.63195, 9.00433], [-83.632, 9.00286], [-83.63187, 8.9999], [-83.63216, 8.99656], [-83.63218, 8.99634], [-83.63247, 8.99202], [-83.63256, 8.99052], [-83.63265, 8.98766], [-83.63264, 8.98542], [-83.63253, 8.98333], [-83.63245, 8.98176], [-83.6323, 8.98025], [-83.63222, 8.97946], [-83.63204, 8.97665], [-83.63162, 8.97455], [-83.63171, 8.97382], [-83.63167, 8.97359], [-83.63161, 8.97336], [-83.63157, 8.97312], [-83.63144, 8.97225], [-83.63134, 8.9716], [-83.63115, 8.97088], [-83.63084, 8.96986], [-83.63054, 8.96816], [-83.63045, 8.96778], [-83.63021, 8.96684], [-83.63004, 8.96572], [-83.63027, 8.96473], [-83.63027, 8.96394], [-83.63008, 8.96335], [-83.62981, 8.96308], [-83.62949, 8.96243], [-83.62912, 8.96182], [-83.6286, 8.96082], [-83.62807, 8.95948], [-83.62743, 8.95818], [-83.62684, 8.95696], [-83.62605, 8.95611], [-83.62422, 8.95207], [-83.6243, 8.95127], [-83.62371, 8.94994], [-83.62378, 8.94953], [-83.62387, 8.94914], [-83.62388, 8.94889], [-83.6239, 8.94865], [-83.62386, 8.9483], [-83.62383, 8.948], [-83.62382, 8.94776], [-83.62378, 8.94753], [-83.62374, 8.94697], [-83.62372, 8.94665], [-83.62362, 8.94596], [-83.62355, 8.94561], [-83.62348, 8.94529], [-83.62342, 8.94493], [-83.6234, 8.9446], [-83.6234, 8.94454], [-83.62334, 8.94417], [-83.62325, 8.94373], [-83.62319, 8.94336], [-83.62316, 8.94318], [-83.62317, 8.94307], [-83.6231, 8.94282], [-83.62312, 8.94273], [-83.62312, 8.94263], [-83.6231, 8.94249], [-83.62307, 8.9424], [-83.62304, 8.94213], [-83.62301, 8.94195], [-83.623, 8.94177], [-83.62297, 8.94163], [-83.62299, 8.94151], [-83.62297, 8.94139], [-83.62296, 8.94125], [-83.62293, 8.941], [-83.62288, 8.94066], [-83.62286, 8.94033], [-83.62279, 8.93966], [-83.62274, 8.93928], [-83.62274, 8.93896], [-83.62273, 8.93851], [-83.62269, 8.93786], [-83.62266, 8.93751], [-83.6226, 8.93709], [-83.6226, 8.93695], [-83.62258, 8.93654], [-83.62255, 8.93618], [-83.6225, 8.93563], [-83.6225, 8.93514], [-83.62251, 8.93492], [-83.62254, 8.93468], [-83.62257, 8.93439], [-83.62262, 8.93416], [-83.62265, 8.93398], [-83.62278, 8.93328], [-83.62282, 8.933], [-83.62284, 8.93277], [-83.62286, 8.93256], [-83.62286, 8.93237], [-83.62286, 8.93224], [-83.62284, 8.93216], [-83.62282, 8.93206], [-83.6228, 8.93199], [-83.62275, 8.93185], [-83.62272, 8.93181], [-83.62269, 8.93175], [-83.62268, 8.93169], [-83.62267, 8.93164], [-83.62268, 8.93156], [-83.62268, 8.93147], [-83.62269, 8.93134], [-83.62276, 8.93116], [-83.62302, 8.93058], [-83.62306, 8.93045], [-83.62311, 8.93033], [-83.62323, 8.93013], [-83.62335, 8.92996], [-83.62336, 8.92994], [-83.62363, 8.92958], [-83.62387, 8.92926], [-83.62447, 8.9285], [-83.62499, 8.92839], [-83.62604, 8.92873], [-83.62631, 8.92852], [-83.62645, 8.92777], [-83.6263, 8.92706], [-83.62585, 8.9259], [-83.62555, 8.925], [-83.62528, 8.92404], [-83.62535, 8.92312], [-83.6255, 8.92219], [-83.62604, 8.92111], [-83.62703, 8.9201], [-83.62781, 8.91944], [-83.6277, 8.91821], [-83.63002, 8.91068], [-83.63014, 8.91027], [-83.62877, 8.9097], [-83.62694, 8.90922], [-83.62492, 8.90888], [-83.62336, 8.90866], [-83.62256, 8.90833], [-83.62252, 8.90778], [-83.62278, 8.90651], [-83.62293, 8.90524], [-83.62283, 8.90295], [-83.62255, 8.90149], [-83.62192, 8.90005], [-83.62118, 8.89847], [-83.62014, 8.89751], [-83.61846, 8.89418], [-83.61845, 8.89307], [-83.61834, 8.8923], [-83.6183, 8.89133], [-83.61832, 8.89004], [-83.61827, 8.88874], [-83.61832, 8.88746], [-83.61846, 8.88625], [-83.61837, 8.88357], [-83.61839, 8.88244], [-83.61841, 8.88005], [-83.61845, 8.879], [-83.6182, 8.87663], [-83.61786, 8.87552], [-83.61757, 8.87441], [-83.61716, 8.87352], [-83.61665, 8.87245], [-83.61601, 8.87192], [-83.61545, 8.87182], [-83.61482, 8.87201], [-83.6143, 8.8723], [-83.61368, 8.87256], [-83.61307, 8.87283], [-83.61257, 8.87283], [-83.61182, 8.87275], [-83.61091, 8.87252], [-83.61003, 8.87227], [-83.60937, 8.872], [-83.60868, 8.87185], [-83.60837, 8.87172], [-83.6076, 8.87162], [-83.60733, 8.8715], [-83.60708, 8.87129], [-83.60662, 8.8711], [-83.60622, 8.86872], [-83.60644, 8.86833], [-83.60654, 8.86714], [-83.6068, 8.8661], [-83.60691, 8.86553], [-83.60747, 8.862], [-83.6076, 8.86041], [-83.60754, 8.85832], [-83.60717, 8.85647], [-83.60669, 8.85446], [-83.60662, 8.85376], [-83.60618, 8.85294], [-83.60582, 8.85219], [-83.60549, 8.85148], [-83.60512, 8.84919], [-83.60514, 8.84846], [-83.60594, 8.84543], [-83.60631, 8.84482], [-83.60725, 8.84236], [-83.60745, 8.84166], [-83.60723, 8.84119], [-83.60698, 8.84047], [-83.60664, 8.83967], [-83.60645, 8.83891], [-83.60642, 8.83822], [-83.60615, 8.83793], [-83.60508, 8.83592], [-83.6061, 8.83479], [-83.60733, 8.83255], [-83.60749, 8.83225], [-83.60746, 8.83106], [-83.60763, 8.83045], [-83.60759, 8.82963], [-83.60761, 8.8295], [-83.60771, 8.82879], [-83.60796, 8.82829], [-83.6081, 8.82808], [-83.60832, 8.82775], [-83.60564, 8.827], [-83.60016, 8.82199], [-83.60018, 8.8219], [-83.60014, 8.82182], [-83.60006, 8.82169], [-83.59984, 8.82141], [-83.59967, 8.82115], [-83.59947, 8.82086], [-83.59931, 8.82047], [-83.59926, 8.82009], [-83.59934, 8.81966], [-83.59952, 8.81942], [-83.59987, 8.81919], [-83.60026, 8.8191], [-83.60069, 8.81893], [-83.60099, 8.81878], [-83.6012, 8.8186], [-83.60135, 8.81839], [-83.60147, 8.81813], [-83.6016, 8.81767], [-83.60158, 8.81706], [-83.60184, 8.81675], [-83.60219, 8.81633], [-83.6023, 8.81603], [-83.60225, 8.8155], [-83.60205, 8.81523], [-83.60178, 8.81498], [-83.60157, 8.81468], [-83.60146, 8.81409], [-83.60143, 8.8136], [-83.60121, 8.81324], [-83.60075, 8.81285], [-83.60038, 8.81247], [-83.60027, 8.81213], [-83.6002, 8.81152], [-83.60025, 8.81086], [-83.60037, 8.81037], [-83.60043, 8.80984], [-83.60056, 8.80918], [-83.60066, 8.80878], [-83.60081, 8.80847], [-83.60108, 8.80811], [-83.6014, 8.8078], [-83.60173, 8.80763], [-83.60204, 8.80754], [-83.60247, 8.80751], [-83.60279, 8.80759], [-83.60296, 8.80765], [-83.60333, 8.8079], [-83.60365, 8.80824], [-83.604, 8.80867], [-83.60433, 8.80913], [-83.60469, 8.80959], [-83.60517, 8.8099], [-83.6055, 8.81003], [-83.60589, 8.81007], [-83.6062, 8.81005], [-83.60643, 8.81002], [-83.60661, 8.80989], [-83.6068, 8.80976], [-83.60692, 8.8096], [-83.60727, 8.80913], [-83.60759, 8.80884], [-83.60787, 8.80863], [-83.60812, 8.8086], [-83.60838, 8.80872], [-83.60861, 8.80891], [-83.609, 8.80921], [-83.60936, 8.80942], [-83.60965, 8.8095], [-83.60996, 8.80953], [-83.60999, 8.80954], [-83.61025, 8.80952], [-83.6106, 8.8094], [-83.61105, 8.80917], [-83.61136, 8.80889], [-83.61162, 8.80859], [-83.61178, 8.80832], [-83.61191, 8.80792], [-83.61193, 8.80746], [-83.61189, 8.80709], [-83.61184, 8.80661], [-83.61174, 8.80632], [-83.61166, 8.80594], [-83.61166, 8.80554], [-83.61173, 8.80538], [-83.61211, 8.80511], [-83.613, 8.80494], [-83.61359, 8.80482], [-83.61386, 8.80475], [-83.61414, 8.8047], [-83.61491, 8.8047], [-83.61514, 8.80468], [-83.61542, 8.80452], [-83.61551, 8.80441], [-83.61587, 8.80413], [-83.61613, 8.80397], [-83.61634, 8.80393], [-83.61654, 8.80387], [-83.61671, 8.80377], [-83.61689, 8.80366], [-83.61717, 8.80365], [-83.61734, 8.80374], [-83.61755, 8.80383], [-83.61766, 8.8038], [-83.61771, 8.80368], [-83.61768, 8.80346], [-83.61771, 8.80327], [-83.61783, 8.80318], [-83.61794, 8.80316], [-83.61794, 8.80296], [-83.61798, 8.80284], [-83.61813, 8.80282], [-83.61828, 8.80285], [-83.61863, 8.80297], [-83.61897, 8.80298], [-83.61917, 8.80293], [-83.61928, 8.80278], [-83.61931, 8.80253], [-83.61925, 8.80227], [-83.61927, 8.8018], [-83.61944, 8.80166], [-83.61973, 8.80149], [-83.61995, 8.80132], [-83.62026, 8.80096], [-83.62034, 8.80088], [-83.62065, 8.80056], [-83.62101, 8.80015], [-83.62124, 8.79997], [-83.62125, 8.79967], [-83.62142, 8.79915], [-83.62158, 8.79884], [-83.62176, 8.79861], [-83.62198, 8.7984], [-83.62219, 8.79824], [-83.62237, 8.79808], [-83.62246, 8.7979], [-83.6225, 8.79759], [-83.6225, 8.7973], [-83.62248, 8.797], [-83.62259, 8.79668], [-83.6227, 8.79636], [-83.6228, 8.79602], [-83.62282, 8.79578], [-83.6228, 8.79531], [-83.62269, 8.79494], [-83.62264, 8.79463], [-83.62288, 8.79449], [-83.62322, 8.79426], [-83.62347, 8.79395], [-83.62352, 8.7937], [-83.62359, 8.79321], [-83.62368, 8.79259], [-83.62385, 8.79119], [-83.62373, 8.78936], [-83.62366, 8.78882], [-83.62357, 8.78859], [-83.62347, 8.78842], [-83.62347, 8.78808], [-83.62346, 8.78786], [-83.62351, 8.78769], [-83.62358, 8.78737], [-83.62364, 8.78714], [-83.62371, 8.78686], [-83.62373, 8.78662], [-83.62373, 8.78642], [-83.62382, 8.78624], [-83.62387, 8.78604], [-83.62396, 8.78591], [-83.62415, 8.78567], [-83.62432, 8.78551], [-83.62456, 8.78532], [-83.62474, 8.78519], [-83.62488, 8.78513], [-83.62509, 8.78511], [-83.62524, 8.78512], [-83.62544, 8.78525], [-83.62567, 8.78528], [-83.62579, 8.78526], [-83.62588, 8.78516], [-83.62598, 8.78505], [-83.62599, 8.78497], [-83.62596, 8.78483], [-83.6258, 8.78472], [-83.62563, 8.78458], [-83.6254, 8.78452], [-83.62513, 8.78454], [-83.625, 8.7845], [-83.625, 8.78447], [-83.62497, 8.78438], [-83.62499, 8.78422], [-83.62508, 8.78412], [-83.62523, 8.78406], [-83.62546, 8.78401], [-83.62573, 8.78402], [-83.62588, 8.78406], [-83.62607, 8.78413], [-83.62632, 8.78412], [-83.62658, 8.78408], [-83.62676, 8.78399], [-83.62685, 8.78387], [-83.62694, 8.78371], [-83.62693, 8.78354], [-83.627, 8.78342], [-83.62705, 8.78325], [-83.6272, 8.78314], [-83.62739, 8.78314], [-83.62745, 8.78324], [-83.62756, 8.78329], [-83.62773, 8.78322], [-83.62785, 8.7831], [-83.62796, 8.783], [-83.62807, 8.78288], [-83.62824, 8.78275], [-83.62848, 8.78252], [-83.62866, 8.78245], [-83.62887, 8.78234], [-83.62906, 8.78219], [-83.62927, 8.78198], [-83.62968, 8.78159], [-83.63001, 8.78131], [-83.63048, 8.78104], [-83.63131, 8.78061], [-83.63154, 8.78043], [-83.63179, 8.78027], [-83.63215, 8.78006], [-83.63253, 8.77989], [-83.63302, 8.77971], [-83.63384, 8.77947], [-83.63403, 8.77939], [-83.63433, 8.77934], [-83.63462, 8.77931], [-83.63478, 8.7793], [-83.63517, 8.77921], [-83.63564, 8.77916], [-83.63601, 8.77904], [-83.63645, 8.77893], [-83.63696, 8.7787], [-83.63747, 8.77864], [-83.63743, 8.77726], [-83.63739, 8.77424], [-83.63707, 8.77446], [-83.63673, 8.77459], [-83.63644, 8.77458], [-83.63621, 8.77453], [-83.63594, 8.77428], [-83.63575, 8.77414], [-83.63565, 8.7741], [-83.63548, 8.7741], [-83.63525, 8.7741], [-83.63513, 8.77415], [-83.63495, 8.77423], [-83.63483, 8.77433], [-83.63459, 8.77441], [-83.63446, 8.77441], [-83.63433, 8.77431], [-83.63429, 8.774], [-83.63437, 8.77368], [-83.63446, 8.77344], [-83.63453, 8.77329], [-83.63453, 8.77314], [-83.63448, 8.77282], [-83.63414, 8.77245], [-83.63376, 8.77212], [-83.63322, 8.77196], [-83.63264, 8.77185], [-83.63198, 8.77178], [-83.63092, 8.77174], [-83.63063, 8.77176], [-83.63024, 8.77178], [-83.63001, 8.77184], [-83.62958, 8.77187], [-83.62925, 8.77199], [-83.62876, 8.77207], [-83.62813, 8.77227], [-83.62728, 8.77257], [-83.62703, 8.77275], [-83.6268, 8.77304], [-83.62651, 8.77343], [-83.6263, 8.77368], [-83.62598, 8.77384], [-83.62575, 8.77401], [-83.62549, 8.77401], [-83.6253, 8.77398], [-83.62511, 8.77392], [-83.62483, 8.77391], [-83.62474, 8.77399], [-83.62431, 8.77418], [-83.62398, 8.77429], [-83.62362, 8.77425], [-83.62343, 8.77417], [-83.623, 8.77412], [-83.6229, 8.77424], [-83.6228, 8.77442], [-83.62272, 8.77463], [-83.62259, 8.77498], [-83.62241, 8.77528], [-83.62215, 8.77546], [-83.62143, 8.7759], [-83.62104, 8.77611], [-83.62077, 8.7761], [-83.6207, 8.77598], [-83.62072, 8.7757], [-83.62088, 8.77546], [-83.62091, 8.77517], [-83.62076, 8.77494], [-83.62039, 8.77481], [-83.61964, 8.77468], [-83.61939, 8.77453], [-83.61923, 8.7742], [-83.61912, 8.77411], [-83.61905, 8.77437], [-83.61911, 8.77468], [-83.61934, 8.77488], [-83.6196, 8.77507], [-83.62025, 8.77546], [-83.62031, 8.77562], [-83.62026, 8.7759], [-83.62017, 8.77609], [-83.62011, 8.77619], [-83.62001, 8.77647], [-83.61999, 8.7768], [-83.61989, 8.7771], [-83.61981, 8.77723], [-83.6194, 8.77772], [-83.61911, 8.77806], [-83.61885, 8.77839], [-83.61862, 8.77874], [-83.61834, 8.77915], [-83.61789, 8.77995], [-83.61748, 8.78059], [-83.61717, 8.78117], [-83.61708, 8.78143], [-83.61697, 8.78203], [-83.61686, 8.78263], [-83.61664, 8.78319], [-83.61656, 8.78345], [-83.61654, 8.78353], [-83.61644, 8.78397], [-83.61625, 8.78447], [-83.61618, 8.78467], [-83.61603, 8.78516], [-83.61593, 8.78557], [-83.61562, 8.78601], [-83.61535, 8.78598], [-83.61459, 8.78576], [-83.61372, 8.78544], [-83.61284, 8.78482], [-83.61251, 8.78456], [-83.61214, 8.78411], [-83.61184, 8.78363], [-83.61153, 8.78287], [-83.6115, 8.78217], [-83.61146, 8.78097], [-83.61122, 8.77989], [-83.6108, 8.77874], [-83.61042, 8.77811], [-83.60993, 8.77758], [-83.60929, 8.77697], [-83.60859, 8.77665], [-83.60803, 8.77643], [-83.60761, 8.77639], [-83.60724, 8.77628], [-83.607, 8.77606], [-83.60685, 8.77573], [-83.60685, 8.77556], [-83.60691, 8.77526], [-83.60718, 8.7745], [-83.60732, 8.77381], [-83.60732, 8.77319], [-83.60718, 8.77252], [-83.6069, 8.77214], [-83.60635, 8.77159], [-83.60599, 8.77128], [-83.60571, 8.77093], [-83.60516, 8.76974], [-83.60508, 8.7702], [-83.60511, 8.77079], [-83.60535, 8.77139], [-83.60573, 8.77175], [-83.60626, 8.77228], [-83.60652, 8.77256], [-83.60663, 8.77286], [-83.60658, 8.7734], [-83.60644, 8.77397], [-83.60624, 8.77448], [-83.60604, 8.77482], [-83.60587, 8.77487], [-83.60562, 8.77479], [-83.60536, 8.77473], [-83.60496, 8.7746], [-83.60446, 8.77448], [-83.60429, 8.7744], [-83.60353, 8.77426], [-83.60266, 8.77407], [-83.6018, 8.77364], [-83.60109, 8.77292], [-83.60062, 8.77179], [-83.60042, 8.77044], [-83.60067, 8.76895], [-83.60057, 8.76894], [-83.60025, 8.76958], [-83.60015, 8.77024], [-83.60024, 8.77163], [-83.6006, 8.7727], [-83.60124, 8.77372], [-83.60224, 8.77463], [-83.60293, 8.77493], [-83.60423, 8.77492], [-83.60464, 8.77497], [-83.60514, 8.77519], [-83.60577, 8.77567], [-83.60587, 8.77598], [-83.60564, 8.77634], [-83.60564, 8.77662], [-83.60642, 8.77665], [-83.6068, 8.77697], [-83.60721, 8.77742], [-83.60772, 8.7778], [-83.60831, 8.77809], [-83.6095, 8.77858], [-83.60985, 8.77882], [-83.61002, 8.77913], [-83.60998, 8.781], [-83.60979, 8.7813], [-83.60933, 8.78183], [-83.60895, 8.78175], [-83.60841, 8.78144], [-83.60829, 8.78144], [-83.60825, 8.78154], [-83.6087, 8.78197], [-83.60913, 8.78222], [-83.60942, 8.78228], [-83.60964, 8.78216], [-83.61004, 8.78192], [-83.61002, 8.78216], [-83.60984, 8.78297], [-83.60987, 8.7833], [-83.60991, 8.78348], [-83.61, 8.78356], [-83.61019, 8.78354], [-83.61029, 8.7834], [-83.61062, 8.78318], [-83.61091, 8.7835], [-83.61103, 8.78405], [-83.61099, 8.78553], [-83.61089, 8.7857], [-83.61071, 8.78594], [-83.6104, 8.78617], [-83.60984, 8.78639], [-83.60906, 8.78662], [-83.60873, 8.78682], [-83.60933, 8.78687], [-83.60983, 8.78688], [-83.61038, 8.78683], [-83.61081, 8.78677], [-83.61113, 8.78659], [-83.61161, 8.7861], [-83.61201, 8.78567], [-83.61214, 8.78567], [-83.61296, 8.78624], [-83.61333, 8.78656], [-83.61366, 8.78679], [-83.61402, 8.78704], [-83.61451, 8.78738], [-83.61517, 8.78771], [-83.61536, 8.78817], [-83.61545, 8.78858], [-83.61549, 8.78929], [-83.61552, 8.79027], [-83.61557, 8.79153], [-83.61554, 8.7923], [-83.61544, 8.79266], [-83.61518, 8.79338], [-83.61498, 8.79358], [-83.61442, 8.79379], [-83.61396, 8.79388], [-83.61331, 8.79389], [-83.61222, 8.79371], [-83.61069, 8.7935], [-83.61025, 8.79344], [-83.60876, 8.79337], [-83.60707, 8.79338], [-83.60653, 8.79341], [-83.60617, 8.79344], [-83.60444, 8.79358], [-83.60322, 8.7936], [-83.60146, 8.79366], [-83.60041, 8.79371], [-83.59966, 8.7938], [-83.59885, 8.7939], [-83.59762, 8.79412], [-83.59717, 8.79421], [-83.59683, 8.79431], [-83.59642, 8.79446], [-83.59589, 8.79468], [-83.59536, 8.79489], [-83.59484, 8.79522], [-83.59465, 8.79539], [-83.59396, 8.79606], [-83.59323, 8.79681], [-83.59303, 8.79701], [-83.59269, 8.79724], [-83.59236, 8.79737], [-83.59205, 8.7974], [-83.59171, 8.79731], [-83.59147, 8.79708], [-83.59122, 8.79678], [-83.59089, 8.79654], [-83.59026, 8.79624], [-83.58959, 8.79604], [-83.58817, 8.79573], [-83.58777, 8.79562], [-83.58716, 8.79554], [-83.5862, 8.79539], [-83.58492, 8.79534], [-83.58481, 8.79536], [-83.58445, 8.79545], [-83.58405, 8.79558], [-83.58345, 8.79586], [-83.58282, 8.79607], [-83.58252, 8.79606], [-83.58212, 8.79585], [-83.58176, 8.7956], [-83.58146, 8.79556], [-83.58138, 8.79566], [-83.58102, 8.796], [-83.58058, 8.79648], [-83.57996, 8.7969], [-83.57926, 8.79719], [-83.57894, 8.79737], [-83.57858, 8.79767], [-83.57825, 8.79795], [-83.57816, 8.79812], [-83.57778, 8.79859], [-83.57764, 8.79887], [-83.57737, 8.7995], [-83.57723, 8.7998], [-83.577, 8.80028], [-83.57677, 8.80073], [-83.57659, 8.80108], [-83.57641, 8.80141], [-83.57628, 8.80169], [-83.57614, 8.80212], [-83.57605, 8.80249], [-83.57595, 8.80286], [-83.57585, 8.80323], [-83.57567, 8.8035], [-83.57546, 8.80375], [-83.57526, 8.80388], [-83.57481, 8.80391], [-83.5745, 8.80382], [-83.57402, 8.80358], [-83.57363, 8.80329], [-83.57328, 8.80296], [-83.57281, 8.80259], [-83.57242, 8.80216], [-83.57219, 8.80164], [-83.57205, 8.80105], [-83.57229, 8.80055], [-83.57275, 8.79998], [-83.57293, 8.79963], [-83.57299, 8.79921], [-83.5727, 8.79882], [-83.5721, 8.79836], [-83.57162, 8.79815], [-83.57119, 8.7979], [-83.5711, 8.79769], [-83.57129, 8.79751], [-83.57168, 8.79739], [-83.57206, 8.79727], [-83.57249, 8.79707], [-83.57275, 8.79681], [-83.57279, 8.79641], [-83.57271, 8.79608], [-83.57262, 8.79642], [-83.57243, 8.79685], [-83.57194, 8.79695], [-83.57122, 8.79727], [-83.57079, 8.79747], [-83.57073, 8.7977], [-83.57084, 8.7979], [-83.57113, 8.79817], [-83.57172, 8.79852], [-83.5724, 8.79889], [-83.5727, 8.7992], [-83.57276, 8.79954], [-83.57263, 8.79988], [-83.57244, 8.80004], [-83.57198, 8.80049], [-83.57148, 8.80064], [-83.57127, 8.80046], [-83.5709, 8.79959], [-83.57054, 8.79892], [-83.57022, 8.79826], [-83.56993, 8.7974], [-83.56975, 8.79662], [-83.56968, 8.79586], [-83.56961, 8.79532], [-83.56943, 8.79486], [-83.5692, 8.79442], [-83.56892, 8.79394], [-83.56861, 8.79352], [-83.56784, 8.79261], [-83.56709, 8.79196], [-83.56639, 8.79144], [-83.56567, 8.79105], [-83.56495, 8.79094], [-83.56441, 8.79079], [-83.56395, 8.79073], [-83.56357, 8.79074], [-83.56294, 8.79083], [-83.56171, 8.79106], [-83.56121, 8.79135], [-83.56058, 8.7916], [-83.56002, 8.79187], [-83.5597, 8.79207], [-83.55944, 8.79227], [-83.55884, 8.79283], [-83.55851, 8.7932], [-83.55813, 8.79373], [-83.55794, 8.79415], [-83.55783, 8.7945], [-83.55756, 8.79489], [-83.55728, 8.79513], [-83.55697, 8.79515], [-83.55651, 8.79506], [-83.55581, 8.79485], [-83.5555, 8.79478], [-83.55524, 8.7947], [-83.55516, 8.79469], [-83.55501, 8.79466], [-83.55465, 8.79464], [-83.55431, 8.79466], [-83.55415, 8.79467], [-83.55385, 8.7947], [-83.55372, 8.79473], [-83.55343, 8.79481], [-83.55327, 8.79489], [-83.55315, 8.79495], [-83.55301, 8.79506], [-83.55283, 8.79517], [-83.55258, 8.79545], [-83.55246, 8.79558], [-83.55233, 8.79569], [-83.55227, 8.79572], [-83.5522, 8.79572], [-83.55212, 8.79576], [-83.55211, 8.79577], [-83.55208, 8.79577], [-83.55204, 8.79577], [-83.55201, 8.79576], [-83.55192, 8.79571], [-83.55183, 8.79564], [-83.55179, 8.79561], [-83.55172, 8.79556], [-83.55165, 8.79552], [-83.55159, 8.79549], [-83.55154, 8.79549], [-83.55149, 8.79551], [-83.55142, 8.79557], [-83.55131, 8.79568], [-83.55121, 8.79578], [-83.55104, 8.79598], [-83.55091, 8.7961], [-83.55078, 8.79621], [-83.5506, 8.79636], [-83.55029, 8.79676], [-83.55015, 8.79694], [-83.55009, 8.79703], [-83.55002, 8.79711], [-83.55, 8.79714], [-83.54995, 8.79721], [-83.54987, 8.79733], [-83.54978, 8.79748], [-83.5497, 8.79763], [-83.54964, 8.79772], [-83.54953, 8.79791], [-83.54945, 8.79805], [-83.54938, 8.79818], [-83.54907, 8.79874], [-83.54882, 8.79908], [-83.54874, 8.79917], [-83.54866, 8.79927], [-83.54859, 8.79933], [-83.54849, 8.79942], [-83.5484, 8.7995], [-83.54828, 8.79959], [-83.54821, 8.79965], [-83.54812, 8.79969], [-83.54803, 8.79971], [-83.54792, 8.79971], [-83.54778, 8.79967], [-83.5477, 8.7996], [-83.54749, 8.79942], [-83.54735, 8.79922], [-83.54712, 8.79881], [-83.54704, 8.79859], [-83.54695, 8.79834], [-83.54682, 8.7981], [-83.54671, 8.79784], [-83.54646, 8.79736], [-83.54623, 8.79703], [-83.54607, 8.79685], [-83.54586, 8.79661], [-83.54556, 8.79633], [-83.54552, 8.79626], [-83.5454, 8.79614], [-83.545, 8.79621], [-83.54499, 8.79621], [-83.54496, 8.79621], [-83.54482, 8.7962], [-83.54478, 8.79621], [-83.54463, 8.79623], [-83.54448, 8.79626], [-83.54434, 8.79628], [-83.54423, 8.79631], [-83.54409, 8.79635], [-83.5439, 8.79639], [-83.54369, 8.79645], [-83.54341, 8.79652], [-83.54329, 8.79656], [-83.54316, 8.79659], [-83.54306, 8.7966], [-83.54284, 8.79662], [-83.54285, 8.79663], [-83.54285, 8.79665], [-83.54285, 8.79666], [-83.54285, 8.79666], [-83.54284, 8.79667], [-83.54283, 8.79668], [-83.54281, 8.79668], [-83.54279, 8.79668], [-83.54268, 8.7967], [-83.54254, 8.79673], [-83.54239, 8.79668], [-83.54228, 8.79661], [-83.54222, 8.79652], [-83.54214, 8.79626], [-83.54206, 8.79602], [-83.54201, 8.79587], [-83.54199, 8.7958], [-83.54189, 8.79557], [-83.54177, 8.79528], [-83.54166, 8.79495], [-83.54162, 8.79486], [-83.54156, 8.79472], [-83.54147, 8.79451], [-83.5414, 8.79434], [-83.54132, 8.79418], [-83.54124, 8.79407], [-83.54113, 8.79387], [-83.54105, 8.79368], [-83.54092, 8.79345], [-83.5409, 8.79344], [-83.54067, 8.79334], [-83.54066, 8.79334], [-83.5405, 8.79333], [-83.54036, 8.79336], [-83.54019, 8.79344], [-83.54007, 8.79354], [-83.53998, 8.79365], [-83.53989, 8.79381], [-83.53983, 8.79398], [-83.53979, 8.79426], [-83.5398, 8.79433], [-83.53981, 8.7945], [-83.53991, 8.79496], [-83.53995, 8.79509], [-83.53996, 8.79536], [-83.5399, 8.79559], [-83.53978, 8.79588], [-83.53951, 8.79627], [-83.53924, 8.79658], [-83.53904, 8.79677], [-83.53844, 8.79715], [-83.53822, 8.79725], [-83.53798, 8.79728], [-83.53782, 8.79732], [-83.53766, 8.79734], [-83.53754, 8.79734], [-83.53732, 8.79732], [-83.53705, 8.79727], [-83.53677, 8.7972], [-83.53653, 8.79714], [-83.53639, 8.79709], [-83.53594, 8.79687], [-83.53581, 8.79676], [-83.53576, 8.79666], [-83.53574, 8.79659], [-83.53577, 8.7965], [-83.53587, 8.79641], [-83.53605, 8.79633], [-83.53618, 8.79627], [-83.53638, 8.79619], [-83.53653, 8.79613], [-83.53678, 8.79604], [-83.53714, 8.79591], [-83.53754, 8.79575], [-83.5378, 8.79559], [-83.53797, 8.79545], [-83.53809, 8.79536], [-83.53871, 8.79465], [-83.53891, 8.79431], [-83.53902, 8.79405], [-83.53907, 8.79392], [-83.5391, 8.79377], [-83.53909, 8.79372], [-83.53909, 8.79366], [-83.53905, 8.79352], [-83.53891, 8.79323], [-83.5386, 8.79267], [-83.53801, 8.79181], [-83.53781, 8.79162], [-83.53767, 8.79158], [-83.53756, 8.79155], [-83.53746, 8.79154], [-83.53732, 8.79156], [-83.53725, 8.79159], [-83.53715, 8.79165], [-83.53707, 8.7917], [-83.53698, 8.79177], [-83.53692, 8.79184], [-83.53686, 8.79197], [-83.53682, 8.79216], [-83.53679, 8.79241], [-83.53672, 8.79341], [-83.53669, 8.79367], [-83.53663, 8.79385], [-83.53651, 8.79397], [-83.53636, 8.79412], [-83.53595, 8.79447], [-83.53569, 8.79473], [-83.53562, 8.79482], [-83.53551, 8.79495], [-83.53528, 8.79524], [-83.53508, 8.79546], [-83.53498, 8.79555], [-83.53487, 8.79561], [-83.53418, 8.79586], [-83.53399, 8.79592], [-83.53385, 8.79593], [-83.53379, 8.7959], [-83.53373, 8.79578], [-83.53374, 8.79567], [-83.53379, 8.79554], [-83.53383, 8.79544], [-83.53388, 8.79534], [-83.53394, 8.79518], [-83.53405, 8.79497], [-83.5341, 8.79486], [-83.5342, 8.79467], [-83.53429, 8.79446], [-83.53435, 8.79427], [-83.53439, 8.79408], [-83.53438, 8.79396], [-83.53436, 8.79381], [-83.53432, 8.79365], [-83.53429, 8.79349], [-83.53425, 8.79337], [-83.5342, 8.79329], [-83.53412, 8.79317], [-83.53403, 8.79307], [-83.53395, 8.79299], [-83.53384, 8.79294], [-83.5338, 8.79294], [-83.53379, 8.79293], [-83.53364, 8.79295], [-83.53364, 8.79295], [-83.53361, 8.79295], [-83.53355, 8.79299], [-83.53347, 8.79307], [-83.53343, 8.79313], [-83.53337, 8.79325], [-83.53333, 8.79332], [-83.53327, 8.79338], [-83.53326, 8.79354], [-83.53331, 8.79357], [-83.53333, 8.79359], [-83.53336, 8.79367], [-83.53338, 8.79375], [-83.53339, 8.79384], [-83.53339, 8.79397], [-83.53339, 8.79411], [-83.53339, 8.7942], [-83.53337, 8.7943], [-83.53334, 8.79445], [-83.5333, 8.79461], [-83.53324, 8.7947], [-83.53315, 8.79483], [-83.53304, 8.79493], [-83.53296, 8.79497], [-83.5329, 8.79498], [-83.53286, 8.79498], [-83.52657, 8.80615], [-83.5265, 8.80635], [-83.52658, 8.80655], [-83.52665, 8.80667], [-83.52678, 8.8069], [-83.5268, 8.80707], [-83.52688, 8.8072], [-83.52695, 8.80739], [-83.52709, 8.80752], [-83.52727, 8.80763], [-83.52747, 8.80768], [-83.52767, 8.80771], [-83.52806, 8.80783], [-83.52829, 8.80813], [-83.52836, 8.80818], [-83.52843, 8.80823], [-83.52852, 8.8083], [-83.52861, 8.80838], [-83.52873, 8.80849], [-83.52886, 8.80867], [-83.52893, 8.8088], [-83.52903, 8.80895], [-83.52912, 8.80905], [-83.52932, 8.80921], [-83.5295, 8.80931], [-83.52969, 8.80942], [-83.5299, 8.80952], [-83.53005, 8.8096], [-83.53021, 8.80966], [-83.53039, 8.80974], [-83.53053, 8.8098], [-83.5306, 8.80981], [-83.53076, 8.8098], [-83.53088, 8.80977], [-83.5312, 8.80966], [-83.53135, 8.80966], [-83.53141, 8.80965], [-83.53153, 8.80966], [-83.53164, 8.80968], [-83.53175, 8.80969], [-83.53187, 8.80971], [-83.53198, 8.80973], [-83.5321, 8.80974], [-83.53223, 8.80976], [-83.53233, 8.80977], [-83.53241, 8.80976], [-83.5325, 8.80974], [-83.53262, 8.80972], [-83.53276, 8.80969], [-83.53279, 8.80969], [-83.53282, 8.80969], [-83.53285, 8.80969], [-83.53286, 8.8097], [-83.53287, 8.80971], [-83.53288, 8.80972], [-83.53289, 8.80974], [-83.53289, 8.80976], [-83.53289, 8.80981], [-83.53288, 8.80984], [-83.53283, 8.8099], [-83.53276, 8.80997], [-83.53268, 8.81004], [-83.53257, 8.81012], [-83.53246, 8.81019], [-83.53236, 8.81028], [-83.53217, 8.81047], [-83.53209, 8.8106], [-83.5319, 8.81095], [-83.53183, 8.8111], [-83.53179, 8.81122], [-83.53175, 8.8113], [-83.53172, 8.81142], [-83.5317, 8.81154], [-83.53168, 8.81166], [-83.53167, 8.81176], [-83.53165, 8.81188], [-83.53164, 8.81201], [-83.53163, 8.81216], [-83.53162, 8.81231], [-83.53154, 8.81258], [-83.53145, 8.81273], [-83.53132, 8.81295], [-83.53122, 8.81306], [-83.5311, 8.81315], [-83.53097, 8.81323], [-83.53086, 8.81327], [-83.53071, 8.81329], [-83.5306, 8.81327], [-83.5305, 8.81321], [-83.5304, 8.81313], [-83.5303, 8.81304], [-83.53023, 8.81295], [-83.53019, 8.81287], [-83.52996, 8.81233], [-83.52992, 8.81235], [-83.52982, 8.81237], [-83.52972, 8.81239], [-83.52964, 8.8124], [-83.52952, 8.8124], [-83.52938, 8.8124], [-83.52929, 8.81242], [-83.5292, 8.81245], [-83.52903, 8.81245], [-83.52892, 8.81246], [-83.52882, 8.81248], [-83.52873, 8.81252], [-83.52865, 8.81256], [-83.52843, 8.81276], [-83.52835, 8.81284], [-83.5283, 8.81287], [-83.52817, 8.81296], [-83.52811, 8.81301], [-83.528, 8.81316], [-83.52793, 8.81322], [-83.52787, 8.81327], [-83.52783, 8.81329], [-83.52775, 8.81336], [-83.5277, 8.81342], [-83.52765, 8.81348], [-83.5276, 8.81352], [-83.52755, 8.81356], [-83.5275, 8.81361], [-83.52746, 8.81367], [-83.52742, 8.81372], [-83.52739, 8.81377], [-83.52735, 8.81384], [-83.52728, 8.81395], [-83.52723, 8.81406], [-83.52718, 8.81422], [-83.52716, 8.81435], [-83.52719, 8.81444], [-83.52726, 8.81457], [-83.52733, 8.81469], [-83.52736, 8.81473], [-83.52741, 8.81478], [-83.52748, 8.81485], [-83.52759, 8.81492], [-83.52767, 8.81496], [-83.5278, 8.81499], [-83.52787, 8.81498], [-83.528, 8.81498], [-83.52808, 8.81496], [-83.5283, 8.81493], [-83.52843, 8.81491], [-83.52854, 8.8149], [-83.52872, 8.81488], [-83.52884, 8.81484], [-83.5289, 8.81478], [-83.52894, 8.81471], [-83.52897, 8.81466], [-83.52902, 8.81456], [-83.52907, 8.81452], [-83.52913, 8.81447], [-83.52926, 8.81439], [-83.52938, 8.81433], [-83.52951, 8.81428], [-83.52967, 8.81424], [-83.52977, 8.81422], [-83.52987, 8.8142], [-83.52998, 8.81418], [-83.5301, 8.81418], [-83.53025, 8.81419], [-83.53036, 8.8142], [-83.53048, 8.81425], [-83.53053, 8.81429], [-83.53064, 8.81442], [-83.53073, 8.81455], [-83.53079, 8.81461], [-83.53091, 8.81477], [-83.53099, 8.81488], [-83.53106, 8.81499], [-83.53109, 8.81505], [-83.5311, 8.8151], [-83.53108, 8.81518], [-83.53106, 8.81524], [-83.53101, 8.81532], [-83.53094, 8.81538], [-83.53089, 8.81542], [-83.53082, 8.81546], [-83.53066, 8.81549], [-83.53052, 8.81551], [-83.5304, 8.81554], [-83.53024, 8.81558], [-83.53013, 8.81558], [-83.53002, 8.81557], [-83.52991, 8.81557], [-83.52927, 8.8156], [-83.52914, 8.81561], [-83.52905, 8.81562], [-83.52896, 8.81564], [-83.52882, 8.81566], [-83.52866, 8.81567], [-83.52849, 8.81568], [-83.52834, 8.81565], [-83.52816, 8.81564], [-83.52801, 8.81566], [-83.52791, 8.81569], [-83.52778, 8.81577], [-83.5276, 8.81598], [-83.52758, 8.81601], [-83.52757, 8.81603], [-83.52751, 8.81614], [-83.52748, 8.81624], [-83.52747, 8.81632], [-83.52747, 8.81639], [-83.5275, 8.81644], [-83.52758, 8.81654], [-83.52762, 8.8166], [-83.52768, 8.81666], [-83.52769, 8.81667], [-83.52773, 8.81672], [-83.52776, 8.81676], [-83.5278, 8.81681], [-83.52786, 8.81687], [-83.52791, 8.81693], [-83.52795, 8.81697], [-83.52801, 8.81704], [-83.52809, 8.81711], [-83.52817, 8.81717], [-83.5283, 8.81725], [-83.52845, 8.81733], [-83.52854, 8.81739], [-83.52869, 8.81748], [-83.52878, 8.81751], [-83.52887, 8.81752], [-83.52898, 8.81752], [-83.52907, 8.81753], [-83.52914, 8.81752], [-83.52919, 8.81751], [-83.52924, 8.81751], [-83.52931, 8.81751], [-83.52938, 8.81753], [-83.52943, 8.81755], [-83.52948, 8.81757], [-83.52952, 8.8176], [-83.52955, 8.81765], [-83.5296, 8.8177], [-83.52962, 8.81774], [-83.52963, 8.81778], [-83.52964, 8.81784], [-83.52963, 8.8179], [-83.52961, 8.81797], [-83.52956, 8.81803], [-83.5295, 8.8181], [-83.52942, 8.81816], [-83.52937, 8.81821], [-83.52933, 8.81824], [-83.52927, 8.81827], [-83.52923, 8.81828], [-83.5292, 8.81828], [-83.52914, 8.81829], [-83.5291, 8.81829], [-83.52902, 8.81829], [-83.52891, 8.81828], [-83.5288, 8.81829], [-83.52868, 8.81832], [-83.52848, 8.81838], [-83.5284, 8.81839], [-83.52826, 8.81842], [-83.52813, 8.81841], [-83.52804, 8.81839], [-83.52793, 8.81837], [-83.52784, 8.81836], [-83.52783, 8.81835], [-83.52773, 8.81834], [-83.52765, 8.81833], [-83.52758, 8.81833], [-83.52749, 8.81832], [-83.52738, 8.81832], [-83.52729, 8.81832], [-83.52718, 8.81834], [-83.52708, 8.81835], [-83.52699, 8.81837], [-83.52692, 8.81839], [-83.52685, 8.81842], [-83.52676, 8.81844], [-83.52664, 8.81848], [-83.52656, 8.81852], [-83.52649, 8.81856], [-83.52641, 8.81862], [-83.52636, 8.81867], [-83.52629, 8.81874], [-83.52625, 8.8188], [-83.52621, 8.8189], [-83.52616, 8.81904], [-83.52615, 8.81909], [-83.52613, 8.81918], [-83.52613, 8.81937], [-83.52613, 8.81946], [-83.52614, 8.81952], [-83.52614, 8.8196], [-83.52611, 8.81967], [-83.52606, 8.81976], [-83.52603, 8.81981], [-83.52601, 8.81988], [-83.52598, 8.81996], [-83.52594, 8.82002], [-83.5259, 8.82008], [-83.52583, 8.82014], [-83.5258, 8.82016], [-83.52574, 8.8202], [-83.52566, 8.82024], [-83.52562, 8.82025], [-83.52558, 8.82027], [-83.52551, 8.82031], [-83.52544, 8.82036], [-83.52538, 8.82041], [-83.5253, 8.82047], [-83.52526, 8.82051], [-83.52526, 8.82052], [-83.5252, 8.82056], [-83.52516, 8.8206], [-83.52512, 8.82064], [-83.52508, 8.82069], [-83.52505, 8.82074], [-83.52503, 8.8208], [-83.52501, 8.82084], [-83.525, 8.82086], [-83.525, 8.82086], [-83.525, 8.82086], [-83.52498, 8.82092], [-83.525, 8.82103], [-83.525, 8.8211], [-83.525, 8.8211], [-83.525, 8.82112], [-83.525, 8.82114], [-83.52501, 8.82122], [-83.52501, 8.8213], [-83.525, 8.82135], [-83.52498, 8.82167], [-83.52495, 8.8219], [-83.52485, 8.82205], [-83.5248, 8.82216], [-83.52474, 8.82231], [-83.52467, 8.82243], [-83.52462, 8.82253], [-83.52455, 8.82273], [-83.52448, 8.82287], [-83.52446, 8.82311], [-83.52446, 8.82331], [-83.52461, 8.82355], [-83.52473, 8.82364], [-83.52486, 8.82365], [-83.52502, 8.82368], [-83.52505, 8.8236], [-83.52509, 8.82354], [-83.52515, 8.82343], [-83.52522, 8.82334], [-83.5253, 8.82326], [-83.52536, 8.82322], [-83.52544, 8.82318], [-83.52551, 8.82314], [-83.52565, 8.82309], [-83.52572, 8.82304], [-83.52582, 8.82297], [-83.52591, 8.8229], [-83.52597, 8.82281], [-83.52605, 8.8227], [-83.52611, 8.82262], [-83.52623, 8.82245], [-83.52629, 8.82228], [-83.52633, 8.82216], [-83.52637, 8.82207], [-83.52643, 8.82197], [-83.52647, 8.82189], [-83.52649, 8.82185], [-83.52654, 8.8218], [-83.5266, 8.82174], [-83.52667, 8.82168], [-83.52675, 8.82163], [-83.52682, 8.82158], [-83.52691, 8.82153], [-83.52698, 8.82149], [-83.52708, 8.82144], [-83.52721, 8.82137], [-83.52727, 8.82134], [-83.52736, 8.82128], [-83.52741, 8.82124], [-83.52746, 8.82118], [-83.52752, 8.82111], [-83.52757, 8.82106], [-83.52764, 8.82097], [-83.52776, 8.82085], [-83.52786, 8.82065], [-83.52793, 8.82054], [-83.52797, 8.82046], [-83.52802, 8.82036], [-83.52807, 8.82028], [-83.52811, 8.82018], [-83.52816, 8.82009], [-83.52819, 8.82], [-83.5282, 8.81993], [-83.52822, 8.81984], [-83.52828, 8.81971], [-83.52832, 8.8196], [-83.52841, 8.8195], [-83.52845, 8.81948], [-83.5285, 8.8195], [-83.52853, 8.81952], [-83.52856, 8.81958], [-83.52859, 8.81966], [-83.52858, 8.81969], [-83.52853, 8.81988], [-83.5284, 8.82011], [-83.52831, 8.82028], [-83.52825, 8.82048], [-83.52822, 8.82061], [-83.52822, 8.82077], [-83.52822, 8.8209], [-83.52825, 8.8211], [-83.52829, 8.82127], [-83.52832, 8.82141], [-83.52834, 8.82166], [-83.5283, 8.822], [-83.5283, 8.82218], [-83.5283, 8.82229], [-83.52831, 8.8223], [-83.52834, 8.82247], [-83.52835, 8.82269], [-83.52849, 8.8231], [-83.52864, 8.82342], [-83.52882, 8.8237], [-83.52907, 8.8239], [-83.52918, 8.824], [-83.52926, 8.8241], [-83.52928, 8.82415], [-83.52927, 8.82432], [-83.52918, 8.82447], [-83.52911, 8.82461], [-83.52906, 8.8247], [-83.52898, 8.82487], [-83.52896, 8.82494], [-83.52896, 8.82504], [-83.52896, 8.8251], [-83.52898, 8.8252], [-83.529, 8.82525], [-83.52904, 8.82535], [-83.52908, 8.82543], [-83.5291, 8.82549], [-83.52912, 8.82554], [-83.52913, 8.8256], [-83.52914, 8.82568], [-83.52912, 8.82573], [-83.52911, 8.82575], [-83.52905, 8.82579], [-83.52895, 8.82584], [-83.52885, 8.82588], [-83.52879, 8.82591], [-83.52873, 8.82593], [-83.52866, 8.82595], [-83.5286, 8.82595], [-83.52854, 8.82594], [-83.52839, 8.82588], [-83.52829, 8.82578], [-83.52824, 8.82571], [-83.52821, 8.82561], [-83.52815, 8.82544], [-83.52818, 8.82534], [-83.52818, 8.82528], [-83.52818, 8.82523], [-83.52815, 8.82517], [-83.52806, 8.82511], [-83.52794, 8.82506], [-83.52787, 8.82504], [-83.52779, 8.82505], [-83.52771, 8.82508], [-83.52761, 8.82511], [-83.52755, 8.82515], [-83.52748, 8.82519], [-83.52742, 8.82524], [-83.52733, 8.82529], [-83.52713, 8.82544], [-83.52709, 8.82551], [-83.52704, 8.82559], [-83.52704, 8.82565], [-83.52705, 8.82574], [-83.52715, 8.82588], [-83.52738, 8.82609], [-83.52752, 8.82622], [-83.52764, 8.82629], [-83.52767, 8.82633], [-83.52769, 8.8264], [-83.52768, 8.82646], [-83.52764, 8.82653], [-83.52757, 8.82658], [-83.5275, 8.82665], [-83.52745, 8.82675], [-83.52743, 8.82683], [-83.52737, 8.82694], [-83.52737, 8.82708], [-83.5274, 8.82722], [-83.52742, 8.8273], [-83.52744, 8.82736], [-83.52749, 8.82746], [-83.52755, 8.82756], [-83.52767, 8.82767], [-83.52772, 8.82774], [-83.52776, 8.82781], [-83.52782, 8.82793], [-83.52786, 8.82804], [-83.5279, 8.82811], [-83.52797, 8.82824], [-83.52799, 8.82833], [-83.52798, 8.82838], [-83.52796, 8.82857], [-83.5279, 8.8287], [-83.52785, 8.82887], [-83.52786, 8.82891], [-83.52783, 8.82906], [-83.52779, 8.8292], [-83.52779, 8.82931], [-83.52783, 8.8294], [-83.52785, 8.82944], [-83.52788, 8.82946], [-83.52797, 8.82953], [-83.52808, 8.82958], [-83.52818, 8.82963], [-83.52841, 8.82969], [-83.52849, 8.82969], [-83.52859, 8.82969], [-83.52863, 8.82967], [-83.52872, 8.82963], [-83.5288, 8.8296], [-83.52893, 8.82952], [-83.52898, 8.82949], [-83.52904, 8.82947], [-83.5291, 8.82944], [-83.52917, 8.8294], [-83.52922, 8.82936], [-83.52925, 8.82931], [-83.5293, 8.82923], [-83.52935, 8.82918], [-83.52945, 8.82913], [-83.5295, 8.82912], [-83.52958, 8.82916], [-83.52961, 8.82916], [-83.52969, 8.82915], [-83.52982, 8.82914], [-83.52995, 8.82913], [-83.53005, 8.82911], [-83.53015, 8.82909], [-83.53031, 8.82909], [-83.53046, 8.8291], [-83.53066, 8.82913], [-83.53074, 8.82915], [-83.5308, 8.82915], [-83.53083, 8.82913], [-83.53088, 8.8291], [-83.531, 8.82905], [-83.53111, 8.829], [-83.53118, 8.82895], [-83.53124, 8.82894], [-83.53132, 8.82895], [-83.53143, 8.82896], [-83.53159, 8.82902], [-83.53175, 8.8291], [-83.53186, 8.8292], [-83.53199, 8.82932], [-83.5321, 8.82949], [-83.53216, 8.82961], [-83.53224, 8.82972], [-83.53226, 8.82974], [-83.53232, 8.82982], [-83.53244, 8.82995], [-83.53246, 8.82997], [-83.53247, 8.83], [-83.53253, 8.83013], [-83.53256, 8.83019], [-83.53259, 8.83023], [-83.53269, 8.83037], [-83.53274, 8.83045], [-83.53279, 8.83053], [-83.53282, 8.83057], [-83.53284, 8.83061], [-83.53291, 8.83069], [-83.53295, 8.83074], [-83.533, 8.83081], [-83.53305, 8.83089], [-83.53309, 8.83095], [-83.53314, 8.83101], [-83.53318, 8.83106], [-83.5332, 8.83111], [-83.53325, 8.83121], [-83.53327, 8.83125], [-83.53329, 8.83131], [-83.53331, 8.83136], [-83.53333, 8.83143], [-83.53334, 8.83148], [-83.53334, 8.83155], [-83.53334, 8.8316], [-83.53334, 8.83168], [-83.53334, 8.8318], [-83.53334, 8.83192], [-83.53332, 8.83204], [-83.53328, 8.83219], [-83.53325, 8.83228], [-83.53321, 8.8324], [-83.53319, 8.83248], [-83.53316, 8.83255], [-83.53313, 8.83261], [-83.53311, 8.83267], [-83.53309, 8.83273], [-83.53306, 8.83279], [-83.53304, 8.83287], [-83.53301, 8.83295], [-83.53299, 8.83298], [-83.53297, 8.833], [-83.53296, 8.83302], [-83.53293, 8.83304], [-83.5329, 8.83306], [-83.53285, 8.83309], [-83.53282, 8.83311], [-83.53279, 8.83315], [-83.53273, 8.83322], [-83.53267, 8.8333], [-83.53265, 8.83333], [-83.53263, 8.83336], [-83.5326, 8.83341], [-83.53253, 8.83348], [-83.5325, 8.83354], [-83.53247, 8.83358], [-83.53245, 8.83365], [-83.53242, 8.83372], [-83.53241, 8.83375], [-83.53239, 8.8338], [-83.53238, 8.83384], [-83.53236, 8.83387], [-83.53234, 8.8339], [-83.53232, 8.83393], [-83.53229, 8.83398], [-83.53227, 8.834], [-83.53224, 8.83405], [-83.53223, 8.83408], [-83.5322, 8.83412], [-83.53219, 8.83415], [-83.53216, 8.8342], [-83.53215, 8.83422], [-83.53213, 8.83428], [-83.53211, 8.83435], [-83.53209, 8.83439], [-83.53208, 8.83446], [-83.53206, 8.83452], [-83.53204, 8.83455], [-83.53202, 8.8346], [-83.53202, 8.83463], [-83.532, 8.83468], [-83.53198, 8.83473], [-83.53194, 8.83484], [-83.53192, 8.83492], [-83.53192, 8.83496], [-83.53192, 8.83501], [-83.5319, 8.83505], [-83.53189, 8.83507], [-83.53188, 8.83509], [-83.53187, 8.8351], [-83.53187, 8.8351], [-83.53186, 8.83513], [-83.53186, 8.83516], [-83.53185, 8.8352], [-83.53185, 8.83524], [-83.53184, 8.83528], [-83.53183, 8.83531], [-83.53183, 8.83535], [-83.53183, 8.83538], [-83.53183, 8.83541], [-83.53183, 8.83544], [-83.53181, 8.83549], [-83.5318, 8.83553], [-83.53179, 8.83556], [-83.53178, 8.83559], [-83.53178, 8.83565], [-83.53177, 8.83567], [-83.53177, 8.83572], [-83.53175, 8.83595], [-83.53174, 8.83604], [-83.53174, 8.8361], [-83.53173, 8.83615], [-83.53172, 8.8362], [-83.53172, 8.83628], [-83.53172, 8.83638], [-83.53172, 8.83643], [-83.53172, 8.83649], [-83.53172, 8.83654], [-83.53169, 8.83682], [-83.53169, 8.83698], [-83.53167, 8.83711], [-83.53167, 8.83726], [-83.5317, 8.83743], [-83.53177, 8.83778], [-83.53177, 8.83791], [-83.53178, 8.83801], [-83.53178, 8.83807], [-83.5318, 8.83815], [-83.53181, 8.83828], [-83.53183, 8.83838], [-83.53186, 8.83852], [-83.53187, 8.83863], [-83.53186, 8.83876], [-83.53186, 8.83889], [-83.53186, 8.83899], [-83.53187, 8.8391], [-83.53188, 8.83919], [-83.53189, 8.83931], [-83.53191, 8.83941], [-83.53193, 8.83954], [-83.53194, 8.83962], [-83.53195, 8.83973], [-83.53194, 8.83981], [-83.53192, 8.8399], [-83.53191, 8.83995], [-83.5319, 8.83997], [-83.53189, 8.84003], [-83.53185, 8.8401], [-83.5318, 8.8402], [-83.53175, 8.84027], [-83.5317, 8.84036], [-83.53166, 8.84045], [-83.53162, 8.84057], [-83.5316, 8.84063], [-83.53155, 8.84072], [-83.53148, 8.84081], [-83.53143, 8.84085], [-83.5314, 8.84087], [-83.53134, 8.84089], [-83.53129, 8.84093], [-83.53124, 8.84099], [-83.53114, 8.84112], [-83.53108, 8.84122], [-83.53103, 8.84129], [-83.53098, 8.84134], [-83.53091, 8.84143], [-83.53088, 8.84148], [-83.53085, 8.84151], [-83.53083, 8.84153], [-83.53081, 8.84153], [-83.5308, 8.84154], [-83.53074, 8.84159], [-83.53067, 8.84163], [-83.53058, 8.84169], [-83.53042, 8.84176], [-83.53028, 8.84183], [-83.53015, 8.84187], [-83.52998, 8.84189], [-83.52977, 8.84191], [-83.5297, 8.84192], [-83.52957, 8.84193], [-83.52946, 8.84195], [-83.52928, 8.84199], [-83.52914, 8.84204], [-83.52904, 8.84208], [-83.5288, 8.84222], [-83.52863, 8.84232], [-83.52844, 8.84244], [-83.52827, 8.84253], [-83.52806, 8.84262], [-83.52778, 8.84354], [-83.52777, 8.84358], [-83.52775, 8.84361], [-83.52773, 8.84366], [-83.52771, 8.84369], [-83.52769, 8.84372], [-83.52766, 8.84378], [-83.52764, 8.84382], [-83.5276, 8.84387], [-83.52756, 8.84393], [-83.5275, 8.844], [-83.52747, 8.84404], [-83.52743, 8.8441], [-83.52739, 8.84418], [-83.52733, 8.84428], [-83.5273, 8.84433], [-83.52727, 8.84441], [-83.52724, 8.84445], [-83.52722, 8.84449], [-83.52721, 8.8445], [-83.5272, 8.84453], [-83.52718, 8.84457], [-83.52715, 8.84464], [-83.52712, 8.84471], [-83.52709, 8.84478], [-83.52707, 8.84481], [-83.52705, 8.84483], [-83.52703, 8.84485], [-83.52703, 8.84485], [-83.52702, 8.84487], [-83.52703, 8.84489], [-83.52703, 8.84492], [-83.52702, 8.84495], [-83.52702, 8.84496], [-83.52701, 8.84501], [-83.527, 8.84507], [-83.52698, 8.84514], [-83.52695, 8.84519], [-83.52693, 8.84523], [-83.52689, 8.8453], [-83.52689, 8.84535], [-83.5269, 8.84542], [-83.52688, 8.84549], [-83.52686, 8.84553], [-83.52684, 8.84556], [-83.52682, 8.84558], [-83.5268, 8.84559], [-83.52679, 8.84561], [-83.52677, 8.84564], [-83.52676, 8.84567], [-83.52676, 8.84571], [-83.52674, 8.84577], [-83.52672, 8.84585], [-83.52672, 8.84589], [-83.52673, 8.84594], [-83.52673, 8.84597], [-83.52674, 8.84601], [-83.52674, 8.84609], [-83.52675, 8.84616], [-83.52675, 8.84625], [-83.52674, 8.84631], [-83.52673, 8.84636], [-83.52672, 8.84642], [-83.5267, 8.84647], [-83.5267, 8.84652], [-83.52669, 8.84657], [-83.52666, 8.84678], [-83.52665, 8.84693], [-83.52663, 8.84707], [-83.52661, 8.84718], [-83.52656, 8.84731], [-83.52652, 8.84742], [-83.52649, 8.84754], [-83.52648, 8.84762], [-83.52648, 8.84766], [-83.52647, 8.84774], [-83.52644, 8.84786], [-83.5264, 8.84798], [-83.52635, 8.84812], [-83.52628, 8.84825], [-83.52623, 8.84836], [-83.52617, 8.84845], [-83.52613, 8.84851], [-83.52607, 8.84855], [-83.52602, 8.8486], [-83.52598, 8.84862], [-83.52591, 8.84865], [-83.52586, 8.84867], [-83.52581, 8.84868], [-83.52577, 8.84868], [-83.5257, 8.8487], [-83.5257, 8.8487], [-83.52564, 8.8487], [-83.52557, 8.84871], [-83.52549, 8.84871], [-83.5254, 8.84871], [-83.52533, 8.84872], [-83.52527, 8.84873], [-83.52525, 8.84873], [-83.52525, 8.84873], [-83.5252, 8.84872], [-83.52519, 8.84871], [-83.52515, 8.8487], [-83.52511, 8.84869], [-83.52508, 8.84867], [-83.52506, 8.84866], [-83.52501, 8.84864], [-83.525, 8.84863], [-83.525, 8.84863], [-83.5249, 8.84859], [-83.52484, 8.84858], [-83.5248, 8.84857], [-83.52474, 8.84857], [-83.5247, 8.84857], [-83.52466, 8.84858], [-83.5246, 8.84858], [-83.52454, 8.84858], [-83.52448, 8.84859], [-83.52442, 8.84859], [-83.52435, 8.8486], [-83.52431, 8.84861], [-83.52427, 8.84861], [-83.52423, 8.8486], [-83.52418, 8.8486], [-83.52415, 8.8486], [-83.52412, 8.8486], [-83.52409, 8.84861], [-83.52405, 8.84862], [-83.52402, 8.84863], [-83.52396, 8.84864], [-83.52391, 8.84864], [-83.52385, 8.84865], [-83.5238, 8.84866], [-83.52375, 8.84868], [-83.52371, 8.8487], [-83.52365, 8.84872], [-83.52359, 8.84873], [-83.52355, 8.84873], [-83.52351, 8.84874], [-83.52345, 8.84876], [-83.52339, 8.84879], [-83.52332, 8.84882], [-83.52323, 8.84885], [-83.52315, 8.84888], [-83.52307, 8.8489], [-83.52299, 8.84894], [-83.52292, 8.84899], [-83.52287, 8.84902], [-83.52281, 8.84905], [-83.52273, 8.8491], [-83.52268, 8.84914], [-83.52264, 8.84917], [-83.52262, 8.8492], [-83.5226, 8.84923], [-83.52257, 8.84926], [-83.52254, 8.84929], [-83.52251, 8.84931], [-83.52247, 8.84934], [-83.52243, 8.84937], [-83.5224, 8.84939], [-83.52237, 8.84941], [-83.52232, 8.84946], [-83.52228, 8.84951], [-83.52225, 8.84956], [-83.52216, 8.84967], [-83.5221, 8.84978], [-83.52206, 8.84985], [-83.52203, 8.84993], [-83.52202, 8.85], [-83.52202, 8.85], [-83.52199, 8.85007], [-83.52196, 8.85014], [-83.52193, 8.85022], [-83.52189, 8.85033], [-83.52187, 8.85043], [-83.52184, 8.85054], [-83.52182, 8.85064], [-83.52181, 8.85072], [-83.52181, 8.85079], [-83.52182, 8.85084], [-83.52182, 8.85085], [-83.52182, 8.85088], [-83.52182, 8.8509], [-83.52183, 8.85094], [-83.52184, 8.85098], [-83.52186, 8.85103], [-83.52189, 8.85109], [-83.52191, 8.85115], [-83.52192, 8.85122], [-83.52194, 8.85132], [-83.52198, 8.85147], [-83.522, 8.85159], [-83.52205, 8.85175], [-83.52208, 8.85187], [-83.52211, 8.852], [-83.52215, 8.85218], [-83.52216, 8.85222], [-83.5222, 8.85236], [-83.52226, 8.85252], [-83.52235, 8.85269], [-83.52242, 8.85279], [-83.52242, 8.85279], [-83.52252, 8.85292], [-83.52258, 8.85302], [-83.52263, 8.85313], [-83.52263, 8.85318], [-83.52263, 8.85321], [-83.52263, 8.85324], [-83.52264, 8.85326], [-83.52264, 8.85328], [-83.52268, 8.85335], [-83.52269, 8.85337], [-83.52273, 8.85344], [-83.52275, 8.85348], [-83.52276, 8.85351], [-83.52277, 8.85358], [-83.52277, 8.85366], [-83.52278, 8.85373], [-83.52279, 8.85381], [-83.5228, 8.85387], [-83.52281, 8.85394], [-83.52282, 8.854], [-83.52282, 8.85407], [-83.52282, 8.85415], [-83.5228, 8.8542], [-83.52277, 8.85424], [-83.52271, 8.85428], [-83.52264, 8.85431], [-83.52255, 8.85435], [-83.52248, 8.85438], [-83.52239, 8.85439], [-83.52231, 8.8544], [-83.52221, 8.85439], [-83.52211, 8.85438], [-83.522, 8.85436], [-83.52187, 8.85435], [-83.52177, 8.85432], [-83.52168, 8.8543], [-83.52159, 8.85427], [-83.52154, 8.85425], [-83.52154, 8.85425], [-83.52151, 8.85423], [-83.52149, 8.85422], [-83.52147, 8.85424], [-83.52142, 8.85427], [-83.52137, 8.85431], [-83.52134, 8.85432], [-83.52128, 8.85431], [-83.5212, 8.85429], [-83.52113, 8.85426], [-83.52111, 8.85425], [-83.52109, 8.85424], [-83.52104, 8.85422], [-83.521, 8.85422], [-83.52099, 8.85422], [-83.52094, 8.85422], [-83.52088, 8.85422], [-83.52081, 8.85421], [-83.52072, 8.85418], [-83.52062, 8.85412], [-83.52053, 8.85405], [-83.52042, 8.85398], [-83.52033, 8.85391], [-83.52027, 8.85385], [-83.52018, 8.85374], [-83.52013, 8.85368], [-83.5201, 8.85361], [-83.52008, 8.85355], [-83.52004, 8.85345], [-83.51999, 8.85335], [-83.51996, 8.85328], [-83.51992, 8.85319], [-83.5199, 8.85312], [-83.51988, 8.85306], [-83.51987, 8.853], [-83.51986, 8.85296], [-83.51986, 8.85295], [-83.51987, 8.85294], [-83.51989, 8.85293], [-83.51989, 8.85293], [-83.5199, 8.85292], [-83.51991, 8.85291], [-83.51991, 8.8529], [-83.51992, 8.85288], [-83.51992, 8.85287], [-83.5199, 8.85285], [-83.51988, 8.85284], [-83.51987, 8.85283], [-83.51985, 8.85281], [-83.51985, 8.8528], [-83.51984, 8.85276], [-83.51984, 8.85275], [-83.51983, 8.85273], [-83.51982, 8.85269], [-83.51981, 8.85264], [-83.51981, 8.8526], [-83.51981, 8.85256], [-83.5198, 8.85253], [-83.5198, 8.85251], [-83.51979, 8.85245], [-83.51978, 8.8524], [-83.51977, 8.85236], [-83.51977, 8.85233], [-83.51976, 8.8523], [-83.51972, 8.85213], [-83.51971, 8.85211], [-83.5197, 8.85208], [-83.51969, 8.85205], [-83.51968, 8.85203], [-83.51969, 8.85201], [-83.5197, 8.85198], [-83.51969, 8.85197], [-83.51969, 8.85196], [-83.51969, 8.85196], [-83.51968, 8.85195], [-83.51965, 8.85191], [-83.51964, 8.85187], [-83.51963, 8.85186], [-83.51963, 8.85185], [-83.51959, 8.85181], [-83.51959, 8.85178], [-83.51959, 8.85174], [-83.51959, 8.8517], [-83.51959, 8.85167], [-83.51959, 8.85163], [-83.51958, 8.85159], [-83.51958, 8.85155], [-83.51957, 8.85153], [-83.51957, 8.8515], [-83.51956, 8.85146], [-83.51955, 8.85141], [-83.51955, 8.85136], [-83.51954, 8.85133], [-83.51954, 8.8513], [-83.51954, 8.85126], [-83.51954, 8.85125], [-83.51954, 8.85121], [-83.51954, 8.85116], [-83.51954, 8.85113], [-83.51954, 8.85111], [-83.51954, 8.85109], [-83.51953, 8.85107], [-83.51953, 8.85107], [-83.51952, 8.85105], [-83.5195, 8.85101], [-83.51949, 8.85099], [-83.5195, 8.85099], [-83.51949, 8.85097], [-83.51949, 8.85095], [-83.51949, 8.85093], [-83.51949, 8.85089], [-83.51948, 8.85085], [-83.51948, 8.85083], [-83.51947, 8.85081], [-83.51947, 8.8508], [-83.51946, 8.85077], [-83.51946, 8.85076], [-83.51946, 8.85075], [-83.51946, 8.85073], [-83.51946, 8.85072], [-83.51945, 8.85068], [-83.51943, 8.85061], [-83.51942, 8.85056], [-83.51941, 8.8505], [-83.51939, 8.85045], [-83.51938, 8.8504], [-83.51936, 8.85032], [-83.51934, 8.85027], [-83.51931, 8.8502], [-83.51927, 8.85012], [-83.51924, 8.85007], [-83.51922, 8.85001], [-83.51922, 8.85], [-83.51922, 8.85], [-83.51921, 8.84998], [-83.5192, 8.84992], [-83.51918, 8.84988], [-83.51917, 8.84983], [-83.51915, 8.84978], [-83.51914, 8.84975], [-83.51913, 8.84971], [-83.51911, 8.84966], [-83.5191, 8.84964], [-83.51908, 8.84959], [-83.51906, 8.84957], [-83.51905, 8.84953], [-83.51905, 8.84951], [-83.51903, 8.84947], [-83.51902, 8.84944], [-83.51901, 8.84941], [-83.519, 8.84937], [-83.51899, 8.84933], [-83.51898, 8.84931], [-83.51897, 8.84929], [-83.51896, 8.84927], [-83.51896, 8.84925], [-83.51896, 8.84923], [-83.51895, 8.8492], [-83.51895, 8.84918], [-83.51895, 8.84916], [-83.51895, 8.84913], [-83.51851, 8.84859], [-83.51847, 8.84857], [-83.51844, 8.84853], [-83.51841, 8.84849], [-83.51835, 8.84843], [-83.51832, 8.8484], [-83.51828, 8.84836], [-83.51824, 8.84831], [-83.5182, 8.84828], [-83.51814, 8.84822], [-83.5181, 8.8482], [-83.51807, 8.84817], [-83.518, 8.84813], [-83.51795, 8.8481], [-83.5179, 8.84807], [-83.51782, 8.84802], [-83.51775, 8.84797], [-83.51769, 8.84794], [-83.51765, 8.84791], [-83.5176, 8.84788], [-83.51756, 8.84786], [-83.51751, 8.84785], [-83.51746, 8.84782], [-83.51742, 8.8478], [-83.51739, 8.84779], [-83.51735, 8.84776], [-83.5173, 8.84772], [-83.51723, 8.84768], [-83.5172, 8.84765], [-83.51714, 8.84763], [-83.51708, 8.84762], [-83.517, 8.84759], [-83.5169, 8.84757], [-83.51685, 8.84756], [-83.51685, 8.84755], [-83.51685, 8.84755], [-83.51683, 8.84755], [-83.5168, 8.84752], [-83.51677, 8.8475], [-83.51677, 8.8475], [-83.51674, 8.84748], [-83.51672, 8.84748], [-83.5167, 8.84749], [-83.51667, 8.84749], [-83.51664, 8.84747], [-83.51659, 8.84744], [-83.51653, 8.84743], [-83.51649, 8.84741], [-83.51646, 8.84741], [-83.51645, 8.84741], [-83.51643, 8.84741], [-83.5164, 8.8474], [-83.5164, 8.84739], [-83.51637, 8.84737], [-83.51634, 8.84737], [-83.51631, 8.84738], [-83.51625, 8.84737], [-83.51619, 8.84737], [-83.51614, 8.84736], [-83.51609, 8.84735], [-83.51603, 8.84734], [-83.51595, 8.8473], [-83.51586, 8.84726], [-83.51581, 8.84724], [-83.51572, 8.84721], [-83.51562, 8.84719], [-83.51555, 8.84717], [-83.51549, 8.84716], [-83.51544, 8.84715], [-83.51538, 8.84715], [-83.51531, 8.84716], [-83.51525, 8.84717], [-83.51517, 8.84717], [-83.51512, 8.84716], [-83.51504, 8.84716], [-83.51497, 8.84715], [-83.51487, 8.84714], [-83.51477, 8.84713], [-83.51467, 8.84713], [-83.51462, 8.84713], [-83.51457, 8.84714], [-83.5145, 8.84715], [-83.51443, 8.84716], [-83.51438, 8.84717], [-83.51431, 8.8472], [-83.51429, 8.84721], [-83.51424, 8.84722], [-83.51417, 8.84724], [-83.51412, 8.84724], [-83.51408, 8.84725], [-83.51404, 8.84726], [-83.51401, 8.84727], [-83.514, 8.84728], [-83.51397, 8.84729], [-83.51394, 8.8473], [-83.5139, 8.84731], [-83.51388, 8.84732], [-83.51385, 8.84733], [-83.51383, 8.84734], [-83.5138, 8.84735], [-83.51375, 8.84737], [-83.5137, 8.84738], [-83.51363, 8.84741], [-83.51358, 8.84743], [-83.51354, 8.84745], [-83.5135, 8.84746], [-83.51347, 8.84746], [-83.51343, 8.84747], [-83.5134, 8.84748], [-83.51337, 8.84749], [-83.51335, 8.8475], [-83.5133, 8.84751], [-83.5133, 8.84751], [-83.51327, 8.84751], [-83.51324, 8.84751], [-83.51323, 8.84751], [-83.51322, 8.84751], [-83.51321, 8.84752], [-83.51318, 8.84753], [-83.51316, 8.84754], [-83.51313, 8.84756], [-83.5131, 8.84757], [-83.51309, 8.84758], [-83.51308, 8.84758], [-83.51306, 8.84759], [-83.51301, 8.8476], [-83.51298, 8.84762], [-83.51295, 8.84763], [-83.51292, 8.84764], [-83.51289, 8.84765], [-83.51286, 8.84767], [-83.51282, 8.8477], [-83.51276, 8.84773], [-83.51271, 8.84774], [-83.51266, 8.84776], [-83.51261, 8.84778], [-83.51258, 8.8478], [-83.51255, 8.84782], [-83.5125, 8.84786], [-83.51246, 8.84788], [-83.51242, 8.8479], [-83.51237, 8.84794], [-83.51235, 8.84795], [-83.51232, 8.84796], [-83.51229, 8.84796], [-83.51226, 8.84796], [-83.51225, 8.84796], [-83.51223, 8.84797], [-83.51218, 8.84801], [-83.51215, 8.84802], [-83.51212, 8.84804], [-83.51208, 8.84807], [-83.51203, 8.84809], [-83.512, 8.84811], [-83.51197, 8.84813], [-83.51194, 8.84815], [-83.51192, 8.84817], [-83.51191, 8.84818], [-83.51189, 8.84819], [-83.51187, 8.8482], [-83.51184, 8.84822], [-83.5118, 8.84824], [-83.51177, 8.84827], [-83.51173, 8.84832], [-83.51171, 8.84835], [-83.5116, 8.84841], [-83.51156, 8.84846], [-83.51153, 8.84849], [-83.51149, 8.84853], [-83.51146, 8.84856], [-83.51143, 8.84858], [-83.51139, 8.84862], [-83.51136, 8.84865], [-83.51134, 8.84867], [-83.51131, 8.84871], [-83.51129, 8.84874], [-83.51129, 8.84875], [-83.51125, 8.84879], [-83.51123, 8.84882], [-83.5112, 8.84886], [-83.51118, 8.84889], [-83.51116, 8.84893], [-83.51114, 8.84896], [-83.51112, 8.84898], [-83.51111, 8.84899], [-83.51109, 8.84901], [-83.51107, 8.84903], [-83.51106, 8.84905], [-83.51104, 8.84906], [-83.51103, 8.84908], [-83.511, 8.8491], [-83.51098, 8.84913], [-83.51096, 8.84915], [-83.51094, 8.84917], [-83.51092, 8.8492], [-83.51089, 8.84923], [-83.51088, 8.84926], [-83.51086, 8.84928], [-83.51084, 8.84931], [-83.51083, 8.84934], [-83.51081, 8.84937], [-83.51081, 8.84939], [-83.51079, 8.8494], [-83.51078, 8.84941], [-83.51076, 8.84944], [-83.51075, 8.84947], [-83.51073, 8.84952], [-83.51067, 8.84964], [-83.51062, 8.8497], [-83.5106, 8.84974], [-83.51059, 8.84978], [-83.51058, 8.84982], [-83.51056, 8.84987], [-83.51052, 8.84991], [-83.5105, 8.84995], [-83.51047, 8.85], [-83.51047, 8.85], [-83.51046, 8.85005], [-83.51044, 8.85013], [-83.51043, 8.85019], [-83.51042, 8.85024], [-83.51042, 8.85028], [-83.5104, 8.8503], [-83.51038, 8.85032], [-83.51037, 8.85035], [-83.51036, 8.85039], [-83.51034, 8.85043], [-83.51032, 8.85046], [-83.51029, 8.8505], [-83.51026, 8.85055], [-83.51024, 8.85059], [-83.51019, 8.85066], [-83.51018, 8.85069], [-83.51017, 8.85073], [-83.51017, 8.85076], [-83.51017, 8.85078], [-83.51018, 8.85081], [-83.5102, 8.85083], [-83.51021, 8.85085], [-83.51023, 8.85089], [-83.51024, 8.85091], [-83.51024, 8.85091], [-83.51024, 8.85093], [-83.51023, 8.85097], [-83.51021, 8.85099], [-83.51014, 8.85105], [-83.5101, 8.85109], [-83.51007, 8.85112], [-83.51005, 8.85115], [-83.51004, 8.8512], [-83.51003, 8.85122], [-83.51003, 8.85125], [-83.51003, 8.85128], [-83.51003, 8.85131], [-83.51002, 8.85134], [-83.51003, 8.85137], [-83.51003, 8.8514], [-83.51001, 8.85144], [-83.51001, 8.85146], [-83.51, 8.85151], [-83.50999, 8.85156], [-83.50999, 8.8516], [-83.50998, 8.85165], [-83.50997, 8.85169], [-83.50996, 8.85172], [-83.50995, 8.85175], [-83.50995, 8.85179], [-83.50994, 8.85182], [-83.50995, 8.85185], [-83.50995, 8.85188], [-83.50996, 8.85191], [-83.50996, 8.85195], [-83.50996, 8.85199], [-83.50995, 8.85203], [-83.50993, 8.85207], [-83.50993, 8.85208], [-83.50993, 8.8521], [-83.50993, 8.85212], [-83.50993, 8.85215], [-83.50992, 8.85218], [-83.50992, 8.85222], [-83.50992, 8.85226], [-83.50992, 8.85228], [-83.50993, 8.8523], [-83.50994, 8.85234], [-83.50996, 8.8524], [-83.50998, 8.85244], [-83.50999, 8.85251], [-83.50999, 8.85267], [-83.50997, 8.85273], [-83.50997, 8.85277], [-83.50997, 8.85284], [-83.50998, 8.85291], [-83.51, 8.85297], [-83.51002, 8.85303], [-83.51006, 8.8531], [-83.51007, 8.85313], [-83.51007, 8.85318], [-83.51006, 8.85322], [-83.51006, 8.85325], [-83.51008, 8.8533], [-83.5101, 8.85333], [-83.51011, 8.85336], [-83.51012, 8.85339], [-83.51012, 8.85343], [-83.51011, 8.85348], [-83.5101, 8.85353], [-83.5101, 8.85357], [-83.51009, 8.85364], [-83.51009, 8.85372], [-83.5101, 8.85379], [-83.5101, 8.8538], [-83.5101, 8.85384], [-83.5101, 8.85389], [-83.51009, 8.85394], [-83.51007, 8.85398], [-83.51003, 8.85402], [-83.51, 8.85405], [-83.50997, 8.85408], [-83.50994, 8.85412], [-83.50992, 8.85415], [-83.5099, 8.85419], [-83.50985, 8.85434], [-83.50982, 8.85439], [-83.50981, 8.85443], [-83.50979, 8.85446], [-83.50977, 8.85449], [-83.50974, 8.85452], [-83.50972, 8.85454], [-83.50968, 8.85457], [-83.50965, 8.85459], [-83.50961, 8.85461], [-83.50957, 8.85463], [-83.50954, 8.85465], [-83.50953, 8.85467], [-83.50953, 8.8547], [-83.50952, 8.85472], [-83.50952, 8.85474], [-83.50951, 8.85477], [-83.50949, 8.85478], [-83.50947, 8.85479], [-83.50945, 8.8548], [-83.50942, 8.85481], [-83.5094, 8.85483], [-83.50937, 8.85486], [-83.50936, 8.85488], [-83.50936, 8.8549], [-83.50935, 8.85494], [-83.50934, 8.85496], [-83.50933, 8.85499], [-83.50931, 8.85501], [-83.50928, 8.85503], [-83.50926, 8.85505], [-83.50921, 8.85508], [-83.50918, 8.85511], [-83.50913, 8.85516], [-83.50908, 8.8552], [-83.50905, 8.85522], [-83.50902, 8.85525], [-83.509, 8.85528], [-83.50899, 8.85531], [-83.50895, 8.8554], [-83.50893, 8.85541], [-83.5089, 8.85543], [-83.50888, 8.85544], [-83.50886, 8.85545], [-83.50883, 8.85548], [-83.5088, 8.85551], [-83.50879, 8.85554], [-83.50879, 8.85555], [-83.50879, 8.85557], [-83.50878, 8.85558], [-83.50876, 8.85559], [-83.50875, 8.8556], [-83.50873, 8.85561], [-83.50873, 8.85562], [-83.50874, 8.85564], [-83.50875, 8.85566], [-83.50876, 8.85567], [-83.50875, 8.85569], [-83.50873, 8.85571], [-83.5087, 8.85571], [-83.50867, 8.85572], [-83.50864, 8.85575], [-83.50864, 8.85578], [-83.50864, 8.85579], [-83.50863, 8.85581], [-83.50862, 8.85583], [-83.50859, 8.85584], [-83.50856, 8.85585], [-83.50854, 8.85587], [-83.50849, 8.85589], [-83.50846, 8.85591], [-83.50844, 8.85593], [-83.50841, 8.85596], [-83.50838, 8.85598], [-83.50827, 8.85608], [-83.50827, 8.8561], [-83.50826, 8.85612], [-83.50824, 8.85614], [-83.50823, 8.85615], [-83.50822, 8.85616], [-83.5082, 8.85616], [-83.50817, 8.85617], [-83.50816, 8.85617], [-83.50813, 8.85618], [-83.5081, 8.85618], [-83.50808, 8.85619], [-83.50807, 8.85621], [-83.50806, 8.85623], [-83.50805, 8.85624], [-83.50804, 8.85625], [-83.50802, 8.85626], [-83.50801, 8.85626], [-83.508, 8.85626], [-83.50798, 8.85625], [-83.50797, 8.85625], [-83.50796, 8.85626], [-83.50795, 8.85628], [-83.50793, 8.8563], [-83.50792, 8.85632], [-83.50789, 8.85635], [-83.50787, 8.85638], [-83.50781, 8.85645], [-83.50778, 8.85648], [-83.50775, 8.8565], [-83.50774, 8.85651], [-83.50772, 8.85652], [-83.5077, 8.85654], [-83.50766, 8.85656], [-83.50762, 8.85658], [-83.50759, 8.85661], [-83.50757, 8.85663], [-83.50756, 8.85664], [-83.50752, 8.85666], [-83.50748, 8.85668], [-83.50745, 8.85668], [-83.50741, 8.85669], [-83.50738, 8.8567], [-83.50735, 8.85672], [-83.50735, 8.85674], [-83.50735, 8.85676], [-83.50735, 8.85677], [-83.50734, 8.85679], [-83.50733, 8.8568], [-83.50732, 8.85681], [-83.5073, 8.85681], [-83.50723, 8.8568], [-83.50721, 8.8568], [-83.50719, 8.8568], [-83.50717, 8.8568], [-83.50716, 8.85681], [-83.50715, 8.85682], [-83.50712, 8.85682], [-83.5071, 8.85683], [-83.50708, 8.85684], [-83.50705, 8.85686], [-83.50701, 8.85687], [-83.50697, 8.85688], [-83.50693, 8.8569], [-83.50691, 8.8569], [-83.50689, 8.85692], [-83.50687, 8.85693], [-83.50685, 8.85693], [-83.50684, 8.85693], [-83.50681, 8.85694], [-83.50679, 8.85695], [-83.50677, 8.85696], [-83.50674, 8.85697], [-83.50671, 8.85697], [-83.50668, 8.85697], [-83.50666, 8.85698], [-83.50663, 8.85698], [-83.50661, 8.85698], [-83.50657, 8.85699], [-83.50653, 8.857], [-83.5065, 8.85701], [-83.50647, 8.85701], [-83.50645, 8.85702], [-83.50642, 8.85702], [-83.50631, 8.85704], [-83.50623, 8.85705], [-83.50617, 8.85706], [-83.50608, 8.85707], [-83.50602, 8.85708], [-83.50599, 8.85709], [-83.50597, 8.8571], [-83.50595, 8.8571], [-83.50591, 8.85709], [-83.50589, 8.85708], [-83.50588, 8.85708], [-83.50585, 8.85708], [-83.50584, 8.85708], [-83.50582, 8.85709], [-83.50577, 8.8571], [-83.50574, 8.8571], [-83.50572, 8.85711], [-83.50567, 8.85712], [-83.50564, 8.85712], [-83.50562, 8.85712], [-83.5056, 8.85713], [-83.50558, 8.85713], [-83.50555, 8.85714], [-83.50553, 8.85715], [-83.5055, 8.85716], [-83.50547, 8.85717], [-83.50545, 8.85718], [-83.50543, 8.85719], [-83.5054, 8.85721], [-83.50538, 8.85722], [-83.50535, 8.85723], [-83.50531, 8.85723], [-83.50527, 8.85723], [-83.50527, 8.85723], [-83.50524, 8.85722], [-83.50518, 8.85721], [-83.50513, 8.85721], [-83.50481, 8.85721], [-83.50474, 8.8572], [-83.50474, 8.8572], [-83.50461, 8.85721], [-83.50447, 8.8572], [-83.5044, 8.85718], [-83.50431, 8.85716], [-83.50419, 8.85714], [-83.5041, 8.85714], [-83.504, 8.85715], [-83.50392, 8.85714], [-83.50386, 8.85714], [-83.50377, 8.85714], [-83.5037, 8.85713], [-83.50367, 8.85713], [-83.5036, 8.85711], [-83.50352, 8.85708], [-83.50343, 8.85702], [-83.50334, 8.85699], [-83.50323, 8.85698], [-83.50312, 8.85698], [-83.50305, 8.85699], [-83.50297, 8.85699], [-83.50289, 8.857], [-83.5028, 8.85701], [-83.50275, 8.85702], [-83.50265, 8.85702], [-83.50256, 8.85701], [-83.50246, 8.85701], [-83.50235, 8.85702], [-83.50224, 8.85703], [-83.50217, 8.85703], [-83.50208, 8.85702], [-83.50197, 8.85702], [-83.5019, 8.85702], [-83.50182, 8.85702], [-83.50175, 8.85702], [-83.50166, 8.85701], [-83.50157, 8.85701], [-83.50147, 8.85701], [-83.50137, 8.85702], [-83.50128, 8.85702], [-83.50118, 8.85703], [-83.50103, 8.85704], [-83.50083, 8.85705], [-83.50073, 8.85705], [-83.50063, 8.85704], [-83.50053, 8.85702], [-83.50047, 8.85702], [-83.50041, 8.85704], [-83.50035, 8.85705], [-83.50025, 8.85706], [-83.50016, 8.85706], [-83.5001, 8.85705], [-83.50005, 8.85705], [-83.5, 8.85705], [-83.49993, 8.85705], [-83.49981, 8.85703], [-83.49974, 8.85703], [-83.49966, 8.85702], [-83.49955, 8.85703], [-83.49942, 8.85703], [-83.49927, 8.85705], [-83.49913, 8.85705], [-83.499, 8.85706], [-83.49882, 8.85706], [-83.4987, 8.85707], [-83.49856, 8.85707], [-83.49839, 8.85707], [-83.49826, 8.85707], [-83.49809, 8.85706], [-83.49806, 8.85706], [-83.49792, 8.85706], [-83.49763, 8.85703], [-83.49752, 8.85702], [-83.4974, 8.85701], [-83.49723, 8.85698], [-83.49712, 8.85695], [-83.49699, 8.8569], [-83.49685, 8.85683], [-83.49669, 8.85676], [-83.49657, 8.85671], [-83.49651, 8.85668], [-83.4964, 8.85661], [-83.49631, 8.85654], [-83.49625, 8.85647], [-83.49618, 8.85639], [-83.4961, 8.8563], [-83.49605, 8.85623], [-83.49601, 8.85616], [-83.49598, 8.85611], [-83.49592, 8.85603], [-83.49586, 8.85594], [-83.4958, 8.85583], [-83.49575, 8.85576], [-83.4957, 8.85569], [-83.4957, 8.85566], [-83.4957, 8.85564], [-83.4957, 8.85562], [-83.49566, 8.85558], [-83.49563, 8.85555], [-83.49558, 8.85552], [-83.49552, 8.85547], [-83.49545, 8.85542], [-83.49538, 8.85537], [-83.49535, 8.85535], [-83.49529, 8.85533], [-83.49523, 8.85531], [-83.49513, 8.85529], [-83.49505, 8.85528], [-83.49496, 8.85525], [-83.49491, 8.85523], [-83.49485, 8.8552], [-83.4948, 8.85515], [-83.49476, 8.8551], [-83.49474, 8.85507], [-83.49471, 8.85504], [-83.49468, 8.85503], [-83.49463, 8.85503], [-83.49459, 8.85503], [-83.49454, 8.85502], [-83.49452, 8.85501], [-83.49449, 8.855], [-83.49444, 8.85499], [-83.49437, 8.85497], [-83.49433, 8.85494], [-83.4943, 8.85492], [-83.49427, 8.8549], [-83.49421, 8.85488], [-83.49416, 8.85488], [-83.49408, 8.85486], [-83.49405, 8.85485], [-83.494, 8.85482], [-83.49393, 8.8548], [-83.49383, 8.85476], [-83.49374, 8.85474], [-83.4937, 8.85472], [-83.49361, 8.85468], [-83.49353, 8.85465], [-83.49347, 8.85462], [-83.49343, 8.85459], [-83.49325, 8.85463], [-83.49325, 8.85464], [-83.49325, 8.85465], [-83.49323, 8.85467], [-83.49318, 8.85468], [-83.49313, 8.85469], [-83.4931, 8.8547], [-83.49306, 8.8547], [-83.49301, 8.85469], [-83.49296, 8.85468], [-83.49291, 8.85468], [-83.49286, 8.85468], [-83.4928, 8.85469], [-83.49273, 8.85471], [-83.49266, 8.85473], [-83.49258, 8.85475], [-83.49254, 8.85476], [-83.49249, 8.85477], [-83.49243, 8.85478], [-83.49235, 8.8548], [-83.49231, 8.85481], [-83.49204, 8.85489], [-83.49193, 8.8549], [-83.49187, 8.85493], [-83.4918, 8.85496], [-83.49172, 8.85501], [-83.49166, 8.85504], [-83.49159, 8.85505], [-83.49157, 8.85506], [-83.49153, 8.85506], [-83.49149, 8.85506], [-83.49145, 8.85509], [-83.49141, 8.85513], [-83.49135, 8.85519], [-83.49132, 8.85522], [-83.49128, 8.85525], [-83.49125, 8.85527], [-83.49121, 8.8553], [-83.49116, 8.85532], [-83.4911, 8.85536], [-83.49107, 8.85537], [-83.49103, 8.85539], [-83.49098, 8.85542], [-83.49094, 8.85545], [-83.49087, 8.85548], [-83.49085, 8.8555], [-83.49081, 8.85551], [-83.49077, 8.85553], [-83.49066, 8.85564], [-83.4906, 8.85568], [-83.49055, 8.85571], [-83.49052, 8.85574], [-83.49048, 8.85577], [-83.49043, 8.8558], [-83.49038, 8.85584], [-83.49033, 8.85587], [-83.49025, 8.85594], [-83.49021, 8.85598], [-83.49019, 8.85603], [-83.49016, 8.85606], [-83.49011, 8.85609], [-83.49005, 8.85614], [-83.48999, 8.8562], [-83.48996, 8.85626], [-83.48993, 8.8563], [-83.4899, 8.85633], [-83.48986, 8.85636], [-83.48984, 8.8564], [-83.48983, 8.85647], [-83.48982, 8.85653], [-83.48981, 8.8566], [-83.4898, 8.85667], [-83.48976, 8.85672], [-83.48969, 8.85678], [-83.48962, 8.85686], [-83.48957, 8.85693], [-83.48955, 8.85697], [-83.48953, 8.857], [-83.4895, 8.85706], [-83.48944, 8.85715], [-83.48937, 8.85724], [-83.48931, 8.85728], [-83.48926, 8.85729], [-83.48922, 8.85728], [-83.48921, 8.85726], [-83.48921, 8.85724], [-83.48921, 8.85722], [-83.48922, 8.85717], [-83.48924, 8.85712], [-83.48927, 8.85706], [-83.4893, 8.857], [-83.48932, 8.85694], [-83.48934, 8.85689], [-83.48934, 8.85686], [-83.48934, 8.85681], [-83.48933, 8.85677], [-83.48933, 8.85675], [-83.48932, 8.8567], [-83.48932, 8.85666], [-83.48931, 8.85661], [-83.48929, 8.85656], [-83.4892, 8.85647], [-83.48912, 8.85641], [-83.48897, 8.85636], [-83.48889, 8.85635], [-83.48876, 8.85635], [-83.48865, 8.85635], [-83.48855, 8.85636], [-83.48848, 8.85636], [-83.4884, 8.85635], [-83.48831, 8.85633], [-83.48822, 8.8563], [-83.48814, 8.85627], [-83.48808, 8.85625], [-83.488, 8.85625], [-83.48794, 8.85626], [-83.48783, 8.85629], [-83.48778, 8.85631], [-83.48769, 8.85633], [-83.48763, 8.85635], [-83.48753, 8.85641], [-83.48749, 8.85645], [-83.48746, 8.85647], [-83.48742, 8.85649], [-83.48738, 8.8565], [-83.48733, 8.85652], [-83.48726, 8.85653], [-83.48718, 8.85656], [-83.4871, 8.85658], [-83.48704, 8.8566], [-83.48697, 8.85662], [-83.48691, 8.85665], [-83.48681, 8.8567], [-83.48676, 8.85672], [-83.48673, 8.85674], [-83.48668, 8.85676], [-83.48661, 8.85677], [-83.48649, 8.85679], [-83.4864, 8.8568], [-83.4863, 8.85682], [-83.48621, 8.85685], [-83.48614, 8.85687], [-83.48608, 8.85689], [-83.486, 8.85692], [-83.48593, 8.85695], [-83.48585, 8.85698], [-83.48579, 8.857], [-83.48573, 8.85702], [-83.48568, 8.85705], [-83.48562, 8.8571], [-83.48555, 8.85716], [-83.48551, 8.8572], [-83.48547, 8.85723], [-83.48542, 8.85726], [-83.48538, 8.85729], [-83.48534, 8.85731], [-83.4853, 8.85733], [-83.48525, 8.85738], [-83.48521, 8.85743], [-83.48516, 8.85748], [-83.48512, 8.85753], [-83.4851, 8.85758], [-83.48508, 8.85762], [-83.48505, 8.85766], [-83.48503, 8.85773], [-83.485, 8.85778], [-83.48499, 8.85781], [-83.48497, 8.85785], [-83.48496, 8.85789], [-83.48494, 8.85796], [-83.48492, 8.85803], [-83.48491, 8.85811], [-83.4849, 8.85818], [-83.48489, 8.85824], [-83.48487, 8.85828], [-83.48487, 8.85833], [-83.48486, 8.85837], [-83.48486, 8.85844], [-83.48484, 8.85849], [-83.48483, 8.85854], [-83.48483, 8.85859], [-83.48481, 8.85867], [-83.4848, 8.8587], [-83.4848, 8.85874], [-83.48479, 8.85878], [-83.48479, 8.85884], [-83.48478, 8.85887], [-83.48478, 8.85891], [-83.48479, 8.85895], [-83.48479, 8.85897], [-83.48479, 8.85897], [-83.48479, 8.85901], [-83.4848, 8.85904], [-83.48481, 8.85909], [-83.48482, 8.85913], [-83.48482, 8.85917], [-83.48482, 8.85921], [-83.48482, 8.85924], [-83.48483, 8.8593], [-83.48483, 8.85936], [-83.48485, 8.85946], [-83.48486, 8.85968], [-83.48486, 8.85973], [-83.48488, 8.85979], [-83.48489, 8.85984], [-83.48489, 8.85992], [-83.4849, 8.85998], [-83.48492, 8.86006], [-83.48492, 8.86012], [-83.48492, 8.86015], [-83.48494, 8.8602], [-83.48495, 8.86024], [-83.48498, 8.86032], [-83.485, 8.86037], [-83.48501, 8.86043], [-83.48502, 8.86048], [-83.48502, 8.86054], [-83.48503, 8.8606], [-83.48504, 8.86064], [-83.48506, 8.8607], [-83.48508, 8.86075], [-83.48509, 8.8608], [-83.48511, 8.86086], [-83.48514, 8.86095], [-83.48517, 8.86102], [-83.48528, 8.86125], [-83.48535, 8.86137], [-83.4854, 8.86146], [-83.48544, 8.86153], [-83.48547, 8.86158], [-83.48551, 8.86165], [-83.48559, 8.86173], [-83.48568, 8.86182], [-83.48578, 8.86193], [-83.48587, 8.86203], [-83.48595, 8.86211], [-83.486, 8.86218], [-83.48608, 8.86228], [-83.48617, 8.86239], [-83.48627, 8.8625], [-83.48636, 8.86261], [-83.48645, 8.86272], [-83.48652, 8.86279], [-83.48658, 8.86284], [-83.48666, 8.86291], [-83.48675, 8.86296], [-83.4868, 8.863], [-83.48684, 8.86305], [-83.48688, 8.86311], [-83.48693, 8.86316], [-83.48699, 8.8632], [-83.48701, 8.86321], [-83.48707, 8.86326], [-83.48713, 8.86329], [-83.4872, 8.86333], [-83.48726, 8.86338], [-83.48732, 8.86342], [-83.4874, 8.86348], [-83.4875, 8.86354], [-83.48758, 8.86358], [-83.48766, 8.86361], [-83.48776, 8.86363], [-83.48785, 8.86366], [-83.48797, 8.86371], [-83.4881, 8.86375], [-83.48817, 8.86377], [-83.48827, 8.86383], [-83.48836, 8.86388], [-83.48844, 8.8639], [-83.48854, 8.86392], [-83.48864, 8.86392], [-83.48872, 8.86392], [-83.48881, 8.86392], [-83.48887, 8.86393], [-83.48895, 8.86395], [-83.48904, 8.86396], [-83.48917, 8.86401], [-83.4893, 8.86404], [-83.48935, 8.86404], [-83.48944, 8.86409], [-83.48952, 8.86413], [-83.48965, 8.86417], [-83.48977, 8.8642], [-83.48993, 8.86421], [-83.48999, 8.86421], [-83.49006, 8.86418], [-83.49013, 8.86416], [-83.49017, 8.86416], [-83.4902, 8.86418], [-83.49021, 8.8642], [-83.49021, 8.86422], [-83.49021, 8.86429], [-83.4902, 8.86435], [-83.49017, 8.86441], [-83.49015, 8.86449], [-83.49013, 8.86457], [-83.49011, 8.86464], [-83.49009, 8.8647], [-83.49003, 8.86478], [-83.48994, 8.86488], [-83.48987, 8.86499], [-83.48982, 8.86509], [-83.48976, 8.8652], [-83.48966, 8.86532], [-83.48958, 8.86539], [-83.48947, 8.86546], [-83.48938, 8.86552], [-83.48924, 8.86566], [-83.48921, 8.86569], [-83.48915, 8.86573], [-83.4891, 8.86576], [-83.48906, 8.86578], [-83.489, 8.86583], [-83.48895, 8.86586], [-83.48891, 8.86591], [-83.48887, 8.86595], [-83.48882, 8.86601], [-83.48876, 8.86604], [-83.48871, 8.86606], [-83.48869, 8.86608], [-83.48865, 8.86612], [-83.4886, 8.86616], [-83.48855, 8.86617], [-83.48849, 8.86618], [-83.48845, 8.86619], [-83.4884, 8.86622], [-83.48838, 8.86625], [-83.48835, 8.86629], [-83.48833, 8.86633], [-83.48833, 8.86635], [-83.48832, 8.86638], [-83.48829, 8.86641], [-83.48826, 8.86642], [-83.48822, 8.86643], [-83.48818, 8.86643], [-83.48812, 8.86645], [-83.48806, 8.86647], [-83.48803, 8.8665], [-83.48801, 8.86654], [-83.48801, 8.86657], [-83.48799, 8.86662], [-83.48797, 8.86666], [-83.48796, 8.86667], [-83.48794, 8.8667], [-83.48789, 8.86675], [-83.48786, 8.86678], [-83.48783, 8.8668], [-83.48779, 8.86682], [-83.48774, 8.86684], [-83.48769, 8.86686], [-83.48766, 8.86687], [-83.48763, 8.86688], [-83.4876, 8.86689], [-83.48757, 8.86691], [-83.48753, 8.86696], [-83.48749, 8.867], [-83.48747, 8.86705], [-83.48744, 8.86708], [-83.48742, 8.86712], [-83.4874, 8.86715], [-83.48736, 8.86721], [-83.48732, 8.86728], [-83.48727, 8.86735], [-83.48713, 8.86749], [-83.48707, 8.86754], [-83.487, 8.86761], [-83.48693, 8.86767], [-83.48689, 8.86772], [-83.48688, 8.86773], [-83.48683, 8.86779], [-83.48674, 8.86791], [-83.48667, 8.86801], [-83.48661, 8.86814], [-83.48659, 8.86822], [-83.48654, 8.8683], [-83.48649, 8.86838], [-83.48645, 8.86843], [-83.48639, 8.86849], [-83.48633, 8.86857], [-83.48628, 8.86865], [-83.48624, 8.86872], [-83.48619, 8.86879], [-83.48614, 8.86886], [-83.48608, 8.86895], [-83.48605, 8.86898], [-83.48578, 8.86934], [-83.48572, 8.86942], [-83.4856, 8.86955], [-83.48555, 8.8696], [-83.48547, 8.86966], [-83.48537, 8.86974], [-83.48524, 8.86984], [-83.48515, 8.86991], [-83.48502, 8.87002], [-83.48492, 8.87009], [-83.48481, 8.87018], [-83.4847, 8.87026], [-83.48453, 8.87037], [-83.48431, 8.87048], [-83.48404, 8.87058], [-83.4839, 8.87063], [-83.48377, 8.87066], [-83.48365, 8.87069], [-83.48352, 8.87072], [-83.48342, 8.87074], [-83.48322, 8.87078], [-83.48289, 8.87083], [-83.48282, 8.87084], [-83.48265, 8.87088], [-83.48232, 8.87092], [-83.48219, 8.87094], [-83.48207, 8.87095], [-83.48165, 8.87096], [-83.48106, 8.87096], [-83.48074, 8.87095], [-83.48027, 8.87096], [-83.4802, 8.87096], [-83.48008, 8.87096], [-83.48, 8.87097], [-83.47988, 8.87097], [-83.47981, 8.87097], [-83.47977, 8.87097], [-83.47971, 8.87096], [-83.47961, 8.87095], [-83.47951, 8.87093], [-83.47945, 8.87092], [-83.47934, 8.8709], [-83.47921, 8.87089], [-83.47896, 8.87085], [-83.47867, 8.8708], [-83.47848, 8.87074], [-83.47835, 8.87068], [-83.47827, 8.87065], [-83.47819, 8.87062], [-83.47813, 8.8706], [-83.47805, 8.87058], [-83.47798, 8.87056], [-83.4779, 8.87054], [-83.47782, 8.87051], [-83.47776, 8.87049], [-83.47771, 8.87047], [-83.47764, 8.87044], [-83.47756, 8.87041], [-83.47749, 8.87038], [-83.47746, 8.87035], [-83.47739, 8.8703], [-83.47732, 8.87027], [-83.47726, 8.87023], [-83.47722, 8.87021], [-83.47715, 8.87017], [-83.47707, 8.87011], [-83.477, 8.87004], [-83.47693, 8.86998], [-83.47686, 8.86992], [-83.4768, 8.86986], [-83.47677, 8.86983], [-83.47676, 8.86982], [-83.47674, 8.86979], [-83.47672, 8.86976], [-83.4767, 8.86974], [-83.47653, 8.86966], [-83.47649, 8.86962], [-83.47642, 8.86957], [-83.47637, 8.86953], [-83.47632, 8.86948], [-83.47628, 8.86944], [-83.47626, 8.86941], [-83.47623, 8.86938], [-83.47619, 8.86934], [-83.47611, 8.86924], [-83.47605, 8.86919], [-83.47601, 8.86916], [-83.47599, 8.86913], [-83.47596, 8.86909], [-83.47591, 8.86904], [-83.47586, 8.86899], [-83.47583, 8.86896], [-83.47578, 8.8689], [-83.47574, 8.86886], [-83.4757, 8.86883], [-83.47568, 8.8688], [-83.47564, 8.86877], [-83.47558, 8.86871], [-83.47549, 8.86861], [-83.47547, 8.86859], [-83.47544, 8.86855], [-83.47541, 8.86851], [-83.47539, 8.86848], [-83.47538, 8.86844], [-83.47537, 8.86841], [-83.47536, 8.86838], [-83.47536, 8.86836], [-83.47536, 8.86833], [-83.47537, 8.8683], [-83.47537, 8.86829], [-83.47537, 8.86828], [-83.47537, 8.86826], [-83.47528, 8.86812], [-83.47514, 8.86795], [-83.47513, 8.86793], [-83.47509, 8.8679], [-83.47505, 8.86786], [-83.47502, 8.86782], [-83.475, 8.8678], [-83.47498, 8.86778], [-83.47496, 8.86775], [-83.47493, 8.86771], [-83.4749, 8.86767], [-83.47487, 8.86764], [-83.47483, 8.86759], [-83.47481, 8.86756], [-83.4748, 8.86755], [-83.47476, 8.86748], [-83.47464, 8.86719], [-83.47451, 8.86679], [-83.47447, 8.86667], [-83.47443, 8.86654], [-83.47435, 8.86634], [-83.47433, 8.86627], [-83.47432, 8.86626], [-83.47433, 8.86623], [-83.47433, 8.8662], [-83.47433, 8.86618], [-83.47432, 8.86609], [-83.47428, 8.86592], [-83.47425, 8.86573], [-83.47421, 8.86553], [-83.47419, 8.86537], [-83.47418, 8.8653], [-83.47418, 8.86523], [-83.47416, 8.86517], [-83.47416, 8.86512], [-83.47417, 8.86507], [-83.47417, 8.86502], [-83.47419, 8.86497], [-83.4742, 8.86492], [-83.47421, 8.8649], [-83.47422, 8.86484], [-83.47423, 8.86478], [-83.47423, 8.86472], [-83.47425, 8.86466], [-83.47426, 8.8646], [-83.47427, 8.86445], [-83.47427, 8.86441], [-83.47427, 8.86437], [-83.47428, 8.86432], [-83.47428, 8.86429], [-83.47428, 8.86425], [-83.47427, 8.86419], [-83.47426, 8.86413], [-83.47426, 8.8641], [-83.47427, 8.86405], [-83.47428, 8.86401], [-83.47429, 8.86397], [-83.4743, 8.86391], [-83.4743, 8.86384], [-83.47432, 8.86373], [-83.47435, 8.86352], [-83.47436, 8.86344], [-83.47437, 8.86338], [-83.47438, 8.86332], [-83.47438, 8.86325], [-83.47438, 8.8632], [-83.47439, 8.86313], [-83.47442, 8.86297], [-83.47446, 8.86287], [-83.47446, 8.86282], [-83.47446, 8.86277], [-83.47445, 8.86274], [-83.47444, 8.86268], [-83.47443, 8.86264], [-83.47443, 8.86258], [-83.47442, 8.86253], [-83.47442, 8.86247], [-83.47441, 8.86241], [-83.47441, 8.86238], [-83.47441, 8.86231], [-83.47442, 8.86223], [-83.47442, 8.86217], [-83.47443, 8.86206], [-83.47447, 8.86187], [-83.47453, 8.86169], [-83.47462, 8.86141], [-83.47475, 8.86098], [-83.47477, 8.86091], [-83.47481, 8.86078], [-83.47486, 8.86067], [-83.47489, 8.86059], [-83.47494, 8.8604], [-83.47496, 8.86028], [-83.47499, 8.86016], [-83.475, 8.86008], [-83.475, 8.85827], [-83.475, 8.85826], [-83.47499, 8.85822], [-83.47498, 8.85816], [-83.47497, 8.85812], [-83.47496, 8.85808], [-83.47495, 8.85804], [-83.47494, 8.858], [-83.47492, 8.85797], [-83.47492, 8.85796], [-83.4749, 8.85794], [-83.47488, 8.8579], [-83.47484, 8.85781], [-83.47482, 8.85775], [-83.47478, 8.85767], [-83.47476, 8.85761], [-83.47473, 8.85755], [-83.4747, 8.85752], [-83.47467, 8.85747], [-83.47465, 8.85742], [-83.47462, 8.85737], [-83.47458, 8.8573], [-83.47455, 8.85727], [-83.47454, 8.85724], [-83.47451, 8.85721], [-83.47449, 8.85717], [-83.47447, 8.85714], [-83.47446, 8.85711], [-83.47444, 8.85708], [-83.47442, 8.85703], [-83.47439, 8.857], [-83.47434, 8.85694], [-83.47429, 8.85689], [-83.47427, 8.85687], [-83.47421, 8.85682], [-83.47416, 8.85679], [-83.47413, 8.85676], [-83.47407, 8.85673], [-83.47401, 8.8567], [-83.47393, 8.85666], [-83.47387, 8.85663], [-83.47382, 8.85662], [-83.47376, 8.85661], [-83.47373, 8.8566], [-83.47367, 8.8566], [-83.47363, 8.85659], [-83.47356, 8.85659], [-83.47351, 8.85658], [-83.47346, 8.85657], [-83.47339, 8.85656], [-83.47331, 8.85656], [-83.47325, 8.85656], [-83.47317, 8.85655], [-83.47307, 8.85654], [-83.47299, 8.85654], [-83.47291, 8.85655], [-83.47285, 8.85656], [-83.47279, 8.85658], [-83.47267, 8.8566], [-83.47259, 8.85661], [-83.47253, 8.85663], [-83.47247, 8.85665], [-83.47233, 8.85675], [-83.47228, 8.8568], [-83.47222, 8.85684], [-83.47213, 8.85689], [-83.47208, 8.85692], [-83.47199, 8.85697], [-83.47191, 8.85701], [-83.47185, 8.85703], [-83.4718, 8.85705], [-83.47173, 8.85707], [-83.4717, 8.85709], [-83.47166, 8.85711], [-83.47162, 8.85715], [-83.47158, 8.85718], [-83.47153, 8.85723], [-83.47149, 8.85726], [-83.47145, 8.85729], [-83.47142, 8.85731], [-83.4714, 8.85733], [-83.47137, 8.85738], [-83.47135, 8.85741], [-83.47133, 8.85743], [-83.47131, 8.85745], [-83.47129, 8.85747], [-83.47126, 8.85749], [-83.47123, 8.85754], [-83.47119, 8.85759], [-83.47115, 8.85762], [-83.47112, 8.85767], [-83.47109, 8.85771], [-83.47105, 8.85775], [-83.47099, 8.85779], [-83.47094, 8.85782], [-83.4709, 8.85784], [-83.47084, 8.85787], [-83.47079, 8.85792], [-83.47074, 8.85795], [-83.47066, 8.85799], [-83.47061, 8.85801], [-83.47054, 8.85803], [-83.47047, 8.85804], [-83.47044, 8.85804], [-83.47039, 8.85804], [-83.47031, 8.85804], [-83.47022, 8.85803], [-83.47014, 8.85802], [-83.47009, 8.85801], [-83.47002, 8.85801], [-83.46996, 8.85801], [-83.46991, 8.858], [-83.46986, 8.85801], [-83.46981, 8.85801], [-83.46979, 8.85802], [-83.46978, 8.85802], [-83.46973, 8.85804], [-83.4696, 8.85807], [-83.46944, 8.85796], [-83.46931, 8.85789], [-83.46923, 8.85785], [-83.46918, 8.85783], [-83.46905, 8.85775], [-83.46894, 8.85766], [-83.46889, 8.85756], [-83.46888, 8.85747], [-83.46891, 8.85704], [-83.46896, 8.85683], [-83.469, 8.85669], [-83.46902, 8.85658], [-83.46895, 8.85616], [-83.46892, 8.85602], [-83.46886, 8.85588], [-83.46877, 8.85573], [-83.46865, 8.85558], [-83.46852, 8.85544], [-83.46833, 8.85528], [-83.46817, 8.85515], [-83.46795, 8.85503], [-83.4674, 8.85481], [-83.46646, 8.85464], [-83.46637, 8.85463], [-83.4663, 8.85463], [-83.46617, 8.85467], [-83.46574, 8.85479], [-83.46528, 8.85487], [-83.46514, 8.85487], [-83.4651, 8.85487], [-83.46488, 8.85485], [-83.46466, 8.85482], [-83.4645, 8.8548], [-83.46437, 8.85481], [-83.46425, 8.85483], [-83.46415, 8.85486], [-83.46401, 8.85492], [-83.46394, 8.85496], [-83.46388, 8.85499], [-83.46375, 8.85505], [-83.46355, 8.85514], [-83.4634, 8.85524], [-83.46315, 8.85533], [-83.46306, 8.85536], [-83.46291, 8.85543], [-83.4628, 8.85549], [-83.46268, 8.85557], [-83.46255, 8.85565], [-83.46238, 8.85575], [-83.46216, 8.85585], [-83.46208, 8.85586], [-83.46195, 8.8559], [-83.46176, 8.85593], [-83.46159, 8.85595], [-83.46137, 8.85592], [-83.46117, 8.85588], [-83.46093, 8.85581], [-83.4607, 8.8557], [-83.46051, 8.85559], [-83.46039, 8.85552], [-83.46025, 8.85541], [-83.46021, 8.85538], [-83.45996, 8.85514], [-83.45974, 8.85494], [-83.45949, 8.85469], [-83.45935, 8.85454], [-83.45913, 8.85432], [-83.45871, 8.85387], [-83.45842, 8.85367], [-83.45825, 8.85353], [-83.45807, 8.85339], [-83.45791, 8.85328], [-83.45768, 8.85311], [-83.45746, 8.85296], [-83.45721, 8.85283], [-83.45699, 8.8527], [-83.45677, 8.85258], [-83.45653, 8.8525], [-83.45641, 8.85246], [-83.45628, 8.85246], [-83.45613, 8.85246], [-83.45594, 8.85248], [-83.45568, 8.85249], [-83.45544, 8.85251], [-83.45513, 8.85255], [-83.45478, 8.85256], [-83.45425, 8.8526], [-83.45415, 8.85261], [-83.45407, 8.85262], [-83.45396, 8.85262], [-83.45343, 8.85269], [-83.45332, 8.85275], [-83.45323, 8.8528], [-83.45319, 8.85284], [-83.45316, 8.85289], [-83.45308, 8.85311], [-83.4529, 8.85343], [-83.45283, 8.85357], [-83.45276, 8.85368], [-83.4527, 8.8538], [-83.45262, 8.85398], [-83.45241, 8.85444], [-83.45231, 8.85462], [-83.45226, 8.8547], [-83.4522, 8.85481], [-83.45191, 8.85558], [-83.4517, 8.85621], [-83.4516, 8.85643], [-83.45145, 8.85674], [-83.45139, 8.85682], [-83.45133, 8.85688], [-83.45128, 8.85693], [-83.4512, 8.85697], [-83.45111, 8.85701], [-83.45104, 8.85705], [-83.45092, 8.85707], [-83.45038, 8.85712], [-83.45017, 8.85711], [-83.45005, 8.8571], [-83.45, 8.8571], [-83.44993, 8.85709], [-83.44982, 8.85707], [-83.44954, 8.85704], [-83.44905, 8.85694], [-83.44885, 8.85688], [-83.44871, 8.85684], [-83.44854, 8.85676], [-83.44837, 8.85667], [-83.44821, 8.85658], [-83.44803, 8.85645], [-83.44781, 8.85629], [-83.44729, 8.85583], [-83.44712, 8.85571], [-83.44698, 8.85559], [-83.44685, 8.85548], [-83.44674, 8.8554], [-83.44664, 8.85533], [-83.44659, 8.85527], [-83.44654, 8.85521], [-83.44648, 8.85516], [-83.44638, 8.8551], [-83.44628, 8.85506], [-83.4462, 8.85502], [-83.4458, 8.85483], [-83.44571, 8.85479], [-83.44559, 8.85472], [-83.44547, 8.85467], [-83.44534, 8.85462], [-83.4452, 8.85457], [-83.44503, 8.85451], [-83.44489, 8.85447], [-83.44476, 8.85443], [-83.44449, 8.85436], [-83.4443, 8.8543], [-83.44412, 8.85425], [-83.44396, 8.85422], [-83.4435, 8.85419], [-83.44329, 8.85418], [-83.44311, 8.85416], [-83.44291, 8.85412], [-83.44265, 8.85406], [-83.44245, 8.85403], [-83.44225, 8.85399], [-83.44208, 8.85396], [-83.44196, 8.85392], [-83.44176, 8.85381], [-83.44154, 8.85369], [-83.44142, 8.85358], [-83.4413, 8.85347], [-83.44112, 8.85327], [-83.44102, 8.85313], [-83.44092, 8.85297], [-83.4408, 8.85277], [-83.44071, 8.8526], [-83.44067, 8.85248], [-83.44063, 8.85232], [-83.44058, 8.85212], [-83.44056, 8.85194], [-83.44053, 8.85176], [-83.44052, 8.85135], [-83.44054, 8.85116], [-83.44055, 8.85103], [-83.44057, 8.85092], [-83.44059, 8.85079], [-83.4406, 8.85067], [-83.44059, 8.85055], [-83.44058, 8.85039], [-83.44054, 8.85], [-83.4405, 8.84958], [-83.44048, 8.84943], [-83.44046, 8.84928], [-83.44045, 8.84914], [-83.44045, 8.84906], [-83.44044, 8.84898], [-83.44042, 8.84883], [-83.44039, 8.84868], [-83.44028, 8.84822], [-83.44024, 8.8481], [-83.44016, 8.84796], [-83.44009, 8.84784], [-83.43999, 8.8477], [-83.43988, 8.84757], [-83.43976, 8.84745], [-83.43966, 8.84736], [-83.43946, 8.84723], [-83.43932, 8.84715]]], [[[-83.43932, 8.84715], [-83.44993, 8.84593], [-83.44994, 8.84581], [-83.44995, 8.84572], [-83.45, 8.84563], [-83.45, 8.84563], [-83.45, 8.84563], [-83.45011, 8.84552], [-83.45021, 8.84542], [-83.45031, 8.84533], [-83.45043, 8.84526], [-83.45078, 8.84509], [-83.45119, 8.84501], [-83.45141, 8.84493], [-83.45152, 8.84488], [-83.45162, 8.84481], [-83.4517, 8.84474], [-83.45176, 8.84468], [-83.45192, 8.84451], [-83.45201, 8.84437], [-83.45205, 8.84425], [-83.45207, 8.84413], [-83.4521, 8.84397], [-83.45212, 8.84383], [-83.45213, 8.84375], [-83.45213, 8.84366], [-83.45213, 8.84353], [-83.45215, 8.84342], [-83.45219, 8.84329], [-83.45222, 8.84318], [-83.45224, 8.84305], [-83.45232, 8.84264], [-83.45231, 8.84256], [-83.4523, 8.8424], [-83.45228, 8.84229], [-83.45225, 8.84217], [-83.45221, 8.84208], [-83.45205, 8.84189], [-83.45194, 8.84176], [-83.45187, 8.84171], [-83.45186, 8.8417], [-83.4518, 8.84166], [-83.45165, 8.84158], [-83.4515, 8.84153], [-83.4513, 8.84146], [-83.4511, 8.84137], [-83.45087, 8.84123], [-83.45074, 8.84114], [-83.45064, 8.84107], [-83.45051, 8.84095], [-83.45027, 8.84078], [-83.4502, 8.84071], [-83.45012, 8.84062], [-83.45006, 8.84054], [-83.45, 8.84044], [-83.45, 8.84044], [-83.45, 8.84043], [-83.44999, 8.84042], [-83.44993, 8.84027], [-83.44981, 8.84001], [-83.44952, 8.83944], [-83.44935, 8.83921], [-83.44933, 8.83918], [-83.44917, 8.83896], [-83.44898, 8.83878], [-83.44885, 8.83865], [-83.44873, 8.83852], [-83.44865, 8.8384], [-83.44858, 8.83824], [-83.44843, 8.83777], [-83.44828, 8.83732], [-83.44824, 8.83721], [-83.44815, 8.83696], [-83.44796, 8.83642], [-83.44789, 8.83628], [-83.44779, 8.83618], [-83.44764, 8.83604], [-83.44747, 8.83592], [-83.44715, 8.83564], [-83.44682, 8.83541], [-83.44658, 8.83525], [-83.44637, 8.83514], [-83.44622, 8.83508], [-83.44604, 8.83505], [-83.44594, 8.83506], [-83.44584, 8.83509], [-83.44574, 8.83513], [-83.44562, 8.83517], [-83.44553, 8.8352], [-83.44544, 8.83522], [-83.44534, 8.83522], [-83.44527, 8.83521], [-83.4452, 8.83519], [-83.44511, 8.83515], [-83.44505, 8.83509], [-83.44498, 8.835], [-83.44495, 8.83494], [-83.44493, 8.83487], [-83.44491, 8.83481], [-83.44492, 8.83473], [-83.44492, 8.83473], [-83.44492, 8.83468], [-83.44495, 8.83462], [-83.44502, 8.83449], [-83.44539, 8.83398], [-83.44562, 8.83362], [-83.44566, 8.83352], [-83.44567, 8.83346], [-83.44568, 8.83336], [-83.44567, 8.83333], [-83.44565, 8.83327], [-83.44559, 8.83315], [-83.44552, 8.83303], [-83.4454, 8.83289], [-83.44528, 8.83279], [-83.44518, 8.83275], [-83.44508, 8.83272], [-83.44499, 8.83272], [-83.4449, 8.83269], [-83.44479, 8.83265], [-83.44472, 8.8326], [-83.44465, 8.83254], [-83.44457, 8.83245], [-83.44452, 8.83238], [-83.44452, 8.83238], [-83.44451, 8.83233], [-83.44451, 8.83226], [-83.44454, 8.83213], [-83.44461, 8.83186], [-83.44467, 8.83175], [-83.44474, 8.83164], [-83.4448, 8.83156], [-83.44486, 8.83152], [-83.44494, 8.83148], [-83.44505, 8.83148], [-83.44521, 8.83154], [-83.44531, 8.8316], [-83.44558, 8.83183], [-83.44588, 8.8321], [-83.44637, 8.83254], [-83.4466, 8.83274], [-83.44729, 8.83333], [-83.4473, 8.83333], [-83.44746, 8.83348], [-83.4476, 8.83357], [-83.44769, 8.83362], [-83.44774, 8.83363], [-83.4478, 8.83363], [-83.44787, 8.83362], [-83.44797, 8.83359], [-83.44806, 8.83354], [-83.44813, 8.83349], [-83.44816, 8.83345], [-83.4482, 8.83338], [-83.44821, 8.83333], [-83.44823, 8.83326], [-83.44825, 8.83313], [-83.44827, 8.83298], [-83.44831, 8.83253], [-83.44834, 8.83237], [-83.44837, 8.83228], [-83.44841, 8.83222], [-83.44844, 8.83216], [-83.44847, 8.83213], [-83.44851, 8.83211], [-83.44859, 8.83212], [-83.44866, 8.83216], [-83.44874, 8.83224], [-83.44883, 8.83231], [-83.44895, 8.83237], [-83.44914, 8.83245], [-83.44924, 8.83249], [-83.44955, 8.83263], [-83.45, 8.83284], [-83.45, 8.83284], [-83.45, 8.83284], [-83.45045, 8.83305], [-83.45092, 8.83322], [-83.45096, 8.83323], [-83.4512, 8.8333], [-83.45128, 8.83333], [-83.45138, 8.83337], [-83.45149, 8.83344], [-83.45155, 8.8335], [-83.45156, 8.83366], [-83.45158, 8.83373], [-83.45161, 8.83379], [-83.45167, 8.83384], [-83.45192, 8.83411], [-83.45199, 8.83413], [-83.45202, 8.83413], [-83.45206, 8.83412], [-83.45222, 8.83435], [-83.4524, 8.83452], [-83.45248, 8.83459], [-83.45262, 8.83467], [-83.45275, 8.83472], [-83.45288, 8.83477], [-83.45298, 8.83483], [-83.45301, 8.83488], [-83.45304, 8.83495], [-83.45313, 8.83505], [-83.45357, 8.83544], [-83.45371, 8.83557], [-83.454, 8.83578], [-83.45407, 8.83582], [-83.45416, 8.83588], [-83.45433, 8.83597], [-83.4545, 8.83604], [-83.45465, 8.83609], [-83.45484, 8.83615], [-83.45507, 8.83622], [-83.4552, 8.83622], [-83.45536, 8.83623], [-83.45563, 8.8362], [-83.45568, 8.83619], [-83.45575, 8.83616], [-83.45581, 8.83612], [-83.45584, 8.8361], [-83.45588, 8.83608], [-83.45593, 8.83607], [-83.456, 8.83605], [-83.45603, 8.83604], [-83.45614, 8.83596], [-83.4562, 8.83591], [-83.45624, 8.83589], [-83.45627, 8.83588], [-83.45631, 8.83586], [-83.45633, 8.83585], [-83.45635, 8.83582], [-83.45638, 8.83579], [-83.45642, 8.83576], [-83.45645, 8.83574], [-83.45647, 8.83572], [-83.45648, 8.83568], [-83.45647, 8.83564], [-83.45645, 8.83561], [-83.45643, 8.83558], [-83.45642, 8.83555], [-83.45642, 8.83553], [-83.45645, 8.83551], [-83.45651, 8.83548], [-83.45656, 8.83544], [-83.45665, 8.83536], [-83.45669, 8.8353], [-83.45671, 8.83527], [-83.45672, 8.83526], [-83.45676, 8.83529], [-83.45678, 8.83532], [-83.4568, 8.83533], [-83.45682, 8.83534], [-83.45684, 8.83533], [-83.45686, 8.8353], [-83.45686, 8.83526], [-83.45686, 8.83522], [-83.45687, 8.83521], [-83.45689, 8.83519], [-83.45692, 8.83516], [-83.45694, 8.83512], [-83.45697, 8.83507], [-83.45698, 8.83502], [-83.457, 8.83498], [-83.45701, 8.83494], [-83.45702, 8.83493], [-83.45703, 8.83492], [-83.45704, 8.83492], [-83.45708, 8.83491], [-83.45713, 8.8349], [-83.45728, 8.83483], [-83.45733, 8.83481], [-83.45736, 8.83479], [-83.45738, 8.83476], [-83.45739, 8.83472], [-83.4574, 8.83467], [-83.4574, 8.83463], [-83.45741, 8.83461], [-83.45743, 8.8346], [-83.45745, 8.8346], [-83.45747, 8.8346], [-83.4575, 8.83461], [-83.45752, 8.83461], [-83.45754, 8.83461], [-83.45755, 8.83459], [-83.45764, 8.83446], [-83.45767, 8.83443], [-83.45771, 8.8344], [-83.45776, 8.83438], [-83.45781, 8.83436], [-83.45789, 8.83434], [-83.45795, 8.83432], [-83.45802, 8.83431], [-83.45808, 8.83432], [-83.45813, 8.83432], [-83.45818, 8.83431], [-83.4582, 8.8343], [-83.45822, 8.83429], [-83.45826, 8.83427], [-83.4583, 8.83428], [-83.45834, 8.83429], [-83.45837, 8.83432], [-83.45839, 8.83432], [-83.45842, 8.83431], [-83.45844, 8.83427], [-83.45844, 8.83427], [-83.45844, 8.83426], [-83.45846, 8.83424], [-83.45848, 8.83423], [-83.45852, 8.83424], [-83.45856, 8.83426], [-83.45859, 8.83426], [-83.45861, 8.83424], [-83.45863, 8.8342], [-83.45864, 8.83416], [-83.45865, 8.83413], [-83.45867, 8.83411], [-83.45873, 8.83408], [-83.45877, 8.83407], [-83.45883, 8.83407], [-83.45889, 8.83407], [-83.45892, 8.83407], [-83.45895, 8.83405], [-83.459, 8.83401], [-83.45904, 8.83396], [-83.45906, 8.83394], [-83.45906, 8.83393], [-83.45909, 8.83392], [-83.45911, 8.83392], [-83.45914, 8.83393], [-83.45916, 8.83394], [-83.45919, 8.83394], [-83.45922, 8.83394], [-83.45926, 8.83392], [-83.45935, 8.83386], [-83.45941, 8.83381], [-83.45949, 8.83373], [-83.45953, 8.83369], [-83.45955, 8.83366], [-83.45958, 8.83359], [-83.45959, 8.83357], [-83.45962, 8.83353], [-83.45964, 8.83351], [-83.45966, 8.83351], [-83.4597, 8.83351], [-83.45974, 8.83352], [-83.45976, 8.83352], [-83.45978, 8.8335], [-83.4598, 8.83348], [-83.45981, 8.83345], [-83.45981, 8.83341], [-83.45982, 8.83338], [-83.45984, 8.83336], [-83.45986, 8.83335], [-83.4599, 8.83333], [-83.4599, 8.83333], [-83.45994, 8.83333], [-83.45997, 8.83333], [-83.46001, 8.83331], [-83.46007, 8.83326], [-83.46014, 8.83322], [-83.46023, 8.83312], [-83.46028, 8.83308], [-83.46031, 8.83305], [-83.46036, 8.833], [-83.46038, 8.83296], [-83.46039, 8.83293], [-83.46038, 8.83289], [-83.46038, 8.83287], [-83.46038, 8.83284], [-83.46039, 8.83283], [-83.46041, 8.83282], [-83.46042, 8.83279], [-83.46043, 8.83276], [-83.46044, 8.83272], [-83.46046, 8.83271], [-83.46049, 8.8327], [-83.46054, 8.83269], [-83.46058, 8.83269], [-83.46062, 8.83269], [-83.46067, 8.83267], [-83.46069, 8.83264], [-83.46072, 8.83258], [-83.46079, 8.83234], [-83.46083, 8.83223], [-83.46091, 8.83206], [-83.46097, 8.83194], [-83.46101, 8.83185], [-83.46103, 8.83179], [-83.46103, 8.83175], [-83.46102, 8.83174], [-83.461, 8.8317], [-83.46094, 8.83164], [-83.46093, 8.83162], [-83.4609, 8.83158], [-83.46087, 8.83154], [-83.46085, 8.83152], [-83.46085, 8.83151], [-83.46082, 8.83149], [-83.4608, 8.83146], [-83.46079, 8.83143], [-83.46929, 8.83144], [-83.46111, 8.8233], [-83.46476, 8.81381], [-83.46294, 8.80703], [-83.46295, 8.79075], [-83.45841, 8.78668], [-83.45569, 8.77266], [-83.44661, 8.76362], [-83.43752, 8.76361], [-83.44659, 8.7817], [-83.44658, 8.80566], [-83.43067, 8.81786], [-83.43111, 8.82961], [-83.41929, 8.8296], [-83.41932, 8.79751], [-83.41024, 8.77716], [-83.41023, 8.7975], [-83.3766, 8.78527], [-83.38976, 8.81919], [-83.36476, 8.81781], [-83.36478, 8.79068], [-83.35888, 8.79068], [-83.36071, 8.76808], [-83.35571, 8.76852], [-83.34707, 8.78389], [-83.33843, 8.78072], [-83.34206, 8.79519], [-83.33523, 8.80874], [-83.32433, 8.8015], [-83.32438, 8.80141], [-83.32437, 8.8014], [-83.32437, 8.80136], [-83.32435, 8.80132], [-83.32428, 8.80128], [-83.32425, 8.80124], [-83.32425, 8.80118], [-83.32424, 8.80112], [-83.32425, 8.80108], [-83.32424, 8.80103], [-83.32424, 8.80099], [-83.32425, 8.80093], [-83.32426, 8.80089], [-83.32428, 8.80084], [-83.32432, 8.80076], [-83.32436, 8.80068], [-83.32438, 8.80064], [-83.32441, 8.80059], [-83.32443, 8.80055], [-83.32448, 8.80048], [-83.32453, 8.8004], [-83.32458, 8.80031], [-83.32462, 8.80021], [-83.32465, 8.8001], [-83.32466, 8.8], [-83.32467, 8.79999], [-83.32468, 8.79983], [-83.32468, 8.79971], [-83.32471, 8.79957], [-83.32476, 8.79944], [-83.3248, 8.7994], [-83.32485, 8.79934], [-83.32495, 8.79925], [-83.325, 8.79923], [-83.325, 8.79922], [-83.32511, 8.79916], [-83.32525, 8.79913], [-83.32552, 8.79897], [-83.32558, 8.79891], [-83.32568, 8.79883], [-83.32574, 8.79875], [-83.32581, 8.79865], [-83.32586, 8.79856], [-83.32587, 8.79849], [-83.32595, 8.79832], [-83.32601, 8.79823], [-83.32612, 8.79812], [-83.32618, 8.79806], [-83.32628, 8.79797], [-83.32637, 8.79789], [-83.3264, 8.79784], [-83.32643, 8.79769], [-83.32643, 8.79751], [-83.32643, 8.79738], [-83.32641, 8.79725], [-83.32636, 8.79711], [-83.32633, 8.79701], [-83.32632, 8.79696], [-83.32632, 8.79693], [-83.32635, 8.79678], [-83.32644, 8.79658], [-83.32649, 8.79651], [-83.32654, 8.79647], [-83.32658, 8.79643], [-83.32669, 8.79632], [-83.32678, 8.79622], [-83.32696, 8.79608], [-83.32701, 8.79603], [-83.32707, 8.79596], [-83.32713, 8.79587], [-83.32719, 8.79576], [-83.32722, 8.79568], [-83.32729, 8.79554], [-83.3274, 8.79537], [-83.32745, 8.79525], [-83.32749, 8.79514], [-83.32751, 8.79505], [-83.32753, 8.7949], [-83.32756, 8.79477], [-83.32757, 8.79463], [-83.32755, 8.79447], [-83.32754, 8.79435], [-83.32752, 8.79429], [-83.32748, 8.79416], [-83.32739, 8.794], [-83.3273, 8.79388], [-83.32727, 8.79385], [-83.3272, 8.79377], [-83.32713, 8.79366], [-83.3271, 8.7935], [-83.32708, 8.79342], [-83.32709, 8.79332], [-83.32712, 8.79324], [-83.32714, 8.79319], [-83.32719, 8.79313], [-83.32734, 8.79301], [-83.32747, 8.79299], [-83.32755, 8.79298], [-83.32769, 8.79301], [-83.32781, 8.79304], [-83.32796, 8.7931], [-83.32804, 8.79315], [-83.32809, 8.79318], [-83.3282, 8.79321], [-83.3284, 8.79323], [-83.3285, 8.79324], [-83.32865, 8.7932], [-83.3288, 8.79315], [-83.32891, 8.79311], [-83.32901, 8.79311], [-83.32917, 8.79314], [-83.32934, 8.7932], [-83.32947, 8.79328], [-83.32967, 8.7934], [-83.32982, 8.79351], [-83.32996, 8.79356], [-83.33012, 8.7936], [-83.3302, 8.79364], [-83.33033, 8.79371], [-83.33053, 8.79375], [-83.33064, 8.79377], [-83.33065, 8.79377], [-83.33085, 8.79382], [-83.33093, 8.79382], [-83.33106, 8.79383], [-83.33124, 8.7939], [-83.3317, 8.79395], [-83.33175, 8.79398], [-83.33192, 8.79404], [-83.33199, 8.79406], [-83.33205, 8.79405], [-83.33215, 8.794], [-83.33221, 8.79395], [-83.3323, 8.79384], [-83.33239, 8.79379], [-83.33248, 8.79376], [-83.33259, 8.79372], [-83.3327, 8.79368], [-83.33277, 8.79363], [-83.33281, 8.79357], [-83.33282, 8.7935], [-83.33274, 8.79339], [-83.33263, 8.79331], [-83.33254, 8.79326], [-83.33244, 8.79317], [-83.33235, 8.79305], [-83.33222, 8.79297], [-83.33216, 8.79293], [-83.33206, 8.79282], [-83.33195, 8.7926], [-83.33197, 8.79245], [-83.33195, 8.79232], [-83.33189, 8.79218], [-83.33175, 8.79206], [-83.33163, 8.7919], [-83.33154, 8.79176], [-83.33151, 8.79172], [-83.33134, 8.79159], [-83.3313, 8.79154], [-83.33119, 8.79134], [-83.33118, 8.79129], [-83.33114, 8.79103], [-83.33113, 8.79091], [-83.33113, 8.7908], [-83.33114, 8.7907], [-83.33113, 8.79062], [-83.3311, 8.79047], [-83.33111, 8.79035], [-83.33109, 8.79025], [-83.33106, 8.79015], [-83.33102, 8.79003], [-83.33095, 8.78984], [-83.3309, 8.78973], [-83.33087, 8.78961], [-83.33085, 8.78944], [-83.33089, 8.78935], [-83.33094, 8.78926], [-83.33101, 8.7892], [-83.33113, 8.78911], [-83.33119, 8.78909], [-83.33123, 8.78907], [-83.33132, 8.78904], [-83.33147, 8.78902], [-83.33157, 8.789], [-83.33161, 8.789], [-83.33169, 8.78899], [-83.33185, 8.78898], [-83.33197, 8.78899], [-83.33213, 8.78898], [-83.33215, 8.78898], [-83.33232, 8.789], [-83.33243, 8.78902], [-83.33268, 8.78904], [-83.33284, 8.78902], [-83.33304, 8.78904], [-83.33321, 8.7891], [-83.33343, 8.78917], [-83.33359, 8.78925], [-83.33384, 8.78929], [-83.33418, 8.78939], [-83.33428, 8.7894], [-83.33429, 8.7894], [-83.33444, 8.78941], [-83.33469, 8.7895], [-83.33489, 8.7896], [-83.335, 8.78965], [-83.3351, 8.78972], [-83.33522, 8.78981], [-83.33545, 8.78994], [-83.33566, 8.79004], [-83.33573, 8.79002], [-83.3358, 8.78996], [-83.33586, 8.78986], [-83.33585, 8.78977], [-83.33592, 8.78947], [-83.33594, 8.78941], [-83.33596, 8.78935], [-83.33601, 8.78921], [-83.33605, 8.78908], [-83.33609, 8.78897], [-83.33612, 8.78889], [-83.33615, 8.78879], [-83.33614, 8.78868], [-83.33613, 8.78857], [-83.33611, 8.78844], [-83.33607, 8.78837], [-83.33605, 8.78823], [-83.33606, 8.78819], [-83.33606, 8.78816], [-83.3361, 8.78807], [-83.3362, 8.78793], [-83.33629, 8.78784], [-83.33638, 8.78776], [-83.33645, 8.78768], [-83.33655, 8.78757], [-83.33663, 8.7875], [-83.33672, 8.78743], [-83.33681, 8.78735], [-83.33694, 8.78725], [-83.33706, 8.7872], [-83.33713, 8.78718], [-83.33719, 8.78714], [-83.33726, 8.7871], [-83.33735, 8.78704], [-83.33739, 8.78701], [-83.33741, 8.78699], [-83.33742, 8.78697], [-83.33743, 8.78696], [-83.33743, 8.78695], [-83.33742, 8.78695], [-83.33742, 8.78694], [-83.33742, 8.78692], [-83.33739, 8.78689], [-83.33738, 8.78685], [-83.33737, 8.78682], [-83.33736, 8.78678], [-83.33735, 8.78675], [-83.33735, 8.78671], [-83.33736, 8.78668], [-83.33738, 8.78665], [-83.33739, 8.78663], [-83.33742, 8.7866], [-83.33743, 8.78659], [-83.33747, 8.78657], [-83.33749, 8.78656], [-83.33749, 8.78656], [-83.3375, 8.78654], [-83.33753, 8.78651], [-83.33755, 8.78647], [-83.33756, 8.7864], [-83.33757, 8.78636], [-83.33758, 8.78632], [-83.33759, 8.78629], [-83.33762, 8.78622], [-83.33763, 8.78618], [-83.33763, 8.78616], [-83.33764, 8.78612], [-83.33767, 8.78609], [-83.33772, 8.78606], [-83.33776, 8.78601], [-83.33779, 8.78599], [-83.33781, 8.78596], [-83.33787, 8.78593], [-83.33791, 8.78591], [-83.33794, 8.7859], [-83.33796, 8.78589], [-83.33798, 8.78588], [-83.33799, 8.78587], [-83.33801, 8.78585], [-83.33801, 8.78581], [-83.33801, 8.78578], [-83.33801, 8.78571], [-83.33801, 8.78566], [-83.33799, 8.78561], [-83.33797, 8.78557], [-83.33795, 8.78555], [-83.33794, 8.78552], [-83.33794, 8.7855], [-83.33794, 8.78548], [-83.33796, 8.78546], [-83.33798, 8.78544], [-83.33801, 8.78542], [-83.33803, 8.78541], [-83.33807, 8.7854], [-83.33808, 8.78539], [-83.33811, 8.78538], [-83.33814, 8.78537], [-83.33816, 8.78535], [-83.33815, 8.78533], [-83.33814, 8.78532], [-83.33811, 8.7853], [-83.3381, 8.78529], [-83.33808, 8.78528], [-83.33808, 8.78521], [-83.33809, 8.78517], [-83.3381, 8.78515], [-83.33812, 8.78511], [-83.33813, 8.78508], [-83.33811, 8.78507], [-83.33809, 8.78506], [-83.33803, 8.78506], [-83.33798, 8.78503], [-83.33795, 8.785], [-83.33794, 8.78495], [-83.33792, 8.78491], [-83.33793, 8.78488], [-83.33794, 8.78484], [-83.33795, 8.78479], [-83.33793, 8.78475], [-83.3379, 8.78473], [-83.33789, 8.78469], [-83.33788, 8.78466], [-83.33789, 8.78464], [-83.3379, 8.78459], [-83.33789, 8.78455], [-83.33787, 8.78453], [-83.33785, 8.78451], [-83.3378, 8.7845], [-83.33777, 8.78449], [-83.33774, 8.78445], [-83.33773, 8.7844], [-83.33774, 8.78431], [-83.33774, 8.78427], [-83.33774, 8.78424], [-83.33774, 8.7842], [-83.33772, 8.78417], [-83.3377, 8.78412], [-83.33768, 8.78407], [-83.33764, 8.78401], [-83.33761, 8.78398], [-83.33758, 8.78396], [-83.33756, 8.78393], [-83.33754, 8.78388], [-83.33753, 8.78386], [-83.33752, 8.78382], [-83.33752, 8.78381], [-83.33751, 8.78378], [-83.3375, 8.78373], [-83.33749, 8.78367], [-83.33747, 8.7836], [-83.33744, 8.78353], [-83.33742, 8.78352], [-83.33738, 8.78351], [-83.33733, 8.78349], [-83.33729, 8.78347], [-83.33725, 8.78344], [-83.33725, 8.78341], [-83.33725, 8.78336], [-83.33727, 8.78333], [-83.33727, 8.78333], [-83.33728, 8.78328], [-83.33728, 8.78325], [-83.33727, 8.78319], [-83.33725, 8.78316], [-83.33721, 8.7831], [-83.33717, 8.78302], [-83.33713, 8.78295], [-83.3371, 8.78287], [-83.33709, 8.7828], [-83.33708, 8.78273], [-83.33708, 8.78266], [-83.33709, 8.78262], [-83.33709, 8.78252], [-83.33708, 8.78244], [-83.33706, 8.78228], [-83.33706, 8.78227], [-83.33706, 8.78221], [-83.33704, 8.78214], [-83.33704, 8.78211], [-83.33704, 8.78208], [-83.33704, 8.78206], [-83.33703, 8.78201], [-83.33702, 8.78199], [-83.33702, 8.78199], [-83.337, 8.78194], [-83.33698, 8.78189], [-83.33697, 8.78188], [-83.33696, 8.78186], [-83.33694, 8.78185], [-83.33692, 8.78183], [-83.33688, 8.78182], [-83.33685, 8.78181], [-83.33682, 8.78178], [-83.33679, 8.78176], [-83.33675, 8.78176], [-83.3367, 8.78178], [-83.33667, 8.78178], [-83.33665, 8.78177], [-83.33662, 8.78183], [-83.33662, 8.78184], [-83.33434, 8.78252], [-83.33026, 8.778], [-83.32117, 8.77799], [-83.32072, 8.77482], [-83.31254, 8.77481], [-83.30573, 8.76531], [-83.30593, 8.79846], [-83.30595, 8.79818], [-83.30598, 8.79801], [-83.30605, 8.79786], [-83.30614, 8.79774], [-83.30618, 8.7977], [-83.30623, 8.79765], [-83.3063, 8.7976], [-83.30637, 8.79758], [-83.30644, 8.79753], [-83.30657, 8.79747], [-83.30666, 8.79742], [-83.30672, 8.7974], [-83.30681, 8.79741], [-83.30688, 8.79741], [-83.30694, 8.79743], [-83.30701, 8.79742], [-83.30709, 8.79744], [-83.30715, 8.79745], [-83.30718, 8.79747], [-83.30722, 8.7975], [-83.30722, 8.79753], [-83.30724, 8.79757], [-83.30725, 8.79764], [-83.30725, 8.79765], [-83.30729, 8.79774], [-83.30733, 8.79783], [-83.30737, 8.7979], [-83.30743, 8.79797], [-83.30749, 8.79804], [-83.30753, 8.79809], [-83.30758, 8.79813], [-83.30762, 8.79818], [-83.30766, 8.79819], [-83.30771, 8.79821], [-83.30776, 8.79821], [-83.30782, 8.79823], [-83.30787, 8.79824], [-83.30793, 8.79823], [-83.30794, 8.79823], [-83.30796, 8.79821], [-83.30803, 8.79818], [-83.30808, 8.79816], [-83.30814, 8.79812], [-83.30818, 8.79808], [-83.30823, 8.79805], [-83.30827, 8.79799], [-83.30841, 8.79781], [-83.30858, 8.79761], [-83.30868, 8.79742], [-83.30874, 8.79729], [-83.30881, 8.79717], [-83.30885, 8.79713], [-83.3089, 8.7971], [-83.30893, 8.79708], [-83.30897, 8.79707], [-83.30902, 8.79707], [-83.30909, 8.79707], [-83.30922, 8.79711], [-83.30934, 8.79715], [-83.30945, 8.79719], [-83.30955, 8.79722], [-83.30968, 8.79725], [-83.3098, 8.79727], [-83.30993, 8.79725], [-83.30999, 8.79725], [-83.31023, 8.79718], [-83.31039, 8.79709], [-83.31046, 8.79705], [-83.3106, 8.79695], [-83.31079, 8.79686], [-83.31097, 8.79676], [-83.31114, 8.79668], [-83.31126, 8.79665], [-83.31135, 8.79666], [-83.31142, 8.79668], [-83.31174, 8.7967], [-83.31181, 8.79671], [-83.31188, 8.79674], [-83.31193, 8.79676], [-83.31197, 8.79678], [-83.31201, 8.79679], [-83.31207, 8.79681], [-83.31213, 8.79682], [-83.31219, 8.79683], [-83.31223, 8.79682], [-83.3123, 8.79683], [-83.31236, 8.79683], [-83.31241, 8.79684], [-83.31247, 8.79685], [-83.31252, 8.79686], [-83.31257, 8.79687], [-83.31262, 8.79689], [-83.31268, 8.7969], [-83.31274, 8.79694], [-83.31281, 8.79699], [-83.31287, 8.79707], [-83.31294, 8.79713], [-83.31298, 8.79717], [-83.31306, 8.79724], [-83.31312, 8.79728], [-83.31321, 8.79733], [-83.31327, 8.79735], [-83.31332, 8.79736], [-83.31336, 8.79736], [-83.31342, 8.79736], [-83.31347, 8.79736], [-83.31354, 8.79735], [-83.31359, 8.79733], [-83.31363, 8.79733], [-83.31369, 8.79731], [-83.31374, 8.79729], [-83.31379, 8.79728], [-83.31387, 8.79726], [-83.31389, 8.79725], [-83.31394, 8.79724], [-83.31399, 8.79725], [-83.31401, 8.79725], [-83.31404, 8.79725], [-83.31407, 8.79726], [-83.3141, 8.79727], [-83.31415, 8.79731], [-83.31419, 8.79735], [-83.31424, 8.79742], [-83.31428, 8.79748], [-83.31431, 8.79752], [-83.31434, 8.79756], [-83.31437, 8.7976], [-83.31439, 8.79763], [-83.31442, 8.79765], [-83.31446, 8.79768], [-83.3145, 8.7977], [-83.31453, 8.79772], [-83.31457, 8.79772], [-83.3146, 8.79774], [-83.31464, 8.79774], [-83.31468, 8.79773], [-83.31471, 8.79773], [-83.31475, 8.79772], [-83.31486, 8.79768], [-83.31493, 8.79768], [-83.315, 8.79768], [-83.31505, 8.79769], [-83.3151, 8.7977], [-83.31513, 8.79772], [-83.31518, 8.79775], [-83.31523, 8.79781], [-83.31528, 8.7979], [-83.31531, 8.79798], [-83.31534, 8.79806], [-83.31537, 8.79814], [-83.31541, 8.79819], [-83.31546, 8.79824], [-83.31551, 8.79828], [-83.31557, 8.79829], [-83.31563, 8.79829], [-83.31571, 8.7983], [-83.31577, 8.79831], [-83.31587, 8.79832], [-83.31599, 8.79834], [-83.31602, 8.79835], [-83.31608, 8.79838], [-83.31615, 8.7984], [-83.31622, 8.79844], [-83.31627, 8.79847], [-83.31632, 8.7985], [-83.31637, 8.79853], [-83.31642, 8.79855], [-83.31647, 8.79857], [-83.31652, 8.79859], [-83.31658, 8.7986], [-83.31663, 8.79861], [-83.31675, 8.79862], [-83.31687, 8.79865], [-83.31694, 8.79867], [-83.31699, 8.79869], [-83.31704, 8.79871], [-83.3171, 8.79875], [-83.31714, 8.79877], [-83.31718, 8.79881], [-83.31721, 8.79885], [-83.31724, 8.7989], [-83.31727, 8.79895], [-83.31731, 8.79901], [-83.31734, 8.79905], [-83.31741, 8.79914], [-83.31749, 8.7992], [-83.31754, 8.79921], [-83.31761, 8.79923], [-83.31767, 8.79923], [-83.31773, 8.79922], [-83.3178, 8.79919], [-83.31782, 8.79918], [-83.31785, 8.79916], [-83.31786, 8.79915], [-83.31789, 8.79912], [-83.31791, 8.79909], [-83.31793, 8.79907], [-83.31794, 8.79905], [-83.31795, 8.79901], [-83.31797, 8.79897], [-83.31801, 8.79892], [-83.31804, 8.79885], [-83.31808, 8.79881], [-83.31811, 8.79875], [-83.31816, 8.79873], [-83.31824, 8.79877], [-83.31829, 8.79881], [-83.31835, 8.79886], [-83.31839, 8.79889], [-83.31842, 8.79893], [-83.31844, 8.79898], [-83.31847, 8.79903], [-83.31851, 8.79908], [-83.31854, 8.79913], [-83.31861, 8.79921], [-83.31867, 8.79927], [-83.31873, 8.79933], [-83.31879, 8.79938], [-83.31884, 8.79945], [-83.31901, 8.79958], [-83.31908, 8.79965], [-83.31926, 8.7998], [-83.31939, 8.7999], [-83.31953, 8.79998], [-83.31965, 8.8], [-83.31966, 8.8], [-83.31973, 8.8], [-83.31974, 8.8], [-83.31983, 8.79998], [-83.31992, 8.79995], [-83.32009, 8.79988], [-83.32017, 8.79984], [-83.32024, 8.7998], [-83.32033, 8.79973], [-83.3204, 8.79966], [-83.32043, 8.79964], [-83.32055, 8.79959], [-83.32059, 8.7996], [-83.32063, 8.79962], [-83.32067, 8.79966], [-83.32071, 8.7997], [-83.32076, 8.79975], [-83.32081, 8.79979], [-83.32088, 8.79985], [-83.32092, 8.79987], [-83.321, 8.7999], [-83.32108, 8.79991], [-83.32117, 8.79992], [-83.32125, 8.79993], [-83.32132, 8.79996], [-83.32133, 8.79997], [-83.32142, 8.79998], [-83.32147, 8.8], [-83.32155, 8.80002], [-83.32172, 8.80007], [-83.3218, 8.80009], [-83.32187, 8.80012], [-83.32196, 8.80014], [-83.32202, 8.80017], [-83.32211, 8.8002], [-83.32219, 8.80019], [-83.32228, 8.80016], [-83.32237, 8.80013], [-83.32244, 8.80012], [-83.3225, 8.80012], [-83.32255, 8.80013], [-83.32258, 8.80017], [-83.32262, 8.80023], [-83.32266, 8.80032], [-83.32269, 8.80039], [-83.32271, 8.80044], [-83.32271, 8.80047], [-83.32273, 8.80053], [-83.32278, 8.80058], [-83.32283, 8.80061], [-83.32289, 8.80063], [-83.32294, 8.80066], [-83.32299, 8.80069], [-83.32306, 8.80076], [-83.32311, 8.80082], [-83.32314, 8.80089], [-83.32309, 8.80097], [-83.32307, 8.801], [-83.323, 8.8011], [-83.32296, 8.80119], [-83.3229, 8.8013], [-83.32288, 8.80141], [-83.32288, 8.8015], [-83.32288, 8.80151], [-83.32286, 8.80162], [-83.32285, 8.80171], [-83.32282, 8.80176], [-83.32281, 8.80178], [-83.32276, 8.80181], [-83.32274, 8.80182], [-83.32265, 8.80189], [-83.32255, 8.80198], [-83.32247, 8.80205], [-83.32241, 8.80213], [-83.3224, 8.80222], [-83.32243, 8.80236], [-83.32248, 8.80246], [-83.32256, 8.80259], [-83.32265, 8.80274], [-83.32269, 8.80285], [-83.32271, 8.8029], [-83.32272, 8.80293], [-83.32273, 8.80296], [-83.32273, 8.80298], [-83.32272, 8.80301], [-83.32272, 8.80305], [-83.32269, 8.80311], [-83.32266, 8.80318], [-83.32262, 8.80326], [-83.32258, 8.80333], [-83.32248, 8.80347], [-83.32244, 8.80358], [-83.32245, 8.80378], [-83.32246, 8.80385], [-83.32247, 8.80395], [-83.32249, 8.80399], [-83.32251, 8.80402], [-83.32253, 8.80405], [-83.32254, 8.80407], [-83.32263, 8.8042], [-83.32266, 8.80425], [-83.32269, 8.80432], [-83.32282, 8.8044], [-83.32289, 8.80439], [-83.32297, 8.80436], [-83.32305, 8.80432], [-83.3231, 8.80431], [-83.32322, 8.80434], [-83.32353, 8.80446], [-83.3238, 8.80458], [-83.32383, 8.8046], [-83.32396, 8.80466], [-83.32403, 8.80468], [-83.32414, 8.80472], [-83.32426, 8.80475], [-83.32441, 8.80484], [-83.32454, 8.80494], [-83.32477, 8.8051], [-83.32495, 8.80516], [-83.325, 8.80518], [-83.32503, 8.80519], [-83.32514, 8.80516], [-83.32519, 8.80515], [-83.32533, 8.80512], [-83.32538, 8.8051], [-83.32544, 8.80509], [-83.32557, 8.80511], [-83.32562, 8.80513], [-83.3257, 8.80517], [-83.32586, 8.80526], [-83.32594, 8.8053], [-83.32601, 8.80536], [-83.32607, 8.8054], [-83.32613, 8.80544], [-83.32619, 8.8055], [-83.32623, 8.80555], [-83.32626, 8.80558], [-83.32629, 8.80566], [-83.32632, 8.80573], [-83.32636, 8.8058], [-83.32638, 8.80585], [-83.32641, 8.80588], [-83.32644, 8.80594], [-83.32649, 8.80603], [-83.32656, 8.80609], [-83.32665, 8.80618], [-83.32672, 8.80625], [-83.32685, 8.80636], [-83.32691, 8.80641], [-83.32698, 8.80646], [-83.3272, 8.80662], [-83.32738, 8.80669], [-83.32757, 8.80673], [-83.32766, 8.80676], [-83.32772, 8.80676], [-83.3278, 8.80677], [-83.32795, 8.80676], [-83.32821, 8.80672], [-83.3284, 8.80668], [-83.32862, 8.80666], [-83.32867, 8.80665], [-83.32873, 8.80667], [-83.32879, 8.8067], [-83.32885, 8.80675], [-83.3289, 8.80681], [-83.32898, 8.80692], [-83.32905, 8.80704], [-83.32915, 8.80718], [-83.32918, 8.80724], [-83.32925, 8.80735], [-83.32936, 8.80755], [-83.32942, 8.80763], [-83.32947, 8.8077], [-83.32952, 8.80773], [-83.32956, 8.80775], [-83.32964, 8.80777], [-83.32969, 8.80777], [-83.32977, 8.80778], [-83.32986, 8.80777], [-83.32995, 8.80776], [-83.33005, 8.80777], [-83.33011, 8.80778], [-83.33014, 8.8078], [-83.33018, 8.80784], [-83.33021, 8.80788], [-83.33026, 8.80794], [-83.33031, 8.80799], [-83.3304, 8.80807], [-83.33046, 8.80814], [-83.33048, 8.80821], [-83.33053, 8.80833], [-83.33055, 8.80847], [-83.33055, 8.80855], [-83.33056, 8.80869], [-83.33058, 8.80878], [-83.33063, 8.80889], [-83.33067, 8.80893], [-83.33071, 8.80896], [-83.3308, 8.80901], [-83.33089, 8.80905], [-83.33099, 8.80908], [-83.33111, 8.80911], [-83.3313, 8.80915], [-83.33135, 8.80917], [-83.33144, 8.80919], [-83.33152, 8.80921], [-83.33168, 8.80926], [-83.3318, 8.80933], [-83.33184, 8.80937], [-83.33188, 8.80943], [-83.33192, 8.80952], [-83.33198, 8.80965], [-83.33201, 8.80973], [-83.33205, 8.8098], [-83.33209, 8.80995], [-83.3321, 8.80999], [-83.33209, 8.81], [-83.33215, 8.81011], [-83.33218, 8.81016], [-83.33222, 8.8102], [-83.33235, 8.81032], [-83.33243, 8.81043], [-83.33254, 8.81055], [-83.33268, 8.81067], [-83.33271, 8.81071], [-83.33279, 8.8108], [-83.3329, 8.81095], [-83.33293, 8.81099], [-83.33296, 8.81108], [-83.33299, 8.81113], [-83.33302, 8.81121], [-83.33305, 8.81132], [-83.33306, 8.81142], [-83.3331, 8.81156], [-83.33314, 8.8117], [-83.33316, 8.81177], [-83.3332, 8.81183], [-83.33326, 8.81192], [-83.33338, 8.81205], [-83.33343, 8.81208], [-83.33352, 8.81215], [-83.3336, 8.8122], [-83.33368, 8.81225], [-83.33376, 8.8123], [-83.33378, 8.81231], [-83.33392, 8.81236], [-83.33406, 8.81241], [-83.33429, 8.8125], [-83.3345, 8.81259], [-83.33473, 8.81267], [-83.33492, 8.81275], [-83.33497, 8.81277], [-83.33513, 8.81285], [-83.3352, 8.81289], [-83.33528, 8.81295], [-83.33532, 8.81299], [-83.33539, 8.81301], [-83.33548, 8.81301], [-83.33562, 8.81299], [-83.33574, 8.81298], [-83.3359, 8.81298], [-83.336, 8.81294], [-83.33608, 8.81292], [-83.33619, 8.81297], [-83.33633, 8.81306], [-83.3364, 8.81311], [-83.33656, 8.81324], [-83.33673, 8.81338], [-83.33698, 8.81366], [-83.33715, 8.81387], [-83.33722, 8.81397], [-83.33739, 8.81423], [-83.33743, 8.81434], [-83.33752, 8.81443], [-83.3377, 8.81452], [-83.33788, 8.81463], [-83.33797, 8.81468], [-83.33829, 8.81486], [-83.33858, 8.81504], [-83.3391, 8.8153], [-83.33929, 8.81542], [-83.33934, 8.81545], [-83.33946, 8.81558], [-83.33946, 8.81569], [-83.33948, 8.81588], [-83.33949, 8.81601], [-83.33952, 8.81613], [-83.33955, 8.8162], [-83.33955, 8.8162], [-83.33959, 8.81638], [-83.33974, 8.81662], [-83.33978, 8.81667], [-83.34, 8.81693], [-83.34023, 8.81715], [-83.3403, 8.81722], [-83.34058, 8.81755], [-83.34089, 8.81776], [-83.34115, 8.8179], [-83.34133, 8.81795], [-83.34137, 8.81794], [-83.3415, 8.81792], [-83.34165, 8.81786], [-83.34187, 8.8177], [-83.34214, 8.81741], [-83.34235, 8.81719], [-83.34259, 8.81704], [-83.34279, 8.81698], [-83.34285, 8.81698], [-83.34293, 8.81698], [-83.34307, 8.817], [-83.34316, 8.81705], [-83.34328, 8.81712], [-83.34333, 8.81715], [-83.34343, 8.81721], [-83.34348, 8.81728], [-83.34352, 8.81734], [-83.34355, 8.81741], [-83.34355, 8.81747], [-83.34354, 8.81752], [-83.34352, 8.81757], [-83.3435, 8.81762], [-83.34348, 8.81767], [-83.34345, 8.81771], [-83.34344, 8.81772], [-83.34339, 8.81777], [-83.34331, 8.81783], [-83.34324, 8.8179], [-83.34321, 8.81799], [-83.3432, 8.81805], [-83.34319, 8.81811], [-83.34324, 8.81821], [-83.34325, 8.81824], [-83.34331, 8.81833], [-83.34336, 8.8184], [-83.34345, 8.81846], [-83.34352, 8.81849], [-83.3436, 8.81855], [-83.34363, 8.81857], [-83.34369, 8.81859], [-83.34372, 8.8186], [-83.34375, 8.8186], [-83.34382, 8.81862], [-83.3439, 8.81861], [-83.34399, 8.81862], [-83.34405, 8.81862], [-83.34409, 8.81863], [-83.34414, 8.81863], [-83.3442, 8.81863], [-83.34427, 8.81863], [-83.34435, 8.81862], [-83.34441, 8.81861], [-83.34446, 8.8186], [-83.34451, 8.8186], [-83.34456, 8.8186], [-83.3446, 8.8186], [-83.34465, 8.81859], [-83.34475, 8.8186], [-83.34484, 8.81862], [-83.3449, 8.81864], [-83.34497, 8.81867], [-83.34503, 8.8187], [-83.3451, 8.81873], [-83.34513, 8.81875], [-83.34515, 8.81876], [-83.3452, 8.81877], [-83.34522, 8.81879], [-83.34523, 8.8188], [-83.34525, 8.81882], [-83.34527, 8.81883], [-83.34529, 8.81885], [-83.34532, 8.81889], [-83.34532, 8.81891], [-83.34533, 8.81893], [-83.34533, 8.81897], [-83.34533, 8.81899], [-83.34533, 8.8191], [-83.34533, 8.81911], [-83.34533, 8.81915], [-83.34533, 8.81919], [-83.34532, 8.81925], [-83.34531, 8.81929], [-83.3453, 8.81933], [-83.34529, 8.81938], [-83.34529, 8.81943], [-83.34529, 8.81949], [-83.34529, 8.81951], [-83.3453, 8.81955], [-83.3453, 8.81956], [-83.34534, 8.81962], [-83.34537, 8.81969], [-83.34546, 8.81977], [-83.34555, 8.81985], [-83.34562, 8.81991], [-83.34573, 8.81998], [-83.34576, 8.82], [-83.34581, 8.82], [-83.34586, 8.82002], [-83.34592, 8.82003], [-83.34595, 8.82004], [-83.346, 8.82005], [-83.34605, 8.82006], [-83.34611, 8.82008], [-83.34618, 8.82011], [-83.34624, 8.82012], [-83.3463, 8.82013], [-83.34631, 8.82013], [-83.34645, 8.82012], [-83.3465, 8.82011], [-83.34652, 8.82011], [-83.34653, 8.8201], [-83.34656, 8.82009], [-83.3466, 8.82008], [-83.34664, 8.82006], [-83.34667, 8.82004], [-83.34671, 8.82002], [-83.34674, 8.82], [-83.34679, 8.81996], [-83.34682, 8.81992], [-83.34687, 8.81987], [-83.34694, 8.81978], [-83.34696, 8.81975], [-83.347, 8.81969], [-83.34704, 8.81963], [-83.34706, 8.8196], [-83.34709, 8.81956], [-83.3471, 8.81951], [-83.34712, 8.81947], [-83.34713, 8.81943], [-83.34715, 8.81937], [-83.34716, 8.81934], [-83.34717, 8.81929], [-83.34718, 8.81926], [-83.3472, 8.81922], [-83.34724, 8.81916], [-83.34725, 8.81912], [-83.34727, 8.81907], [-83.34727, 8.81901], [-83.34728, 8.81898], [-83.34729, 8.81893], [-83.3473, 8.81891], [-83.34731, 8.81886], [-83.34731, 8.81881], [-83.34731, 8.81878], [-83.34731, 8.81874], [-83.34732, 8.81871], [-83.34734, 8.81868], [-83.34736, 8.81865], [-83.34738, 8.81863], [-83.34742, 8.81856], [-83.34745, 8.81853], [-83.34746, 8.81852], [-83.34747, 8.81851], [-83.34754, 8.81848], [-83.34758, 8.81848], [-83.34766, 8.81846], [-83.34775, 8.81845], [-83.34784, 8.81844], [-83.3479, 8.81843], [-83.34799, 8.81843], [-83.34805, 8.81842], [-83.34813, 8.81843], [-83.34815, 8.81844], [-83.34817, 8.81847], [-83.34819, 8.81852], [-83.34822, 8.8186], [-83.34823, 8.81875], [-83.34825, 8.81887], [-83.34826, 8.81902], [-83.34828, 8.81921], [-83.34828, 8.81934], [-83.34827, 8.81948], [-83.34827, 8.81953], [-83.34827, 8.81965], [-83.34831, 8.8198], [-83.34832, 8.81997], [-83.34835, 8.82009], [-83.34838, 8.82024], [-83.34844, 8.82028], [-83.34851, 8.82033], [-83.34865, 8.82039], [-83.34891, 8.82046], [-83.34906, 8.82047], [-83.3491, 8.82048], [-83.34936, 8.82048], [-83.34967, 8.82052], [-83.34992, 8.82057], [-83.34996, 8.82057], [-83.35, 8.82058], [-83.35009, 8.8206], [-83.35016, 8.8206], [-83.35023, 8.82063], [-83.35034, 8.82071], [-83.35043, 8.82077], [-83.35051, 8.82083], [-83.35062, 8.82092], [-83.35076, 8.82105], [-83.35087, 8.82113], [-83.35097, 8.82125], [-83.35102, 8.82132], [-83.35106, 8.82138], [-83.3511, 8.82147], [-83.35115, 8.82155], [-83.35117, 8.82157], [-83.3512, 8.82164], [-83.35124, 8.82175], [-83.35126, 8.82181], [-83.35131, 8.82191], [-83.35136, 8.82203], [-83.35137, 8.82211], [-83.35137, 8.82219], [-83.35134, 8.82229], [-83.35144, 8.82242], [-83.35145, 8.8224], [-83.35147, 8.82241], [-83.3515, 8.82242], [-83.35151, 8.82242], [-83.35159, 8.82244], [-83.35172, 8.82248], [-83.35192, 8.82253], [-83.35194, 8.82254], [-83.35206, 8.8226], [-83.35217, 8.82264], [-83.35234, 8.82265], [-83.35258, 8.82269], [-83.35267, 8.82271], [-83.35274, 8.82272], [-83.35284, 8.82273], [-83.35296, 8.82274], [-83.35308, 8.82274], [-83.35319, 8.82274], [-83.3533, 8.82274], [-83.35334, 8.82274], [-83.3534, 8.82273], [-83.3535, 8.82273], [-83.35357, 8.82272], [-83.35373, 8.82271], [-83.35383, 8.82268], [-83.35387, 8.82267], [-83.35406, 8.82264], [-83.35422, 8.82261], [-83.35436, 8.82261], [-83.35455, 8.82259], [-83.3547, 8.82258], [-83.35493, 8.82251], [-83.35514, 8.82246], [-83.3553, 8.82245], [-83.35548, 8.82243], [-83.35554, 8.82241], [-83.35566, 8.82236], [-83.35585, 8.82231], [-83.35601, 8.82223], [-83.3562, 8.8221], [-83.35643, 8.822], [-83.35655, 8.82191], [-83.35671, 8.82182], [-83.35681, 8.82177], [-83.35684, 8.82175], [-83.35686, 8.82175], [-83.35704, 8.82168], [-83.35717, 8.82166], [-83.35726, 8.82167], [-83.3574, 8.8217], [-83.35755, 8.82177], [-83.35774, 8.82188], [-83.35788, 8.82197], [-83.35833, 8.82235], [-83.35877, 8.82278], [-83.35892, 8.82293], [-83.35894, 8.82296], [-83.35907, 8.82305], [-83.35962, 8.82337], [-83.35982, 8.82346], [-83.3602, 8.82357], [-83.36039, 8.82361], [-83.36073, 8.82368], [-83.36091, 8.82371], [-83.36112, 8.82371], [-83.36135, 8.82372], [-83.36198, 8.82364], [-83.36201, 8.82363], [-83.36263, 8.82358], [-83.36285, 8.82357], [-83.36299, 8.82358], [-83.36319, 8.82361], [-83.36337, 8.82367], [-83.36349, 8.82373], [-83.36359, 8.8238], [-83.3638, 8.82395], [-83.36419, 8.8243], [-83.36464, 8.82477], [-83.3648, 8.82498], [-83.3649, 8.8251], [-83.3654, 8.82579], [-83.36572, 8.82622], [-83.36573, 8.82624], [-83.36601, 8.82657], [-83.36619, 8.82687], [-83.36633, 8.82717], [-83.36641, 8.82733], [-83.3665, 8.82745], [-83.36667, 8.82761], [-83.36671, 8.82764], [-83.3669, 8.8278], [-83.36712, 8.82796], [-83.36754, 8.82822], [-83.36786, 8.82839], [-83.36807, 8.82847], [-83.3681, 8.82848], [-83.36841, 8.82862], [-83.36881, 8.82887], [-83.36911, 8.8291], [-83.3695, 8.82946], [-83.36967, 8.82967], [-83.36974, 8.82975], [-83.36991, 8.82997], [-83.37015, 8.83033], [-83.37038, 8.8307], [-83.37049, 8.83087], [-83.37059, 8.83101], [-83.37063, 8.83107], [-83.37072, 8.83117], [-83.37089, 8.83134], [-83.371, 8.83144], [-83.37115, 8.83155], [-83.37125, 8.83161], [-83.37134, 8.83167], [-83.37149, 8.83176], [-83.3716, 8.83183], [-83.37172, 8.8319], [-83.37184, 8.83197], [-83.37191, 8.83201], [-83.37199, 8.83206], [-83.3721, 8.83214], [-83.37222, 8.83221], [-83.37235, 8.83229], [-83.37242, 8.83234], [-83.37252, 8.83241], [-83.37264, 8.83251], [-83.37282, 8.83272], [-83.37287, 8.83278], [-83.37296, 8.8329], [-83.37306, 8.83309], [-83.37313, 8.83324], [-83.37317, 8.83333], [-83.37317, 8.83335], [-83.37321, 8.83343], [-83.37324, 8.8335], [-83.37325, 8.83356], [-83.37331, 8.83373], [-83.37335, 8.83385], [-83.37336, 8.83388], [-83.37342, 8.83405], [-83.37344, 8.83414], [-83.37352, 8.83432], [-83.37364, 8.83452], [-83.37377, 8.83469], [-83.37391, 8.8349], [-83.37394, 8.83493], [-83.37397, 8.83496], [-83.374, 8.83499], [-83.37403, 8.83503], [-83.37406, 8.83509], [-83.3741, 8.83513], [-83.37412, 8.83518], [-83.37415, 8.83521], [-83.37418, 8.83524], [-83.37421, 8.83527], [-83.37423, 8.8353], [-83.37426, 8.83533], [-83.37428, 8.83536], [-83.37427, 8.83545], [-83.39719, 8.8418], [-83.39725, 8.84186], [-83.39727, 8.84192], [-83.39746, 8.84236], [-83.39761, 8.84245], [-83.39762, 8.84248], [-83.39764, 8.8425], [-83.39767, 8.84251], [-83.39771, 8.84254], [-83.39775, 8.84258], [-83.39778, 8.84261], [-83.39784, 8.84264], [-83.39788, 8.84266], [-83.39794, 8.84266], [-83.39798, 8.84267], [-83.39804, 8.84269], [-83.39816, 8.84277], [-83.39824, 8.84283], [-83.39835, 8.84289], [-83.39843, 8.84294], [-83.39851, 8.84297], [-83.39857, 8.843], [-83.39861, 8.84303], [-83.39864, 8.84308], [-83.3987, 8.84314], [-83.39877, 8.8432], [-83.39884, 8.84323], [-83.39892, 8.84327], [-83.39901, 8.84332], [-83.39907, 8.84338], [-83.39912, 8.84344], [-83.39919, 8.84354], [-83.39923, 8.84362], [-83.39926, 8.84371], [-83.39927, 8.84381], [-83.39929, 8.84389], [-83.3993, 8.84396], [-83.39933, 8.84404], [-83.39936, 8.84412], [-83.39943, 8.84427], [-83.39947, 8.84433], [-83.39952, 8.84439], [-83.39957, 8.84443], [-83.39964, 8.84448], [-83.39972, 8.84453], [-83.39981, 8.84457], [-83.39987, 8.8446], [-83.39997, 8.84464], [-83.4, 8.84466], [-83.40001, 8.84466], [-83.40005, 8.84468], [-83.40009, 8.84468], [-83.40016, 8.84468], [-83.40024, 8.8447], [-83.40029, 8.84472], [-83.40034, 8.84473], [-83.40041, 8.84473], [-83.40049, 8.84472], [-83.40059, 8.8447], [-83.40067, 8.84468], [-83.40075, 8.84466], [-83.4008, 8.84465], [-83.40084, 8.84463], [-83.40085, 8.84461], [-83.40086, 8.84459], [-83.40087, 8.84458], [-83.4009, 8.84458], [-83.40094, 8.84459], [-83.40095, 8.84461], [-83.40098, 8.84461], [-83.40111, 8.84457], [-83.40123, 8.84455], [-83.4013, 8.84454], [-83.40135, 8.84453], [-83.4014, 8.84453], [-83.40143, 8.84453], [-83.40146, 8.84451], [-83.40149, 8.84451], [-83.40151, 8.84454], [-83.40152, 8.84455], [-83.40153, 8.84457], [-83.40156, 8.84459], [-83.40162, 8.84458], [-83.40168, 8.84456], [-83.40173, 8.84453], [-83.40181, 8.84451], [-83.40211, 8.84452], [-83.40221, 8.84452], [-83.4023, 8.84452], [-83.40237, 8.84452], [-83.4024, 8.84452], [-83.40244, 8.84451], [-83.40244, 8.84451], [-83.40248, 8.84449], [-83.40253, 8.84446], [-83.40257, 8.84443], [-83.40258, 8.84442], [-83.40261, 8.8444], [-83.40263, 8.8444], [-83.40267, 8.84441], [-83.40274, 8.84443], [-83.40283, 8.84446], [-83.40288, 8.84448], [-83.40294, 8.84447], [-83.40298, 8.84446], [-83.40302, 8.84445], [-83.40307, 8.84442], [-83.40313, 8.84441], [-83.40324, 8.84442], [-83.40338, 8.84443], [-83.40346, 8.84443], [-83.40355, 8.84446], [-83.40359, 8.84451], [-83.40363, 8.84455], [-83.40368, 8.84457], [-83.40376, 8.84459], [-83.40379, 8.84461], [-83.40388, 8.84462], [-83.40397, 8.84466], [-83.40422, 8.84471], [-83.40436, 8.84474], [-83.40448, 8.8448], [-83.40458, 8.84486], [-83.40467, 8.8449], [-83.40476, 8.84493], [-83.40484, 8.84499], [-83.40491, 8.84506], [-83.405, 8.84512], [-83.40511, 8.84517], [-83.40515, 8.84518], [-83.4052, 8.8452], [-83.40527, 8.84522], [-83.4054, 8.84524], [-83.4055, 8.84526], [-83.4056, 8.84528], [-83.40572, 8.8453], [-83.40584, 8.84531], [-83.40593, 8.84533], [-83.406, 8.84537], [-83.40607, 8.8454], [-83.40616, 8.84542], [-83.40627, 8.84545], [-83.40633, 8.84548], [-83.40639, 8.84552], [-83.40646, 8.84556], [-83.40651, 8.84559], [-83.40667, 8.84567], [-83.40678, 8.84571], [-83.40686, 8.84571], [-83.407, 8.84573], [-83.40709, 8.84577], [-83.40715, 8.84581], [-83.40721, 8.84589], [-83.40727, 8.846], [-83.40731, 8.8461], [-83.40734, 8.8462], [-83.40735, 8.84632], [-83.40736, 8.84647], [-83.40738, 8.84657], [-83.40743, 8.84668], [-83.40751, 8.84676], [-83.40761, 8.84684], [-83.40768, 8.84687], [-83.40777, 8.84686], [-83.40788, 8.84685], [-83.40801, 8.84682], [-83.40811, 8.84681], [-83.4082, 8.84685], [-83.4083, 8.84691], [-83.40838, 8.84694], [-83.40844, 8.84695], [-83.40847, 8.84693], [-83.40853, 8.84686], [-83.40858, 8.84681], [-83.40865, 8.84671], [-83.40893, 8.84627], [-83.40897, 8.84614], [-83.40898, 8.84613], [-83.40901, 8.84611], [-83.40904, 8.84611], [-83.40906, 8.84611], [-83.40908, 8.84611], [-83.40911, 8.84611], [-83.40913, 8.84612], [-83.40915, 8.84613], [-83.4092, 8.84618], [-83.40929, 8.84632], [-83.40952, 8.8467], [-83.4097, 8.84709], [-83.40986, 8.84743], [-83.40991, 8.84752], [-83.40993, 8.84756], [-83.40997, 8.84762], [-83.41003, 8.84769], [-83.41008, 8.84776], [-83.41013, 8.84782], [-83.41017, 8.84786], [-83.41022, 8.8479], [-83.4103, 8.84796], [-83.41043, 8.84807], [-83.41053, 8.84818], [-83.4106, 8.84824], [-83.41069, 8.84835], [-83.41075, 8.84841], [-83.41082, 8.84847], [-83.41093, 8.84856], [-83.41099, 8.84861], [-83.41138, 8.84889], [-83.41169, 8.8491], [-83.41183, 8.84919], [-83.41201, 8.84931], [-83.41217, 8.84943], [-83.41222, 8.84946], [-83.41223, 8.84947], [-83.43282, 8.8495], [-83.43287, 8.8496], [-83.43293, 8.8497], [-83.433, 8.84982], [-83.43311, 8.84995], [-83.43322, 8.85003], [-83.4334, 8.85011], [-83.43361, 8.85014], [-83.43374, 8.85013], [-83.43386, 8.85012], [-83.43394, 8.8501], [-83.43407, 8.85006], [-83.43418, 8.85002], [-83.43422, 8.85], [-83.43432, 8.84996], [-83.43455, 8.84982], [-83.43474, 8.84971], [-83.43509, 8.84948], [-83.43557, 8.84907], [-83.43566, 8.84898], [-83.43578, 8.84887], [-83.43591, 8.84875], [-83.43604, 8.84863], [-83.43618, 8.84852], [-83.43661, 8.84814], [-83.43674, 8.84806], [-83.43689, 8.84795], [-83.43702, 8.84788], [-83.43714, 8.84782], [-83.43734, 8.84776], [-83.43747, 8.84772], [-83.43772, 8.84765], [-83.438, 8.84758], [-83.43819, 8.84757], [-83.43835, 8.84757], [-83.4385, 8.84759], [-83.43858, 8.84759], [-83.43879, 8.84766], [-83.43891, 8.84769], [-83.43907, 8.84776], [-83.43932, 8.84715]]]]}, "properties": {"name": "Terraba-Sierpe", "desig_eng": "Wetland", "iucn_cat": "II", "status_yr": 1994, "gis_area": 267.822219, "site_id": 108151, "realm": "Coastal", "mang_auth": "Federal or national ministry or agency"}}, {"type": "Feature", "geometry": {"type": "Polygon", "coordinates": [[[-83.36496, 8.81039], [-83.36496, 8.80842], [-83.36498, 8.78804], [-83.35948, 8.78804], [-83.35907, 8.78803], [-83.3609, 8.76544], [-83.35591, 8.76589], [-83.34967, 8.77697], [-83.34959, 8.77645], [-83.3495, 8.77582], [-83.34932, 8.7756], [-83.34892, 8.77514], [-83.34868, 8.77528], [-83.34855, 8.77549], [-83.34845, 8.77597], [-83.34848, 8.77644], [-83.34851, 8.7767], [-83.34849, 8.77693], [-83.34835, 8.77713], [-83.3481, 8.77733], [-83.34764, 8.77738], [-83.34744, 8.7774], [-83.34727, 8.77748], [-83.34715, 8.77772], [-83.34715, 8.77797], [-83.34718, 8.77821], [-83.34718, 8.77839], [-83.34704, 8.77857], [-83.34681, 8.77873], [-83.34669, 8.77881], [-83.34667, 8.77908], [-83.34652, 8.77932], [-83.34639, 8.7798], [-83.34643, 8.78001], [-83.34663, 8.78011], [-83.34677, 8.78001], [-83.34687, 8.77993], [-83.34706, 8.77993], [-83.34727, 8.78016], [-83.34751, 8.7808], [-83.34726, 8.78125], [-83.33863, 8.77807], [-83.33934, 8.78089], [-83.33869, 8.78063], [-83.33861, 8.78093], [-83.33866, 8.78116], [-83.33886, 8.78143], [-83.33909, 8.78191], [-83.33917, 8.78228], [-83.339, 8.78271], [-83.33862, 8.78303], [-83.33842, 8.78323], [-83.33847, 8.78366], [-83.33862, 8.78411], [-83.33895, 8.78446], [-83.3393, 8.78461], [-83.33963, 8.78481], [-83.33998, 8.78516], [-83.34021, 8.78561], [-83.34034, 8.78601], [-83.34024, 8.78676], [-83.33974, 8.78721], [-83.33979, 8.78741], [-83.33982, 8.78791], [-83.33969, 8.78811], [-83.33954, 8.78871], [-83.33954, 8.78913], [-83.3396, 8.78951], [-83.33985, 8.78968], [-83.34012, 8.78961], [-83.34029, 8.78941], [-83.34058, 8.78951], [-83.34089, 8.7896], [-83.34153, 8.78965], [-83.34225, 8.79254], [-83.3411, 8.79484], [-83.34083, 8.79468], [-83.34056, 8.79463], [-83.34019, 8.7948], [-83.33934, 8.79493], [-83.33876, 8.79483], [-83.33853, 8.79471], [-83.33835, 8.79438], [-83.3383, 8.79418], [-83.33825, 8.79386], [-83.3382, 8.79353], [-83.33775, 8.79321], [-83.33744, 8.79321], [-83.33689, 8.79331], [-83.33646, 8.79316], [-83.33596, 8.79288], [-83.3354, 8.79281], [-83.33498, 8.79261], [-83.3347, 8.79241], [-83.33437, 8.79221], [-83.33372, 8.7922], [-83.33365, 8.79262], [-83.33344, 8.7932], [-83.33294, 8.79339], [-83.33235, 8.79336], [-83.33216, 8.79342], [-83.33198, 8.79367], [-83.3321, 8.79428], [-83.33254, 8.7945], [-83.33297, 8.79453], [-83.33341, 8.79466], [-83.33388, 8.79599], [-83.33454, 8.79796], [-83.33461, 8.79905], [-83.33482, 8.79889], [-83.3352, 8.79889], [-83.33554, 8.79895], [-83.33595, 8.79902], [-83.3361, 8.79929], [-83.3362, 8.79973], [-83.33604, 8.80035], [-83.3357, 8.80115], [-83.3358, 8.80161], [-83.33611, 8.80239], [-83.33646, 8.80362], [-83.33649, 8.80398], [-83.33543, 8.80609], [-83.32453, 8.79885], [-83.3245, 8.79861], [-83.3245, 8.79855], [-83.32452, 8.79868], [-83.32461, 8.798], [-83.32472, 8.7976], [-83.32498, 8.79709], [-83.32535, 8.79673], [-83.32586, 8.79633], [-83.32634, 8.79593], [-83.32652, 8.79563], [-83.32652, 8.79527], [-83.32638, 8.79472], [-83.32638, 8.79425], [-83.32656, 8.79399], [-83.32689, 8.79377], [-83.32733, 8.79352], [-83.3274, 8.79326], [-83.32755, 8.7929], [-83.32785, 8.79242], [-83.32785, 8.79221], [-83.32781, 8.79191], [-83.32759, 8.79155], [-83.32726, 8.79115], [-83.3273, 8.79085], [-83.32759, 8.79064], [-83.32842, 8.79058], [-83.32911, 8.79076], [-83.32988, 8.79109], [-83.33073, 8.79135], [-83.33153, 8.79142], [-83.33223, 8.79142], [-83.33245, 8.79113], [-83.33238, 8.79073], [-83.33216, 8.7904], [-83.33205, 8.78993], [-83.33198, 8.78975], [-83.3315, 8.78927], [-83.3311, 8.78869], [-83.3311, 8.78829], [-83.33113, 8.78774], [-83.33121, 8.78704], [-83.33159, 8.78659], [-83.33218, 8.78641], [-83.33302, 8.78641], [-83.33405, 8.78652], [-83.33456, 8.78659], [-83.33522, 8.7867], [-83.33555, 8.78645], [-83.33581, 8.78619], [-83.33596, 8.78583], [-83.33603, 8.78535], [-83.33646, 8.78497], [-83.33715, 8.7846], [-83.33774, 8.78417], [-83.33789, 8.78322], [-83.33785, 8.78201], [-83.33738, 8.78077], [-83.33672, 8.77928], [-83.33455, 8.77997], [-83.33045, 8.7754], [-83.32135, 8.77539], [-83.32092, 8.77218], [-83.31302, 8.77217], [-83.31298, 8.77192], [-83.31302, 8.77141], [-83.31289, 8.77129], [-83.31272, 8.77114], [-83.31238, 8.77112], [-83.31194, 8.77105], [-83.30594, 8.76268], [-83.30603, 8.7706], [-83.30556, 8.77054], [-83.3052, 8.77061], [-83.30507, 8.77067], [-83.30501, 8.77092], [-83.30518, 8.77143], [-83.30521, 8.77216], [-83.30534, 8.77269], [-83.30551, 8.77361], [-83.30568, 8.77382], [-83.30591, 8.77397], [-83.30607, 8.77411], [-83.3062, 8.78545], [-83.30614, 8.78547], [-83.30605, 8.78571], [-83.30601, 8.78617], [-83.3061, 8.78651], [-83.30622, 8.78665], [-83.30632, 8.79569], [-83.30642, 8.7957], [-83.32258, 8.7979], [-83.32279, 8.79794], [-83.32289, 8.79796], [-83.32382, 8.79796], [-83.32402, 8.79796], [-83.32367, 8.79831], [-83.32326, 8.79893], [-83.32296, 8.79923], [-83.32279, 8.79982], [-83.32294, 8.8005], [-83.32282, 8.80086], [-83.32287, 8.80142], [-83.32324, 8.80159], [-83.32411, 8.80189], [-83.32424, 8.80194], [-83.32397, 8.80315], [-83.32505, 8.80544], [-83.32695, 8.8068], [-83.32939, 8.80855], [-83.3325, 8.81287], [-83.33508, 8.81666], [-83.33664, 8.81893], [-83.33661, 8.81895], [-83.33652, 8.81903], [-83.33644, 8.81918], [-83.33644, 8.81928], [-83.33647, 8.81938], [-83.33651, 8.81946], [-83.3366, 8.81953], [-83.33668, 8.81956], [-83.33678, 8.81955], [-83.33643, 8.82152], [-83.33589, 8.82502], [-83.33697, 8.82853], [-83.33669, 8.83083], [-83.33751, 8.83393], [-83.34001, 8.83643], [-83.34042, 8.83873], [-83.34191, 8.84075], [-83.34801, 8.84373], [-83.35235, 8.84535], [-83.35547, 8.8467], [-83.35697, 8.84832], [-83.35683, 8.8494], [-83.35927, 8.85183], [-83.36388, 8.85454], [-83.36741, 8.85697], [-83.36944, 8.85711], [-83.37175, 8.85724], [-83.37324, 8.85778], [-83.37432, 8.85945], [-83.37396, 8.86013], [-83.3747, 8.86], [-83.37518, 8.85999], [-83.37557, 8.86007], [-83.37598, 8.8602], [-83.37634, 8.86024], [-83.37637, 8.86024], [-83.37799, 8.86116], [-83.38043, 8.86224], [-83.38477, 8.86441], [-83.38588, 8.86524], [-83.38581, 8.86544], [-83.38561, 8.8658], [-83.38547, 8.86614], [-83.38543, 8.86635], [-83.38541, 8.86657], [-83.38538, 8.86724], [-83.38539, 8.86755], [-83.38547, 8.8678], [-83.38559, 8.868], [-83.38567, 8.86806], [-83.38593, 8.86816], [-83.38618, 8.86822], [-83.38643, 8.86825], [-83.38671, 8.8683], [-83.38702, 8.86834], [-83.38736, 8.8685], [-83.38766, 8.8689], [-83.38777, 8.86903], [-83.38785, 8.8691], [-83.38798, 8.86914], [-83.38805, 8.86914], [-83.38828, 8.86908], [-83.38874, 8.86892], [-83.38906, 8.86875], [-83.3893, 8.86862], [-83.38951, 8.86855], [-83.38993, 8.86854], [-83.39024, 8.86859], [-83.39045, 8.86865], [-83.39165, 8.86955], [-83.39185, 8.86985], [-83.39209, 8.87157], [-83.39223, 8.87413], [-83.3929, 8.87508], [-83.39426, 8.87616], [-83.39562, 8.87683], [-83.3963, 8.87778], [-83.39752, 8.87751], [-83.40294, 8.8852], [-83.418, 8.88818], [-83.41949, 8.88967], [-83.42153, 8.89129], [-83.42397, 8.89143], [-83.42723, 8.88995], [-83.4313, 8.89049], [-83.4286, 8.86916], [-83.42871, 8.86913], [-83.42972, 8.87088], [-83.43206, 8.87137], [-83.43469, 8.87156], [-83.43664, 8.87311], [-83.4379, 8.8734], [-83.43966, 8.8736], [-83.44531, 8.87699], [-83.44638, 8.877], [-83.44979, 8.87564], [-83.45271, 8.8739], [-83.45515, 8.87196], [-83.45574, 8.87022], [-83.45613, 8.86905], [-83.45915, 8.86925], [-83.46149, 8.86906], [-83.46295, 8.86828], [-83.46266, 8.86741], [-83.46051, 8.86615], [-83.45983, 8.8645], [-83.45935, 8.86072], [-83.45876, 8.85752], [-83.4574, 8.85587], [-83.45438, 8.85519], [-83.45341, 8.85568], [-83.45244, 8.8552], [-83.45274, 8.85503], [-83.45284, 8.85496], [-83.45292, 8.85485], [-83.45327, 8.85418], [-83.45329, 8.85414], [-83.45331, 8.85408], [-83.45373, 8.85243], [-83.45404, 8.85191], [-83.45463, 8.85145], [-83.45517, 8.85122], [-83.45568, 8.85114], [-83.45618, 8.85128], [-83.4566, 8.85145], [-83.45847, 8.85294], [-83.45847, 8.85294], [-83.45849, 8.85296], [-83.46018, 8.85415], [-83.46027, 8.8542], [-83.46031, 8.85422], [-83.46129, 8.8545], [-83.46142, 8.85452], [-83.46148, 8.85451], [-83.46299, 8.85431], [-83.46307, 8.85429], [-83.46309, 8.85428], [-83.46454, 8.85374], [-83.46617, 8.85342], [-83.46726, 8.85363], [-83.46762, 8.85378], [-83.46783, 8.85398], [-83.46767, 8.85611], [-83.46841, 8.85688], [-83.47003, 8.85695], [-83.47307, 8.8556], [-83.47339, 8.85585], [-83.47345, 8.85711], [-83.47345, 8.85901], [-83.47277, 8.86129], [-83.47278, 8.86134], [-83.4727, 8.8616], [-83.47268, 8.86173], [-83.47269, 8.86175], [-83.47268, 8.86176], [-83.4728, 8.86375], [-83.47283, 8.86389], [-83.47284, 8.8639], [-83.47284, 8.8639], [-83.47335, 8.86508], [-83.47335, 8.86509], [-83.47339, 8.86516], [-83.4749, 8.86731], [-83.47493, 8.86734], [-83.47494, 8.86735], [-83.47638, 8.86897], [-83.47639, 8.86898], [-83.4764, 8.86899], [-83.47653, 8.86909], [-83.4774, 8.86947], [-83.47741, 8.86947], [-83.47741, 8.86947], [-83.4775, 8.8695], [-83.47859, 8.8697], [-83.47861, 8.8697], [-83.47862, 8.8697], [-83.48069, 8.86996], [-83.48074, 8.86996], [-83.4808, 8.86996], [-83.48355, 8.86962], [-83.48359, 8.86961], [-83.48362, 8.86961], [-83.48462, 8.86932], [-83.48466, 8.8693], [-83.48476, 8.86924], [-83.48573, 8.86852], [-83.48574, 8.86851], [-83.48575, 8.86851], [-83.48846, 8.86627], [-83.48958, 8.86543], [-83.48958, 8.86543], [-83.48958, 8.86543], [-83.49068, 8.86459], [-83.49072, 8.86455], [-83.49073, 8.86454], [-83.49074, 8.86454], [-83.49168, 8.86352], [-83.49169, 8.86349], [-83.49174, 8.86343], [-83.49221, 8.86255], [-83.49223, 8.86251], [-83.49226, 8.86236], [-83.49229, 8.86154], [-83.49229, 8.86153], [-83.49229, 8.86153], [-83.49228, 8.86141], [-83.49204, 8.86054], [-83.49202, 8.86048], [-83.49193, 8.86033], [-83.49186, 8.86028], [-83.49127, 8.85987], [-83.49118, 8.85982], [-83.49101, 8.85978], [-83.49094, 8.85979], [-83.48972, 8.85996], [-83.48905, 8.85967], [-83.48862, 8.85917], [-83.48975, 8.85861], [-83.48995, 8.85744], [-83.49053, 8.85647], [-83.4918, 8.85541], [-83.49375, 8.85512], [-83.49444, 8.8549], [-83.4946, 8.85516], [-83.49466, 8.85524], [-83.49481, 8.85533], [-83.49491, 8.85536], [-83.49585, 8.85552], [-83.49736, 8.85621], [-83.49737, 8.85621], [-83.49737, 8.85621], [-83.49751, 8.85624], [-83.49815, 8.8563], [-83.49816, 8.8563], [-83.49817, 8.8563], [-83.50043, 8.85643], [-83.50067, 8.85645], [-83.50064, 8.85656], [-83.50068, 8.85648], [-83.50108, 8.8565], [-83.50285, 8.85668], [-83.50398, 8.85668], [-83.50619, 8.85651], [-83.50762, 8.85603], [-83.50904, 8.85549], [-83.50902, 8.85544], [-83.50906, 8.85542], [-83.50912, 8.85539], [-83.50918, 8.85535], [-83.51017, 8.85445], [-83.51019, 8.85443], [-83.51021, 8.85441], [-83.511, 8.85352], [-83.51101, 8.85349], [-83.51105, 8.85345], [-83.51197, 8.85188], [-83.512, 8.85183], [-83.51201, 8.85178], [-83.51235, 8.85068], [-83.51237, 8.85055], [-83.51236, 8.85054], [-83.51237, 8.85054], [-83.51231, 8.84929], [-83.51254, 8.84829], [-83.51287, 8.84789], [-83.51338, 8.8477], [-83.51397, 8.84769], [-83.51399, 8.84769], [-83.51411, 8.84767], [-83.51486, 8.84742], [-83.5165, 8.84692], [-83.51677, 8.84695], [-83.51688, 8.84708], [-83.51687, 8.84785], [-83.51687, 8.84785], [-83.51687, 8.84785], [-83.51688, 8.84792], [-83.51711, 8.84944], [-83.51713, 8.8495], [-83.51713, 8.84952], [-83.51739, 8.85027], [-83.51739, 8.85028], [-83.5174, 8.8503], [-83.51745, 8.85039], [-83.51779, 8.85087], [-83.51862, 8.85218], [-83.51925, 8.85335], [-83.51837, 8.85372], [-83.51828, 8.85389], [-83.51801, 8.85368], [-83.51684, 8.85367], [-83.51577, 8.85338], [-83.51519, 8.8528], [-83.5145, 8.85222], [-83.51382, 8.8527], [-83.51216, 8.85435], [-83.51168, 8.85513], [-83.51207, 8.85571], [-83.51177, 8.85619], [-83.5107, 8.85609], [-83.51041, 8.85706], [-83.51002, 8.85755], [-83.50956, 8.85732], [-83.50956, 8.85731], [-83.50935, 8.85724], [-83.50862, 8.85672], [-83.50792, 8.85711], [-83.5074, 8.85857], [-83.5038, 8.85982], [-83.50216, 8.85926], [-83.50047, 8.85836], [-83.50032, 8.8582], [-83.50005, 8.85807], [-83.49908, 8.85826], [-83.49894, 8.85859], [-83.49952, 8.85931], [-83.49966, 8.85975], [-83.49957, 8.86023], [-83.49875, 8.85984], [-83.49841, 8.85979], [-83.49826, 8.86066], [-83.49874, 8.86114], [-83.49932, 8.86177], [-83.49942, 8.86205], [-83.49928, 8.86263], [-83.49981, 8.86273], [-83.5, 8.8623], [-83.50063, 8.8622], [-83.50111, 8.86263], [-83.50111, 8.86331], [-83.50087, 8.86407], [-83.50048, 8.86446], [-83.5, 8.86446], [-83.49985, 8.86422], [-83.50014, 8.86403], [-83.49995, 8.86364], [-83.49942, 8.8635], [-83.49894, 8.86378], [-83.4985, 8.86427], [-83.49855, 8.8647], [-83.49913, 8.86576], [-83.49932, 8.86696], [-83.49922, 8.86835], [-83.49884, 8.86907], [-83.49932, 8.86926], [-83.50034, 8.86927], [-83.50067, 8.8696], [-83.50058, 8.87027], [-83.50029, 8.87095], [-83.50048, 8.87119], [-83.50101, 8.87071], [-83.50174, 8.8708], [-83.50204, 8.87094], [-83.50244, 8.87139], [-83.50141, 8.8727], [-83.50077, 8.87263], [-83.50038, 8.87244], [-83.49971, 8.87229], [-83.49913, 8.87234], [-83.49869, 8.87205], [-83.49826, 8.87191], [-83.49821, 8.87287], [-83.49763, 8.87359], [-83.49676, 8.87426], [-83.49618, 8.87518], [-83.49613, 8.87643], [-83.49642, 8.87729], [-83.49603, 8.87825], [-83.49569, 8.87912], [-83.49598, 8.87969], [-83.49598, 8.87998], [-83.49313, 8.88296], [-83.49409, 8.8832], [-83.49501, 8.88287], [-83.49588, 8.88335], [-83.49646, 8.88407], [-83.49709, 8.88465], [-83.49796, 8.88479], [-83.49825, 8.88479], [-83.49994, 8.88513], [-83.50134, 8.8845], [-83.50192, 8.88369], [-83.50231, 8.88277], [-83.50275, 8.88297], [-83.50313, 8.88378], [-83.50366, 8.88426], [-83.50458, 8.88446], [-83.5055, 8.88393], [-83.50608, 8.88326], [-83.50656, 8.88292], [-83.50898, 8.88278], [-83.51065, 8.88545], [-83.51142, 8.88775], [-83.51205, 8.889], [-83.51205, 8.8902], [-83.51113, 8.89078], [-83.51011, 8.89136], [-83.50958, 8.89208], [-83.50958, 8.8941], [-83.50977, 8.89515], [-83.51026, 8.89612], [-83.51137, 8.89703], [-83.51195, 8.89741], [-83.51347, 8.89845], [-83.51395, 8.89874], [-83.51463, 8.8984], [-83.51502, 8.89797], [-83.51584, 8.89725], [-83.51739, 8.89787], [-83.51946, 8.8985], [-83.52101, 8.89836], [-83.5212, 8.89762], [-83.53048, 8.9015], [-83.52854, 8.90729], [-83.53765, 8.90913], [-83.54504, 8.91477], [-83.54527, 8.91495], [-83.56158, 8.92212], [-83.56164, 8.92215], [-83.56185, 8.92259], [-83.5618, 8.92261], [-83.56741, 8.93395], [-83.56737, 8.93409], [-83.56752, 8.9344], [-83.56776, 8.93508], [-83.56816, 8.93537], [-83.56856, 8.93527], [-83.56946, 8.93452], [-83.56966, 8.93475], [-83.56982, 8.93525], [-83.56977, 8.9361], [-83.56996, 8.93678], [-83.57034, 8.93697], [-83.57083, 8.9369], [-83.57144, 8.93644], [-83.57145, 8.93648], [-83.57144, 8.93671], [-83.57129, 8.93707], [-83.57094, 8.93751], [-83.57073, 8.93762], [-83.57038, 8.93774], [-83.57006, 8.93774], [-83.56974, 8.93785], [-83.56971, 8.93817], [-83.5697, 8.93819], [-83.56971, 8.93822], [-83.56971, 8.93826], [-83.56975, 8.9383], [-83.56993, 8.93868], [-83.57054, 8.93924], [-83.57056, 8.93948], [-83.57059, 8.93953], [-83.57059, 8.93956], [-83.5706, 8.93958], [-83.57066, 8.93975], [-83.57071, 8.93991], [-83.57129, 8.94009], [-83.57166, 8.94038], [-83.57287, 8.94115], [-83.57336, 8.94101], [-83.57344, 8.94093], [-83.57354, 8.94088], [-83.57358, 8.94078], [-83.57405, 8.94028], [-83.57413, 8.94032], [-83.57431, 8.9404], [-83.57445, 8.94102], [-83.57495, 8.94165], [-83.57556, 8.94191], [-83.5772, 8.94264], [-83.57776, 8.94292], [-83.57791, 8.94306], [-83.57775, 8.94309], [-83.57734, 8.943], [-83.57684, 8.94289], [-83.57635, 8.94295], [-83.57599, 8.94321], [-83.57567, 8.9435], [-83.57547, 8.94399], [-83.57535, 8.94452], [-83.57536, 8.94467], [-83.57533, 8.94489], [-83.57542, 8.94541], [-83.57575, 8.94562], [-83.57618, 8.94548], [-83.57724, 8.94501], [-83.57878, 8.94497], [-83.57894, 8.94527], [-83.57892, 8.94585], [-83.57883, 8.94641], [-83.5788, 8.94657], [-83.57871, 8.94692], [-83.5787, 8.94721], [-83.57868, 8.94734], [-83.5787, 8.94766], [-83.57868, 8.94842], [-83.57892, 8.94896], [-83.57932, 8.94929], [-83.5797, 8.94936], [-83.5802, 8.94925], [-83.58183, 8.94805], [-83.58214, 8.94762], [-83.58233, 8.94718], [-83.58228, 8.94711], [-83.58228, 8.94701], [-83.58216, 8.94658], [-83.58175, 8.9462], [-83.58165, 8.94582], [-83.5817, 8.94571], [-83.58183, 8.94544], [-83.58226, 8.94523], [-83.58306, 8.94518], [-83.58356, 8.94534], [-83.58392, 8.94576], [-83.58399, 8.94586], [-83.58414, 8.94611], [-83.58433, 8.94658], [-83.58439, 8.94685], [-83.58447, 8.94725], [-83.58459, 8.94741], [-83.58469, 8.94768], [-83.58469, 8.9477], [-83.58502, 8.94802], [-83.5858, 8.948], [-83.5863, 8.94753], [-83.58677, 8.94694], [-83.58687, 8.94692], [-83.58692, 8.94712], [-83.58705, 8.94767], [-83.58706, 8.9477], [-83.58726, 8.94847], [-83.58727, 8.9485], [-83.58774, 8.9492], [-83.58833, 8.94948], [-83.5885, 8.94955], [-83.58997, 8.94965], [-83.59001, 8.94967], [-83.5902, 8.94979], [-83.59034, 8.95042], [-83.59075, 8.95075], [-83.59066, 8.95093], [-83.59057, 8.95117], [-83.5906, 8.9512], [-83.59056, 8.95122], [-83.59051, 8.9515], [-83.59003, 8.95096], [-83.58924, 8.95033], [-83.58958, 8.95063], [-83.59015, 8.95135], [-83.59046, 8.95177], [-83.59043, 8.95197], [-83.59024, 8.95183], [-83.58997, 8.95192], [-83.58964, 8.95249], [-83.58909, 8.95327], [-83.58891, 8.95369], [-83.58891, 8.95429], [-83.58888, 8.95519], [-83.5887, 8.95552], [-83.58831, 8.95552], [-83.58852, 8.95564], [-83.58882, 8.95582], [-83.58903, 8.95567], [-83.58915, 8.95531], [-83.58924, 8.95489], [-83.58924, 8.95432], [-83.58924, 8.95375], [-83.58958, 8.95315], [-83.59, 8.95246], [-83.59024, 8.95219], [-83.59039, 8.95221], [-83.59037, 8.95231], [-83.59157, 8.95306], [-83.59382, 8.95499], [-83.59484, 8.95562], [-83.59562, 8.95553], [-83.59697, 8.95499], [-83.59732, 8.95518], [-83.59731, 8.9554], [-83.59726, 8.9557], [-83.59702, 8.95659], [-83.59702, 8.95699], [-83.59699, 8.95711], [-83.59701, 8.95788], [-83.59725, 8.95852], [-83.59733, 8.95881], [-83.59788, 8.95959], [-83.59797, 8.95968], [-83.59843, 8.96033], [-83.59853, 8.96041], [-83.60009, 8.96169], [-83.60069, 8.96227], [-83.60151, 8.96358], [-83.60157, 8.96461], [-83.60106, 8.96573], [-83.60062, 8.96641], [-83.60034, 8.96648], [-83.60014, 8.96645], [-83.60044, 8.96653], [-83.60052, 8.96657], [-83.60047, 8.96663], [-83.60099, 8.96679], [-83.60137, 8.96697], [-83.60146, 8.96693], [-83.60186, 8.96706], [-83.60335, 8.96795], [-83.60463, 8.96854], [-83.60565, 8.96948], [-83.6073, 8.97197], [-83.60915, 8.97491], [-83.61007, 8.97792], [-83.61036, 8.97962], [-83.61036, 8.98267], [-83.6096, 8.98207], [-83.6081, 8.98077], [-83.60732, 8.97838], [-83.60645, 8.97581], [-83.60482, 8.9747], [-83.60155, 8.97376], [-83.60028, 8.97373], [-83.59663, 8.97246], [-83.59579, 8.9713], [-83.59486, 8.97061], [-83.59204, 8.97065], [-83.59077, 8.97152], [-83.58783, 8.97246], [-83.58573, 8.97291], [-83.58469, 8.97347], [-83.58376, 8.9751], [-83.58395, 8.97782], [-83.58438, 8.98274], [-83.58435, 8.98399], [-83.585, 8.98592], [-83.58454, 8.98734], [-83.58397, 8.98721], [-83.58339, 8.98721], [-83.58228, 8.98745], [-83.58136, 8.98764], [-83.58064, 8.9873], [-83.58001, 8.98701], [-83.5802, 8.98639], [-83.58011, 8.98562], [-83.58093, 8.98528], [-83.58194, 8.98533], [-83.58218, 8.9849], [-83.58243, 8.98432], [-83.58199, 8.98413], [-83.5817, 8.98442], [-83.58131, 8.98427], [-83.58136, 8.98307], [-83.58122, 8.98235], [-83.58074, 8.98245], [-83.58073, 8.98326], [-83.5804, 8.9836], [-83.57996, 8.9835], [-83.57928, 8.98341], [-83.57909, 8.98447], [-83.57851, 8.98447], [-83.57832, 8.98509], [-83.57837, 8.98596], [-83.57798, 8.98663], [-83.57769, 8.98653], [-83.57756, 8.98652], [-83.57734, 8.9864], [-83.57706, 8.98646], [-83.57687, 8.98644], [-83.57711, 8.98581], [-83.57711, 8.9849], [-83.57667, 8.98471], [-83.57595, 8.98514], [-83.57551, 8.9861], [-83.57503, 8.98648], [-83.57435, 8.98639], [-83.57377, 8.98605], [-83.57305, 8.98576], [-83.57252, 8.98446], [-83.57218, 8.98446], [-83.57179, 8.984], [-83.57076, 8.98349], [-83.56996, 8.98233], [-83.56974, 8.98138], [-83.56967, 8.98044], [-83.56938, 8.98175], [-83.56996, 8.9832], [-83.57069, 8.98385], [-83.57157, 8.98451], [-83.57165, 8.98457], [-83.57145, 8.98499], [-83.57193, 8.98576], [-83.57213, 8.98653], [-83.57198, 8.9873], [-83.57218, 8.98793], [-83.57305, 8.98855], [-83.57338, 8.98956], [-83.57367, 8.99091], [-83.57445, 8.99206], [-83.57556, 8.99302], [-83.57711, 8.99398], [-83.57918, 8.99538], [-83.57996, 8.99664], [-83.5802, 8.99998], [-83.58085, 9.00057], [-83.58205, 9.0005], [-83.58437, 9.0005], [-83.5857, 9.00007], [-83.58816, 9.00083], [-83.58922, 9.00139], [-83.58964, 9.0011], [-83.5903, 9.00173], [-83.59093, 9.00211], [-83.59088, 9.00317], [-83.59137, 9.00437], [-83.59229, 9.00471], [-83.59407, 9.00528], [-83.59567, 9.00572], [-83.59722, 9.00596], [-83.59817, 9.00634], [-83.60451, 9.01447], [-83.60448, 9.02341], [-83.60413, 9.02341], [-83.60418, 9.02389], [-83.6048, 9.02523], [-83.60461, 9.02586], [-83.60495, 9.02701], [-83.60543, 9.02797], [-83.60558, 9.02908], [-83.60548, 9.02985], [-83.60592, 9.03177], [-83.60664, 9.0336], [-83.60727, 9.03446], [-83.60833, 9.03523], [-83.60891, 9.03615], [-83.60969, 9.03701], [-83.6107, 9.03725], [-83.6123, 9.0374], [-83.61404, 9.03788], [-83.6151, 9.03783], [-83.61597, 9.03735], [-83.61655, 9.03687], [-83.61733, 9.03701], [-83.6182, 9.03802], [-83.61868, 9.03898], [-83.61941, 9.04009], [-83.62124, 9.04086], [-83.62231, 9.04187], [-83.62361, 9.04321], [-83.624, 9.04307], [-83.62405, 9.04398], [-83.62376, 9.04442], [-83.62308, 9.04538], [-83.62332, 9.04557], [-83.62439, 9.04595], [-83.62613, 9.04677], [-83.62772, 9.04749], [-83.62917, 9.04793], [-83.63106, 9.04869], [-83.63314, 9.04874], [-83.63551, 9.04845], [-83.6374, 9.0477], [-83.63737, 9.04765], [-83.63736, 9.04764], [-83.63741, 9.04766], [-83.63757, 9.04789], [-83.63785, 9.04827], [-83.63797, 9.04857], [-83.63813, 9.04914], [-83.63838, 9.04953], [-83.63845, 9.0497], [-83.63865, 9.04995], [-83.63873, 9.05008], [-83.63938, 9.05103], [-83.63977, 9.05141], [-83.63979, 9.05145], [-83.64007, 9.05172], [-83.64081, 9.05268], [-83.64158, 9.05351], [-83.64248, 9.05458], [-83.64265, 9.05471], [-83.64301, 9.05517], [-83.64384, 9.05588], [-83.644, 9.05598], [-83.64402, 9.056], [-83.64474, 9.05641], [-83.64511, 9.05661], [-83.64545, 9.05685], [-83.64592, 9.05747], [-83.64646, 9.05815], [-83.64683, 9.05874], [-83.64747, 9.05957], [-83.64781, 9.05983], [-83.64815, 9.06004], [-83.64836, 9.06025], [-83.64884, 9.06084], [-83.64904, 9.06097], [-83.64944, 9.06134], [-83.65035, 9.0618], [-83.6505, 9.06191], [-83.65116, 9.06256], [-83.65139, 9.06282], [-83.65176, 9.06331], [-83.65252, 9.06342], [-83.65338, 9.06374], [-83.65372, 9.06398], [-83.65437, 9.06457], [-83.65502, 9.06516], [-83.65538, 9.06546], [-83.65548, 9.06549], [-83.65572, 9.0657], [-83.65586, 9.06835], [-83.65654, 9.06854], [-83.65707, 9.06888], [-83.65765, 9.06931], [-83.65838, 9.07037], [-83.65891, 9.07095], [-83.65896, 9.07129], [-83.65911, 9.07172], [-83.66061, 9.07331], [-83.66201, 9.07423], [-83.6626, 9.07476], [-83.66298, 9.07553], [-83.66342, 9.07664], [-83.66366, 9.07746], [-83.66449, 9.07779], [-83.66507, 9.07857], [-83.66575, 9.079], [-83.66613, 9.07881], [-83.66647, 9.07832], [-83.66701, 9.07794], [-83.66764, 9.07789], [-83.66812, 9.07775], [-83.66836, 9.0776], [-83.66866, 9.07746], [-83.66909, 9.07784], [-83.66953, 9.07804], [-83.66996, 9.07784], [-83.6704, 9.07751], [-83.67122, 9.07722], [-83.67193, 9.07701], [-83.67237, 9.07734], [-83.67312, 9.0777], [-83.67382, 9.07787], [-83.67442, 9.07778], [-83.67486, 9.07746], [-83.67515, 9.0773], [-83.67534, 9.07744], [-83.67549, 9.07773], [-83.67576, 9.07804], [-83.67612, 9.07833], [-83.67648, 9.07857], [-83.67675, 9.07862], [-83.67699, 9.07879], [-83.67716, 9.079], [-83.6774, 9.07927], [-83.67758, 9.0795], [-83.67785, 9.07964], [-83.67824, 9.07976], [-83.67836, 9.08], [-83.67853, 9.08012], [-83.6787, 9.08022], [-83.67882, 9.08036], [-83.6792, 9.08043], [-83.67966, 9.08053], [-83.67983, 9.08072], [-83.67981, 9.08096], [-83.67957, 9.0814], [-83.6792, 9.08176], [-83.67865, 9.08226], [-83.6786, 9.08255], [-83.67877, 9.08294], [-83.67865, 9.08313], [-83.67838, 9.08327], [-83.67799, 9.08361], [-83.67787, 9.08416], [-83.67795, 9.08525], [-83.67838, 9.08698], [-83.67887, 9.08777], [-83.67942, 9.08852], [-83.67988, 9.0889], [-83.68027, 9.08893], [-83.68058, 9.08883], [-83.68078, 9.08898], [-83.68092, 9.08917], [-83.68117, 9.08984], [-83.68136, 9.09035], [-83.68153, 9.09047], [-83.68196, 9.09054], [-83.68233, 9.09061], [-83.68242, 9.09078], [-83.6824, 9.09121], [-83.68238, 9.09162], [-83.68252, 9.09186], [-83.68286, 9.09218], [-83.68337, 9.0922], [-83.6838, 9.09234], [-83.68439, 9.09249], [-83.6846, 9.09239], [-83.68489, 9.09225], [-83.68526, 9.09208], [-83.68579, 9.09193], [-83.68647, 9.09196], [-83.68705, 9.09222], [-83.68753, 9.09251], [-83.68777, 9.09251], [-83.68814, 9.09242], [-83.68815, 9.09214], [-83.68826, 9.09188], [-83.68872, 9.09173], [-83.6886, 9.09143], [-83.68837, 9.09143], [-83.68815, 9.09143], [-83.68769, 9.09143], [-83.68724, 9.0912], [-83.68645, 9.09105], [-83.68524, 9.09086], [-83.68444, 9.09113], [-83.68395, 9.09147], [-83.68346, 9.09128], [-83.68334, 9.09079], [-83.68338, 9.0903], [-83.68316, 9.09004], [-83.68266, 9.08974], [-83.68217, 9.08966], [-83.68217, 9.08913], [-83.68189, 9.08867], [-83.68068, 9.08799], [-83.67988, 9.08735], [-83.67947, 9.08656], [-83.67947, 9.08536], [-83.67947, 9.0843], [-83.68003, 9.08325], [-83.68075, 9.08205], [-83.68124, 9.08077], [-83.68085, 9.08019], [-83.68024, 9.0797], [-83.67945, 9.07921], [-83.67858, 9.07891], [-83.67778, 9.0782], [-83.67676, 9.07744], [-83.67608, 9.0768], [-83.67544, 9.0765], [-83.67483, 9.0765], [-83.67389, 9.07673], [-83.67283, 9.07665], [-83.67204, 9.07613], [-83.67124, 9.07541], [-83.66984, 9.07331], [-83.66846, 9.07043], [-83.66789, 9.06938], [-83.66718, 9.06814], [-83.66661, 9.06626], [-83.66581, 9.06423], [-83.66487, 9.06209], [-83.66353, 9.06], [-83.66288, 9.05884], [-83.66241, 9.05801], [-83.66111, 9.05642], [-83.6589, 9.05308], [-83.65891, 9.05307], [-83.65873, 9.05283], [-83.65863, 9.05268], [-83.65862, 9.05268], [-83.65452, 9.04715], [-83.65004, 9.04239], [-83.64834, 9.04105], [-83.64752, 9.04017], [-83.64745, 9.04009], [-83.64744, 9.04008], [-83.64724, 9.03984], [-83.64669, 9.03755], [-83.6451, 9.03511], [-83.64365, 9.0324], [-83.64342, 9.03144], [-83.64219, 9.02919], [-83.64083, 9.028], [-83.63707, 9.02014], [-83.63548, 9.01499], [-83.63414, 9.00911], [-83.63389, 9.00294], [-83.63413, 8.99726], [-83.634, 8.99469], [-83.63405, 8.98901], [-83.6342, 8.98551], [-83.63381, 8.97826], [-83.63382, 8.97367], [-83.63353, 8.96991], [-83.63221, 8.96396], [-83.63188, 8.96254], [-83.63199, 8.96162], [-83.63213, 8.96002], [-83.63192, 8.95959], [-83.63159, 8.95891], [-83.63079, 8.95786], [-83.6304, 8.9571], [-83.62938, 8.95442], [-83.62918, 8.95373], [-83.62829, 8.95257], [-83.62743, 8.95158], [-83.62726, 8.95126], [-83.62726, 8.95126], [-83.62677, 8.95036], [-83.62601, 8.9491], [-83.62607, 8.94887], [-83.62604, 8.94765], [-83.62707, 8.94659], [-83.62746, 8.94623], [-83.6283, 8.94544], [-83.62874, 8.94488], [-83.62887, 8.94419], [-83.62854, 8.94071], [-83.62776, 8.93528], [-83.62757, 8.93267], [-83.62749, 8.9321], [-83.62734, 8.93178], [-83.62608, 8.93009], [-83.62506, 8.92867], [-83.62459, 8.92824], [-83.6232, 8.92752], [-83.62287, 8.92735], [-83.62207, 8.92701], [-83.62234, 8.92675], [-83.62267, 8.92626], [-83.62284, 8.9257], [-83.62298, 8.92532], [-83.62311, 8.92497], [-83.62407, 8.92383], [-83.62437, 8.92313], [-83.62447, 8.92207], [-83.62471, 8.92068], [-83.62444, 8.91731], [-83.62409, 8.91603], [-83.62432, 8.9151], [-83.62417, 8.91438], [-83.62416, 8.91431], [-83.62394, 8.91385], [-83.62323, 8.91326], [-83.62194, 8.91296], [-83.61852, 8.91199], [-83.61183, 8.91006], [-83.61153, 8.90953], [-83.61156, 8.9087], [-83.6114, 8.90802], [-83.6111, 8.90745], [-83.61024, 8.90686], [-83.60971, 8.90646], [-83.6098, 8.90611], [-83.60961, 8.90547], [-83.60842, 8.90299], [-83.60753, 8.90187], [-83.60763, 8.90118], [-83.61152, 8.89911], [-83.61567, 8.89687], [-83.61673, 8.89658], [-83.61743, 8.89592], [-83.61793, 8.8948], [-83.61909, 8.89404], [-83.61937, 8.89385], [-83.61983, 8.89338], [-83.62036, 8.89249], [-83.62089, 8.89101], [-83.62063, 8.88913], [-83.62057, 8.88619], [-83.62082, 8.88028], [-83.62083, 8.87698], [-83.62063, 8.87408], [-83.62008, 8.87193], [-83.61955, 8.87086], [-83.61876, 8.86883], [-83.6175, 8.86757], [-83.61651, 8.8675], [-83.61641, 8.8675], [-83.61537, 8.86747], [-83.61332, 8.86836], [-83.61278, 8.86835], [-83.61063, 8.86772], [-83.60877, 8.86735], [-83.60835, 8.86697], [-83.60788, 8.86679], [-83.60624, 8.86653], [-83.60586, 8.86652], [-83.60592, 8.86646], [-83.60478, 8.86634], [-83.60305, 8.86496], [-83.60238, 8.86392], [-83.60074, 8.86316], [-83.59996, 8.86268], [-83.5991, 8.86218], [-83.59694, 8.86214], [-83.59648, 8.86185], [-83.59482, 8.85977], [-83.59214, 8.85811], [-83.59161, 8.85715], [-83.59073, 8.85591], [-83.59032, 8.8555], [-83.58933, 8.8548], [-83.58919, 8.85444], [-83.59212, 8.85059], [-83.59823, 8.85129], [-83.59922, 8.85083], [-83.59925, 8.85076], [-83.60366, 8.84895], [-83.60556, 8.84741], [-83.60591, 8.84708], [-83.60586, 8.84705], [-83.6066, 8.84607], [-83.60723, 8.84389], [-83.60717, 8.84273], [-83.60535, 8.84019], [-83.60469, 8.83913], [-83.60353, 8.83702], [-83.60403, 8.83557], [-83.60649, 8.83531], [-83.60858, 8.83376], [-83.60918, 8.83297], [-83.61005, 8.82888], [-83.60989, 8.82809], [-83.61054, 8.82703], [-83.6155, 8.82558], [-83.61745, 8.82528], [-83.61839, 8.82514], [-83.61995, 8.82277], [-83.62103, 8.82058], [-83.62244, 8.82048], [-83.62277, 8.82093], [-83.62336, 8.82133], [-83.62344, 8.82135], [-83.62401, 8.82175], [-83.62472, 8.82189], [-83.62541, 8.82176], [-83.62583, 8.8215], [-83.62626, 8.82139], [-83.62671, 8.82109], [-83.62693, 8.82103], [-83.62732, 8.8208], [-83.62753, 8.82065], [-83.62782, 8.82059], [-83.62824, 8.82032], [-83.62843, 8.82027], [-83.62874, 8.82007], [-83.62909, 8.81998], [-83.62962, 8.81966], [-83.62976, 8.81952], [-83.62992, 8.81931], [-83.63022, 8.8191], [-83.63054, 8.81886], [-83.63079, 8.81846], [-83.63095, 8.81825], [-83.63108, 8.81758], [-83.63108, 8.81746], [-83.63119, 8.8173], [-83.63121, 8.81712], [-83.63174, 8.817], [-83.63219, 8.81673], [-83.63231, 8.81663], [-83.63244, 8.81649], [-83.63258, 8.81645], [-83.63268, 8.81636], [-83.63295, 8.81655], [-83.63365, 8.81683], [-83.63424, 8.81695], [-83.63483, 8.81698], [-83.63555, 8.81683], [-83.63589, 8.81666], [-83.63644, 8.81625], [-83.63669, 8.81603], [-83.63703, 8.81551], [-83.63719, 8.81536], [-83.63759, 8.8148], [-83.63772, 8.81413], [-83.63775, 8.81405], [-83.63787, 8.81353], [-83.63787, 8.81332], [-83.63795, 8.81325], [-83.63799, 8.81313], [-83.63807, 8.81313], [-83.63868, 8.81302], [-83.63883, 8.81294], [-83.63903, 8.81291], [-83.63952, 8.81279], [-83.64011, 8.81238], [-83.64051, 8.81176], [-83.64076, 8.81156], [-83.64088, 8.81141], [-83.64109, 8.81108], [-83.64119, 8.81092], [-83.64134, 8.81081], [-83.64173, 8.81023], [-83.64181, 8.80983], [-83.64208, 8.80941], [-83.64218, 8.80893], [-83.64233, 8.8087], [-83.64247, 8.808], [-83.64252, 8.80789], [-83.64268, 8.80713], [-83.64275, 8.80702], [-83.6429, 8.80636], [-83.64285, 8.80609], [-83.64296, 8.80553], [-83.64321, 8.80516], [-83.64334, 8.80457], [-83.64348, 8.80435], [-83.64364, 8.8037], [-83.64426, 8.80329], [-83.64436, 8.80314], [-83.64498, 8.80274], [-83.64511, 8.80254], [-83.64555, 8.80224], [-83.64594, 8.80184], [-83.64607, 8.80163], [-83.64643, 8.80141], [-83.64665, 8.80136], [-83.64727, 8.80097], [-83.64767, 8.80036], [-83.64773, 8.80006], [-83.64808, 8.79956], [-83.64822, 8.79888], [-83.64818, 8.79844], [-83.64827, 8.79795], [-83.64816, 8.79732], [-83.64809, 8.79712], [-83.64821, 8.79696], [-83.64861, 8.79637], [-83.64877, 8.79625], [-83.64909, 8.79586], [-83.64943, 8.79561], [-83.64981, 8.79539], [-83.6499, 8.79535], [-83.65025, 8.79528], [-83.65069, 8.79503], [-83.65097, 8.795], [-83.65111, 8.79496], [-83.6513, 8.79484], [-83.65145, 8.79483], [-83.65153, 8.7948], [-83.65205, 8.79469], [-83.65262, 8.79432], [-83.65285, 8.79398], [-83.65325, 8.79372], [-83.6534, 8.7935], [-83.65392, 8.79315], [-83.65432, 8.79257], [-83.65445, 8.79189], [-83.65445, 8.79074], [-83.65435, 8.7902], [-83.6541, 8.78936], [-83.6537, 8.78876], [-83.65312, 8.78836], [-83.65279, 8.78823], [-83.65233, 8.78792], [-83.65215, 8.78786], [-83.65171, 8.78759], [-83.65142, 8.78748], [-83.65107, 8.78728], [-83.65038, 8.78714], [-83.64968, 8.78727], [-83.64939, 8.78743], [-83.64878, 8.78755], [-83.64821, 8.78792], [-83.64785, 8.78797], [-83.64769, 8.78799], [-83.64738, 8.78794], [-83.64715, 8.78798], [-83.6471, 8.78762], [-83.64699, 8.78645], [-83.64686, 8.78594], [-83.64664, 8.78553], [-83.64638, 8.7852], [-83.6455, 8.78402], [-83.64492, 8.78311], [-83.64463, 8.78256], [-83.64338, 8.78019], [-83.64214, 8.77787], [-83.64122, 8.77619], [-83.64017, 8.77454], [-83.6395, 8.7741], [-83.63957, 8.77331], [-83.64004, 8.77298], [-83.64054, 8.77226], [-83.64091, 8.7716], [-83.64104, 8.7712], [-83.64157, 8.77134], [-83.64246, 8.77127], [-83.64372, 8.77052], [-83.64434, 8.76962], [-83.64512, 8.76913], [-83.64533, 8.76912], [-83.64628, 8.76858], [-83.64708, 8.76828], [-83.64821, 8.76848], [-83.64953, 8.76812], [-83.65015, 8.76771], [-83.65053, 8.76723], [-83.65082, 8.76673], [-83.65098, 8.76603], [-83.65095, 8.76507], [-83.64915, 8.76505], [-83.64915, 8.766], [-83.64884, 8.76645], [-83.64841, 8.76646], [-83.64822, 8.76666], [-83.64765, 8.76645], [-83.64745, 8.76654], [-83.64727, 8.76648], [-83.64709, 8.76616], [-83.64686, 8.76615], [-83.64658, 8.76656], [-83.64595, 8.76661], [-83.64582, 8.7668], [-83.64534, 8.76685], [-83.64489, 8.76736], [-83.64449, 8.7673], [-83.6442, 8.76757], [-83.64381, 8.7676], [-83.6436, 8.76801], [-83.6431, 8.7682], [-83.64292, 8.76857], [-83.64255, 8.76871], [-83.64252, 8.7691], [-83.64239, 8.76923], [-83.64204, 8.76917], [-83.642, 8.76938], [-83.64179, 8.7695], [-83.64163, 8.7695], [-83.64137, 8.76924], [-83.64131, 8.76878], [-83.64091, 8.76844], [-83.6409, 8.76844], [-83.6409, 8.76843], [-83.64089, 8.76844], [-83.64051, 8.76833], [-83.64005, 8.76861], [-83.63983, 8.76886], [-83.63975, 8.76891], [-83.63937, 8.76938], [-83.63935, 8.76959], [-83.63935, 8.76994], [-83.63917, 8.77018], [-83.63928, 8.77095], [-83.63898, 8.77107], [-83.63898, 8.77126], [-83.63898, 8.77139], [-83.63876, 8.7715], [-83.63867, 8.77178], [-83.63827, 8.77167], [-83.63807, 8.77165], [-83.6379, 8.77163], [-83.6379, 8.77114], [-83.63669, 8.77188], [-83.63575, 8.77131], [-83.63445, 8.77141], [-83.6346, 8.77054], [-83.63474, 8.77026], [-83.63434, 8.76952], [-83.6336, 8.76907], [-83.63273, 8.76895], [-83.63265, 8.76893], [-83.63251, 8.76892], [-83.63234, 8.7689], [-83.63209, 8.76889], [-83.63143, 8.76884], [-83.63127, 8.76886], [-83.63074, 8.76884], [-83.62942, 8.76907], [-83.62799, 8.76946], [-83.62776, 8.7696], [-83.62714, 8.76983], [-83.62707, 8.77001], [-83.62702, 8.77003], [-83.62645, 8.77072], [-83.62611, 8.77106], [-83.62565, 8.77106], [-83.62496, 8.77089], [-83.62475, 8.77098], [-83.6246, 8.7702], [-83.62492, 8.76953], [-83.62496, 8.76908], [-83.62478, 8.76877], [-83.62411, 8.76873], [-83.62353, 8.76873], [-83.62331, 8.76864], [-83.62326, 8.7681], [-83.62308, 8.76748], [-83.62264, 8.76686], [-83.62147, 8.76601], [-83.62062, 8.76592], [-83.61986, 8.76619], [-83.6191, 8.76619], [-83.61861, 8.76606], [-83.61825, 8.76641], [-83.61753, 8.76677], [-83.61807, 8.76797], [-83.61802, 8.76886], [-83.61771, 8.76957], [-83.61744, 8.7698], [-83.61753, 8.77073], [-83.61793, 8.77158], [-83.6178, 8.77247], [-83.6174, 8.77389], [-83.61695, 8.77469], [-83.61686, 8.77536], [-83.61695, 8.77594], [-83.61686, 8.77661], [-83.6161, 8.77723], [-83.61431, 8.77772], [-83.61408, 8.77754], [-83.61413, 8.77705], [-83.61449, 8.77639], [-83.61449, 8.77541], [-83.61426, 8.77469], [-83.61413, 8.77389], [-83.61391, 8.77358], [-83.61355, 8.77367], [-83.6131, 8.7738], [-83.61252, 8.77367], [-83.61225, 8.77349], [-83.61234, 8.77305], [-83.61292, 8.77251], [-83.61332, 8.77193], [-83.61341, 8.77158], [-83.61297, 8.77113], [-83.61279, 8.77078], [-83.61301, 8.77006], [-83.61306, 8.76975], [-83.61283, 8.76935], [-83.61225, 8.76882], [-83.61185, 8.76855], [-83.61167, 8.76833], [-83.6114, 8.76828], [-83.611, 8.76864], [-83.6105, 8.76882], [-83.60997, 8.76846], [-83.60965, 8.76721], [-83.60921, 8.76583], [-83.60894, 8.76543], [-83.6088, 8.76481], [-83.60849, 8.7645], [-83.60742, 8.76432], [-83.60683, 8.76423], [-83.6063, 8.76387], [-83.60607, 8.76316], [-83.60625, 8.76227], [-83.60648, 8.7616], [-83.6063, 8.76124], [-83.60567, 8.7612], [-83.60518, 8.76089], [-83.60518, 8.76026], [-83.60513, 8.76004], [-83.60487, 8.75995], [-83.60455, 8.75986], [-83.60428, 8.75915], [-83.60384, 8.75831], [-83.60343, 8.75759], [-83.60346, 8.75688], [-83.60305, 8.75688], [-83.60301, 8.7575], [-83.60283, 8.7579], [-83.60287, 8.75862], [-83.60314, 8.75915], [-83.60328, 8.75951], [-83.60314, 8.76], [-83.60274, 8.76004], [-83.6018, 8.76], [-83.6014, 8.76018], [-83.60122, 8.76044], [-83.6014, 8.76089], [-83.60149, 8.76138], [-83.60126, 8.76182], [-83.60135, 8.76218], [-83.60207, 8.76285], [-83.60234, 8.76343], [-83.60234, 8.76369], [-83.60175, 8.76485], [-83.6009, 8.76583], [-83.60061, 8.76629], [-83.60033, 8.76662], [-83.60033, 8.76781], [-83.60038, 8.76807], [-83.60041, 8.76874], [-83.60059, 8.76949], [-83.6005, 8.76993], [-83.60077, 8.77055], [-83.60117, 8.77144], [-83.60166, 8.77202], [-83.60198, 8.77282], [-83.60175, 8.77313], [-83.6013, 8.77313], [-83.60086, 8.77313], [-83.60068, 8.7734], [-83.60068, 8.77394], [-83.60041, 8.77411], [-83.59996, 8.7742], [-83.59929, 8.77402], [-83.59884, 8.77385], [-83.59857, 8.77402], [-83.59875, 8.77465], [-83.59866, 8.77478], [-83.59844, 8.77496], [-83.59804, 8.77491], [-83.59759, 8.7746], [-83.59705, 8.77451], [-83.5966, 8.77438], [-83.59625, 8.77398], [-83.59593, 8.77358], [-83.5958, 8.77367], [-83.59566, 8.77398], [-83.59553, 8.77411], [-83.59526, 8.7742], [-83.59517, 8.77438], [-83.59535, 8.77451], [-83.59584, 8.77482], [-83.59607, 8.77518], [-83.59607, 8.77545], [-83.59589, 8.77585], [-83.59598, 8.77607], [-83.5962, 8.77607], [-83.59665, 8.77616], [-83.5971, 8.77638], [-83.59736, 8.77696], [-83.59786, 8.77768], [-83.59826, 8.77825], [-83.59857, 8.77839], [-83.59898, 8.77834], [-83.5992, 8.77834], [-83.59924, 8.77861], [-83.59911, 8.77879], [-83.59835, 8.77919], [-83.59799, 8.77963], [-83.59768, 8.78004], [-83.59763, 8.78048], [-83.59808, 8.78088], [-83.59871, 8.78133], [-83.59915, 8.78142], [-83.59951, 8.78124], [-83.59978, 8.78097], [-83.6, 8.78093], [-83.60023, 8.78106], [-83.60027, 8.78133], [-83.60027, 8.78173], [-83.60018, 8.78208], [-83.59983, 8.78231], [-83.59933, 8.78235], [-83.5992, 8.78271], [-83.59929, 8.78311], [-83.59969, 8.7836], [-83.60036, 8.78422], [-83.60094, 8.78507], [-83.60135, 8.78618], [-83.60179, 8.78672], [-83.60229, 8.78729], [-83.60242, 8.78787], [-83.60247, 8.78859], [-83.60197, 8.78943], [-83.60108, 8.7908], [-83.60108, 8.79081], [-83.60099, 8.79081], [-83.60057, 8.79082], [-83.59864, 8.79103], [-83.59797, 8.79124], [-83.59641, 8.79155], [-83.59504, 8.79223], [-83.59401, 8.79309], [-83.59321, 8.79399], [-83.59264, 8.79434], [-83.59195, 8.79434], [-83.59175, 8.79429], [-83.59122, 8.79378], [-83.59085, 8.7935], [-83.58912, 8.79301], [-83.58878, 8.79295], [-83.58662, 8.79258], [-83.58565, 8.79247], [-83.5848, 8.79254], [-83.5846, 8.79261], [-83.58441, 8.79269], [-83.58395, 8.7928], [-83.58338, 8.79303], [-83.58275, 8.79308], [-83.58272, 8.79307], [-83.58221, 8.79197], [-83.58173, 8.79116], [-83.5809, 8.79049], [-83.58044, 8.78995], [-83.58027, 8.78939], [-83.58025, 8.78905], [-83.58029, 8.78861], [-83.5805, 8.78824], [-83.58064, 8.78811], [-83.58141, 8.78746], [-83.58147, 8.78733], [-83.58168, 8.78643], [-83.58222, 8.78559], [-83.58222, 8.78547], [-83.58215, 8.78539], [-83.5818, 8.78543], [-83.58147, 8.78566], [-83.58026, 8.78681], [-83.57949, 8.78726], [-83.5792, 8.7873], [-83.57902, 8.78726], [-83.57856, 8.78673], [-83.57845, 8.78669], [-83.57796, 8.78709], [-83.57767, 8.78757], [-83.57729, 8.78783], [-83.57694, 8.78783], [-83.57638, 8.78749], [-83.57606, 8.78716], [-83.57567, 8.7866], [-83.57558, 8.78658], [-83.57508, 8.78658], [-83.5745, 8.78668], [-83.57398, 8.7866], [-83.57379, 8.78641], [-83.57383, 8.78625], [-83.57394, 8.78614], [-83.57464, 8.78587], [-83.57483, 8.78568], [-83.57481, 8.78539], [-83.5745, 8.78436], [-83.57451, 8.78363], [-83.57456, 8.78346], [-83.5748, 8.78323], [-83.57495, 8.78319], [-83.57518, 8.78296], [-83.5753, 8.78258], [-83.57524, 8.78248], [-83.57515, 8.78246], [-83.57409, 8.78267], [-83.57301, 8.78298], [-83.57256, 8.78299], [-83.57226, 8.78288], [-83.57133, 8.78291], [-83.57108, 8.78255], [-83.57075, 8.78264], [-83.57056, 8.78264], [-83.57039, 8.78255], [-83.56987, 8.78197], [-83.56933, 8.78117], [-83.56914, 8.78099], [-83.56902, 8.78115], [-83.569, 8.78136], [-83.56908, 8.7817], [-83.56943, 8.78239], [-83.56958, 8.78285], [-83.56963, 8.78325], [-83.56958, 8.78369], [-83.56944, 8.78402], [-83.56925, 8.78417], [-83.56894, 8.78429], [-83.56878, 8.78425], [-83.56852, 8.78406], [-83.5681, 8.78268], [-83.56798, 8.78252], [-83.56783, 8.78248], [-83.5676, 8.78267], [-83.56744, 8.78287], [-83.56732, 8.78313], [-83.56732, 8.78375], [-83.56749, 8.78423], [-83.56749, 8.78507], [-83.56736, 8.78559], [-83.56701, 8.78597], [-83.56664, 8.78612], [-83.56601, 8.78612], [-83.56581, 8.78604], [-83.56555, 8.78581], [-83.56535, 8.78531], [-83.5651, 8.78483], [-83.56495, 8.78464], [-83.56453, 8.78431], [-83.56439, 8.78424], [-83.56382, 8.7842], [-83.56339, 8.78454], [-83.56312, 8.78519], [-83.56277, 8.78578], [-83.56212, 8.78651], [-83.56181, 8.78703], [-83.56169, 8.78745], [-83.56153, 8.78768], [-83.56138, 8.78772], [-83.56115, 8.78752], [-83.56092, 8.78691], [-83.56061, 8.78641], [-83.56038, 8.78626], [-83.56011, 8.78622], [-83.55984, 8.78625], [-83.55921, 8.78633], [-83.55898, 8.78633], [-83.55893, 8.78631], [-83.5588, 8.78625], [-83.55853, 8.78595], [-83.55838, 8.78549], [-83.55796, 8.78499], [-83.55754, 8.78475], [-83.55715, 8.78429], [-83.557, 8.78418], [-83.55615, 8.78418], [-83.55519, 8.78364], [-83.5548, 8.78371], [-83.55469, 8.78383], [-83.55465, 8.784], [-83.55473, 8.78429], [-83.55507, 8.78463], [-83.55628, 8.78525], [-83.55673, 8.78556], [-83.55684, 8.78571], [-83.55684, 8.78583], [-83.55672, 8.78594], [-83.55638, 8.78598], [-83.55574, 8.7859], [-83.55538, 8.78598], [-83.55522, 8.78613], [-83.55518, 8.7863], [-83.55535, 8.78691], [-83.55535, 8.78718], [-83.5553, 8.78735], [-83.55522, 8.78743], [-83.55487, 8.78747], [-83.55437, 8.78708], [-83.55399, 8.78708], [-83.55379, 8.78724], [-83.55341, 8.78789], [-83.55323, 8.78836], [-83.55313, 8.78888], [-83.55319, 8.78925], [-83.55329, 8.78953], [-83.55367, 8.79015], [-83.55375, 8.79068], [-83.55371, 8.79099], [-83.55355, 8.79114], [-83.5523, 8.7912], [-83.55205, 8.79125], [-83.55139, 8.79211], [-83.55099, 8.79252], [-83.55062, 8.79274], [-83.55023, 8.79278], [-83.54848, 8.79268], [-83.54806, 8.79258], [-83.5474, 8.79224], [-83.54689, 8.79181], [-83.54673, 8.79132], [-83.54677, 8.79112], [-83.5472, 8.79078], [-83.54793, 8.79055], [-83.54839, 8.79017], [-83.54851, 8.78979], [-83.54851, 8.78967], [-83.54839, 8.78952], [-83.54818, 8.78965], [-83.54789, 8.78998], [-83.5477, 8.79005], [-83.54735, 8.79005], [-83.54724, 8.7899], [-83.54716, 8.78888], [-83.54722, 8.78858], [-83.54744, 8.78814], [-83.54771, 8.78791], [-83.54798, 8.78783], [-83.54821, 8.78791], [-83.54863, 8.78837], [-83.54878, 8.78841], [-83.54925, 8.78818], [-83.54961, 8.78824], [-83.54986, 8.78837], [-83.55005, 8.78837], [-83.55032, 8.78826], [-83.55075, 8.78778], [-83.55114, 8.78706], [-83.55131, 8.78683], [-83.55158, 8.78662], [-83.55218, 8.78639], [-83.55233, 8.78627], [-83.55245, 8.78627], [-83.55291, 8.78593], [-83.5531, 8.78566], [-83.55314, 8.78547], [-83.55288, 8.78478], [-83.55288, 8.78417], [-83.55299, 8.78386], [-83.55346, 8.78317], [-83.55354, 8.78285], [-83.5535, 8.78264], [-83.55334, 8.78241], [-83.55277, 8.78191], [-83.55257, 8.78112], [-83.55238, 8.7808], [-83.55227, 8.78072], [-83.55156, 8.78058], [-83.551, 8.78037], [-83.55065, 8.77995], [-83.55054, 8.77945], [-83.55043, 8.77926], [-83.54981, 8.77868], [-83.54931, 8.77826], [-83.54881, 8.77768], [-83.54843, 8.77707], [-83.54831, 8.77703], [-83.5482, 8.77714], [-83.54808, 8.77753], [-83.54793, 8.77768], [-83.54773, 8.77768], [-83.54754, 8.77749], [-83.54745, 8.77716], [-83.54743, 8.77668], [-83.54768, 8.77613], [-83.54793, 8.77588], [-83.54816, 8.77576], [-83.54901, 8.77588], [-83.54943, 8.77619], [-83.54966, 8.77619], [-83.54978, 8.77611], [-83.54986, 8.77592], [-83.55001, 8.77577], [-83.55017, 8.77577], [-83.55032, 8.77588], [-83.55063, 8.77592], [-83.55119, 8.77533], [-83.55144, 8.7752], [-83.552, 8.77518], [-83.55323, 8.77549], [-83.55373, 8.77549], [-83.55398, 8.77536], [-83.55388, 8.77526], [-83.55329, 8.77493], [-83.5531, 8.77467], [-83.55312, 8.77434], [-83.55333, 8.77357], [-83.55378, 8.7725], [-83.5538, 8.77225], [-83.55366, 8.77208], [-83.55341, 8.77191], [-83.55318, 8.77187], [-83.55301, 8.77196], [-83.55229, 8.77256], [-83.55181, 8.77257], [-83.55127, 8.77244], [-83.55079, 8.77255], [-83.55067, 8.77267], [-83.55042, 8.77276], [-83.5499, 8.77278], [-83.5494, 8.77312], [-83.54894, 8.77316], [-83.54856, 8.77289], [-83.54848, 8.77274], [-83.54848, 8.77232], [-83.54879, 8.77161], [-83.54879, 8.77147], [-83.54867, 8.77136], [-83.54848, 8.7714], [-83.54837, 8.77151], [-83.54825, 8.77151], [-83.5481, 8.77163], [-83.54758, 8.77164], [-83.54744, 8.7717], [-83.54744, 8.77204], [-83.54732, 8.7722], [-83.54719, 8.77226], [-83.54628, 8.77243], [-83.54582, 8.77285], [-83.54572, 8.77309], [-83.54535, 8.77461], [-83.5452, 8.77476], [-83.54481, 8.77476], [-83.54464, 8.77462], [-83.54431, 8.77416], [-83.54385, 8.77334], [-83.5437, 8.77276], [-83.54359, 8.77265], [-83.54343, 8.77276], [-83.54312, 8.77337], [-83.54293, 8.77345], [-83.5427, 8.77326], [-83.54243, 8.77284], [-83.54205, 8.77272], [-83.54189, 8.7728], [-83.54156, 8.7732], [-83.5411, 8.774], [-83.54089, 8.77413], [-83.54071, 8.77413], [-83.54054, 8.77398], [-83.5405, 8.77385], [-83.5407, 8.77325], [-83.54068, 8.77285], [-83.54054, 8.77252], [-83.54024, 8.77222], [-83.53993, 8.77222], [-83.53935, 8.77256], [-83.53908, 8.77256], [-83.53889, 8.77237], [-83.53887, 8.77158], [-83.53874, 8.77141], [-83.53814, 8.77139], [-83.53785, 8.77118], [-83.53778, 8.77079], [-83.53762, 8.77064], [-83.53724, 8.77052], [-83.53705, 8.77029], [-83.53697, 8.76989], [-83.53701, 8.76933], [-83.53689, 8.76926], [-83.53668, 8.76943], [-83.53624, 8.77002], [-83.53608, 8.77006], [-83.53551, 8.76931], [-83.53528, 8.7691], [-83.5352, 8.7691], [-83.53507, 8.76931], [-83.53506, 8.76992], [-83.5352, 8.77084], [-83.53516, 8.77105], [-83.53504, 8.77117], [-83.53469, 8.77128], [-83.5345, 8.77144], [-83.53442, 8.77159], [-83.53481, 8.77209], [-83.53542, 8.77268], [-83.53565, 8.77301], [-83.53573, 8.77364], [-83.53569, 8.77427], [-83.53584, 8.77447], [-83.5363, 8.77462], [-83.53642, 8.77474], [-83.53645, 8.77523], [-83.53672, 8.77554], [-83.53734, 8.77581], [-83.53824, 8.77633], [-83.53838, 8.7765], [-83.53843, 8.77683], [-83.53843, 8.77737], [-83.5383, 8.77769], [-83.53806, 8.77788], [-83.53739, 8.7779], [-83.53697, 8.77782], [-83.53647, 8.77767], [-83.53556, 8.77753], [-83.53549, 8.77757], [-83.53541, 8.77768], [-83.53545, 8.7778], [-83.53566, 8.77795], [-83.53641, 8.77834], [-83.537, 8.77859], [-83.53729, 8.77884], [-83.53735, 8.77897], [-83.53741, 8.77949], [-83.53735, 8.78008], [-83.53717, 8.78068], [-83.53694, 8.78106], [-83.5368, 8.78161], [-83.5367, 8.78244], [-83.53659, 8.78259], [-83.53622, 8.78274], [-83.53564, 8.78312], [-83.53516, 8.78355], [-83.53458, 8.78423], [-83.53425, 8.7844], [-83.53352, 8.78444], [-83.53331, 8.78461], [-83.53304, 8.785], [-83.53267, 8.78507], [-83.53211, 8.78495], [-83.53138, 8.78495], [-83.53125, 8.78488], [-83.53065, 8.78445], [-83.53046, 8.78441], [-83.53011, 8.78468], [-83.52972, 8.78545], [-83.52934, 8.78575], [-83.52909, 8.78585], [-83.52849, 8.7859], [-83.52832, 8.78579], [-83.52795, 8.78542], [-83.52776, 8.78513], [-83.52753, 8.78517], [-83.52722, 8.78548], [-83.52699, 8.78552], [-83.52653, 8.78521], [-83.52641, 8.78536], [-83.52664, 8.78586], [-83.52695, 8.78617], [-83.52764, 8.78636], [-83.52818, 8.78701], [-83.52853, 8.78724], [-83.52866, 8.78742], [-83.52879, 8.78767], [-83.52879, 8.78801], [-83.52856, 8.78828], [-83.52827, 8.78845], [-83.52817, 8.78858], [-83.52817, 8.7892], [-83.52802, 8.78939], [-83.52752, 8.78942], [-83.52732, 8.78962], [-83.52736, 8.79011], [-83.52752, 8.79036], [-83.52798, 8.7909], [-83.52809, 8.79117], [-83.52863, 8.792], [-83.52867, 8.79234], [-83.52861, 8.79305], [-83.52872, 8.79351], [-83.52872, 8.79412], [-83.52866, 8.79433], [-83.52843, 8.79464], [-83.52816, 8.79468], [-83.52762, 8.79397], [-83.52716, 8.79347], [-83.52705, 8.7931], [-83.52708, 8.79272], [-83.52697, 8.79257], [-83.52678, 8.79253], [-83.52657, 8.79239], [-83.52616, 8.79184], [-83.52607, 8.79187], [-83.52551, 8.79233], [-83.52472, 8.79243], [-83.52454, 8.79252], [-83.52454, 8.79271], [-83.52468, 8.793], [-83.52469, 8.79333], [-83.52466, 8.79375], [-83.52446, 8.79407], [-83.52417, 8.7944], [-83.52381, 8.79463], [-83.52334, 8.79474], [-83.52319, 8.79485], [-83.5228, 8.79485], [-83.52238, 8.79455], [-83.52198, 8.79449], [-83.52176, 8.79439], [-83.52157, 8.79412], [-83.52153, 8.79389], [-83.52134, 8.7937], [-83.52111, 8.79366], [-83.52084, 8.79343], [-83.52065, 8.79312], [-83.52044, 8.79308], [-83.51996, 8.79285], [-83.51957, 8.79285], [-83.5195, 8.79293], [-83.51969, 8.79323], [-83.51969, 8.79343], [-83.51946, 8.79373], [-83.51945, 8.79389], [-83.51961, 8.79412], [-83.51968, 8.79442], [-83.5198, 8.79454], [-83.52045, 8.79492], [-83.52107, 8.79584], [-83.52107, 8.79619], [-83.52087, 8.79634], [-83.52037, 8.79638], [-83.52014, 8.79661], [-83.52006, 8.79691], [-83.51983, 8.79714], [-83.51941, 8.79714], [-83.51921, 8.7973], [-83.51883, 8.79733], [-83.51825, 8.79714], [-83.51794, 8.79718], [-83.51725, 8.79752], [-83.51721, 8.79762], [-83.51736, 8.79775], [-83.51817, 8.79775], [-83.5191, 8.79833], [-83.51965, 8.79835], [-83.52006, 8.79822], [-83.52099, 8.7973], [-83.52106, 8.7973], [-83.52122, 8.79749], [-83.52121, 8.79814], [-83.52104, 8.79839], [-83.52079, 8.79856], [-83.52039, 8.79866], [-83.51961, 8.79869], [-83.51933, 8.79879], [-83.51917, 8.7989], [-83.51873, 8.799], [-83.51688, 8.79909], [-83.51674, 8.79917], [-83.51674, 8.79928], [-83.5173, 8.79949], [-83.51923, 8.79973], [-83.51961, 8.79986], [-83.51994, 8.80013], [-83.52001, 8.80031], [-83.52001, 8.80048], [-83.52009, 8.80055], [-83.51997, 8.80109], [-83.52005, 8.80117], [-83.52015, 8.80117], [-83.52051, 8.80077], [-83.52071, 8.80033], [-83.52086, 8.80017], [-83.52102, 8.80021], [-83.52125, 8.80044], [-83.52132, 8.80079], [-83.52124, 8.80138], [-83.5214, 8.80155], [-83.52173, 8.80157], [-83.52201, 8.80167], [-83.5227, 8.80248], [-83.52303, 8.80263], [-83.52332, 8.80286], [-83.52344, 8.80305], [-83.52347, 8.80334], [-83.52339, 8.80401], [-83.52355, 8.80417], [-83.52389, 8.80424], [-83.52401, 8.8044], [-83.52412, 8.80524], [-83.52431, 8.80559], [-83.52447, 8.80574], [-83.5246, 8.8058], [-83.52516, 8.80586], [-83.52535, 8.80605], [-83.52535, 8.80666], [-83.52516, 8.80693], [-83.52485, 8.80712], [-83.52473, 8.80712], [-83.52458, 8.80723], [-83.52408, 8.80735], [-83.52388, 8.80746], [-83.52388, 8.80762], [-83.52404, 8.80779], [-83.52427, 8.80823], [-83.52431, 8.80865], [-83.52407, 8.8088], [-83.52388, 8.8088], [-83.52323, 8.80838], [-83.52284, 8.80826], [-83.52238, 8.80838], [-83.52223, 8.80826], [-83.52207, 8.8078], [-83.52196, 8.80769], [-83.52165, 8.80757], [-83.52154, 8.80746], [-83.52138, 8.80713], [-83.52096, 8.80669], [-83.52096, 8.80657], [-83.52119, 8.80642], [-83.52215, 8.80627], [-83.52227, 8.80615], [-83.52216, 8.806], [-83.52179, 8.80594], [-83.52139, 8.80577], [-83.52104, 8.80604], [-83.52085, 8.80604], [-83.52065, 8.80588], [-83.5205, 8.80584], [-83.52038, 8.80596], [-83.52019, 8.80657], [-83.51996, 8.80688], [-83.51996, 8.80711], [-83.52013, 8.80751], [-83.52011, 8.80772], [-83.51995, 8.80783], [-83.51986, 8.80783], [-83.51953, 8.80772], [-83.51936, 8.80772], [-83.51903, 8.80783], [-83.51868, 8.80783], [-83.51853, 8.80775], [-83.51807, 8.80725], [-83.51795, 8.80737], [-83.51793, 8.80789], [-83.5178, 8.80814], [-83.5178, 8.80829], [-83.51855, 8.80839], [-83.51895, 8.80852], [-83.51914, 8.80879], [-83.5191, 8.80917], [-83.51887, 8.80956], [-83.51887, 8.80975], [-83.51945, 8.81025], [-83.51956, 8.81048], [-83.51948, 8.81113], [-83.51954, 8.81195], [-83.51948, 8.81212], [-83.51911, 8.81239], [-83.51873, 8.81256], [-83.51825, 8.81289], [-83.51801, 8.81296], [-83.51771, 8.81296], [-83.51744, 8.81269], [-83.51738, 8.81214], [-83.51725, 8.81197], [-83.51686, 8.812], [-83.51678, 8.81212], [-83.51698, 8.81235], [-83.51697, 8.81296], [-83.51674, 8.81327], [-83.51645, 8.8134], [-83.51628, 8.81357], [-83.51622, 8.81374], [-83.51612, 8.81495], [-83.51581, 8.81533], [-83.51525, 8.81545], [-83.51493, 8.81541], [-83.5146, 8.81521], [-83.51373, 8.81452], [-83.51362, 8.81452], [-83.51354, 8.81464], [-83.51362, 8.81485], [-83.51416, 8.81541], [-83.51427, 8.81564], [-83.51427, 8.8159], [-83.51415, 8.81602], [-83.51404, 8.81602], [-83.51388, 8.81613], [-83.51384, 8.81632], [-83.514, 8.81655], [-83.514, 8.81669], [-83.51369, 8.81701], [-83.51373, 8.81717], [-83.51402, 8.81711], [-83.51473, 8.81682], [-83.51492, 8.81683], [-83.51531, 8.8169], [-83.51554, 8.81713], [-83.51567, 8.81746], [-83.51569, 8.81773], [-83.51561, 8.8184], [-83.51569, 8.81851], [-83.5158, 8.81851], [-83.51607, 8.81832], [-83.51644, 8.81781], [-83.51665, 8.81739], [-83.51692, 8.8171], [-83.5171, 8.81704], [-83.51795, 8.81701], [-83.51837, 8.81682], [-83.51897, 8.81634], [-83.51924, 8.81634], [-83.51943, 8.81649], [-83.51947, 8.81661], [-83.5197, 8.81684], [-83.52016, 8.81695], [-83.52028, 8.81707], [-83.52027, 8.8173], [-83.51995, 8.81762], [-83.51923, 8.81791], [-83.51916, 8.81799], [-83.51923, 8.81814], [-83.51946, 8.81822], [-83.51958, 8.81833], [-83.51946, 8.81872], [-83.51954, 8.81879], [-83.51973, 8.81879], [-83.52045, 8.81797], [-83.5211, 8.81744], [-83.52135, 8.8173], [-83.52153, 8.81728], [-83.52228, 8.81727], [-83.52259, 8.81738], [-83.52282, 8.81761], [-83.52285, 8.81784], [-83.5228, 8.81813], [-83.52256, 8.81863], [-83.52216, 8.81918], [-83.52212, 8.81953], [-83.52189, 8.81999], [-83.52208, 8.82014], [-83.52252, 8.82016], [-83.52296, 8.82041], [-83.52308, 8.82056], [-83.52342, 8.8208], [-83.52408, 8.82084], [-83.52435, 8.82099], [-83.52446, 8.82118], [-83.52442, 8.82145], [-83.52411, 8.82183], [-83.52411, 8.82206], [-83.52404, 8.82214], [-83.52381, 8.82218], [-83.52338, 8.82171], [-83.52327, 8.82171], [-83.52292, 8.82198], [-83.52292, 8.8221], [-83.52319, 8.82237], [-83.52315, 8.8226], [-83.52301, 8.82269], [-83.52253, 8.8229], [-83.52249, 8.82305], [-83.52257, 8.82313], [-83.52367, 8.82315], [-83.52388, 8.82329], [-83.52388, 8.82352], [-83.52367, 8.82361], [-83.52322, 8.82363], [-83.52311, 8.82374], [-83.5232, 8.82403], [-83.52322, 8.8244], [-83.52284, 8.8247], [-83.52276, 8.82486], [-83.52291, 8.82505], [-83.52353, 8.82528], [-83.5238, 8.82559], [-83.52378, 8.82607], [-83.52364, 8.82666], [-83.52383, 8.82677], [-83.52399, 8.82658], [-83.52402, 8.82643], [-83.52426, 8.8262], [-83.52451, 8.82628], [-83.52506, 8.82682], [-83.52506, 8.82699], [-83.52495, 8.82754], [-83.52502, 8.82762], [-83.52512, 8.8276], [-83.52572, 8.82735], [-83.52599, 8.82735], [-83.5261, 8.82747], [-83.52606, 8.82781], [-83.52599, 8.82789], [-83.52606, 8.82801], [-83.52629, 8.82801], [-83.52737, 8.82736], [-83.5278, 8.82736], [-83.5281, 8.82763], [-83.52818, 8.8282], [-83.52803, 8.82841], [-83.52748, 8.82893], [-83.52737, 8.82916], [-83.52741, 8.82935], [-83.52731, 8.82936], [-83.52791, 8.82988], [-83.52811, 8.83014], [-83.52811, 8.83025], [-83.52803, 8.83048], [-83.5278, 8.83085], [-83.5278, 8.83105], [-83.52788, 8.83117], [-83.52801, 8.83118], [-83.52834, 8.83103], [-83.52852, 8.83103], [-83.52863, 8.83111], [-83.52877, 8.8314], [-83.52942, 8.83135], [-83.52973, 8.8314], [-83.52993, 8.83171], [-83.52996, 8.83195], [-83.53004, 8.83204], [-83.53007, 8.83232], [-83.5299, 8.83258], [-83.52984, 8.83281], [-83.52992, 8.8329], [-83.53051, 8.83291], [-83.53076, 8.83298], [-83.5309, 8.83313], [-83.5309, 8.83333], [-83.53077, 8.83351], [-83.53015, 8.83396], [-83.52983, 8.83439], [-83.52975, 8.83467], [-83.52966, 8.83579], [-83.52951, 8.83601], [-83.52922, 8.83619], [-83.52899, 8.83619], [-83.52836, 8.83605], [-83.52833, 8.83625], [-83.52839, 8.83633], [-83.52833, 8.83659], [-83.52804, 8.83709], [-83.52817, 8.83738], [-83.52858, 8.83794], [-83.52861, 8.83823], [-83.52856, 8.83828], [-83.5285, 8.83837], [-83.52806, 8.8384], [-83.52795, 8.83834], [-83.52778, 8.83817], [-83.52766, 8.83762], [-83.52752, 8.83756], [-83.5274, 8.83765], [-83.52703, 8.83771], [-83.52671, 8.83739], [-83.52639, 8.83745], [-83.52596, 8.83788], [-83.5258, 8.83818], [-83.52551, 8.83849], [-83.52527, 8.83868], [-83.52483, 8.83862], [-83.52458, 8.83847], [-83.52443, 8.83847], [-83.52439, 8.83857], [-83.52434, 8.8391], [-83.5242, 8.83928], [-83.524, 8.83936], [-83.52341, 8.83935], [-83.52264, 8.83913], [-83.52246, 8.83894], [-83.52227, 8.83861], [-83.52217, 8.83791], [-83.52204, 8.83778], [-83.52195, 8.83784], [-83.52155, 8.83818], [-83.52123, 8.83829], [-83.52071, 8.83826], [-83.52057, 8.83841], [-83.52065, 8.83902], [-83.52057, 8.83935], [-83.52016, 8.8397], [-83.5201, 8.83982], [-83.52013, 8.83995], [-83.52053, 8.84038], [-83.52053, 8.84053], [-83.52027, 8.84073], [-83.52027, 8.8409], [-83.52062, 8.8413], [-83.52057, 8.84157], [-83.52036, 8.84209], [-83.52024, 8.84271], [-83.52015, 8.84279], [-83.51995, 8.84279], [-83.51966, 8.84265], [-83.51891, 8.8427], [-83.51868, 8.8425], [-83.51867, 8.84223], [-83.51883, 8.84176], [-83.51876, 8.8414], [-83.51849, 8.84068], [-83.51863, 8.84015], [-83.5186, 8.83998], [-83.51842, 8.83979], [-83.51774, 8.83972], [-83.51765, 8.83963], [-83.51745, 8.83917], [-83.51731, 8.83903], [-83.51709, 8.839], [-83.51679, 8.83906], [-83.51618, 8.83931], [-83.51613, 8.83917], [-83.51624, 8.83898], [-83.51627, 8.83871], [-83.51616, 8.83854], [-83.51601, 8.83851], [-83.51564, 8.83859], [-83.51516, 8.83856], [-83.51477, 8.83862], [-83.51431, 8.83916], [-83.51405, 8.83919], [-83.51388, 8.83899], [-83.51385, 8.83888], [-83.51388, 8.83868], [-83.51405, 8.83842], [-83.5143, 8.83829], [-83.5146, 8.83825], [-83.51577, 8.83824], [-83.51653, 8.83799], [-83.51659, 8.83788], [-83.51665, 8.83785], [-83.51665, 8.83771], [-83.51653, 8.83756], [-83.51573, 8.83736], [-83.51521, 8.83702], [-83.51521, 8.83682], [-83.5153, 8.83673], [-83.51592, 8.83687], [-83.51644, 8.83686], [-83.51662, 8.83676], [-83.51668, 8.83676], [-83.51703, 8.83642], [-83.51703, 8.83627], [-83.51694, 8.83619], [-83.51602, 8.83593], [-83.51582, 8.83576], [-83.51582, 8.83553], [-83.51605, 8.83515], [-83.51608, 8.83492], [-83.51591, 8.83478], [-83.51496, 8.83458], [-83.51481, 8.83443], [-83.51481, 8.8342], [-83.51516, 8.83366], [-83.51519, 8.83343], [-83.51505, 8.83332], [-83.51401, 8.83369], [-83.51372, 8.83366], [-83.51358, 8.83351], [-83.51349, 8.83217], [-83.51318, 8.83176], [-83.51292, 8.83156], [-83.51263, 8.83119], [-83.5124, 8.83073], [-83.51218, 8.83103], [-83.51222, 8.83216], [-83.51211, 8.83274], [-83.51196, 8.83294], [-83.51166, 8.83309], [-83.5113, 8.83311], [-83.51119, 8.83305], [-83.51141, 8.83354], [-83.50887, 8.83496], [-83.50887, 8.83512], [-83.50857, 8.83506], [-83.50769, 8.83594], [-83.50788, 8.83729], [-83.5073, 8.83846], [-83.50779, 8.8401], [-83.50837, 8.84088], [-83.50925, 8.84078], [-83.50993, 8.8402], [-83.5109, 8.8404], [-83.51159, 8.84098], [-83.51149, 8.84185], [-83.5109, 8.84243], [-83.50983, 8.84272], [-83.50827, 8.84282], [-83.50788, 8.8434], [-83.50847, 8.84379], [-83.50973, 8.84408], [-83.51071, 8.84447], [-83.51071, 8.84495], [-83.50983, 8.84543], [-83.50915, 8.84572], [-83.50866, 8.84689], [-83.5099, 8.84761], [-83.50989, 8.84762], [-83.50986, 8.84773], [-83.50957, 8.84958], [-83.50957, 8.84965], [-83.50957, 8.84965], [-83.50957, 8.84966], [-83.5096, 8.85077], [-83.50942, 8.85167], [-83.50892, 8.85234], [-83.50779, 8.85327], [-83.50707, 8.85358], [-83.5066, 8.85337], [-83.50652, 8.85335], [-83.50684, 8.85353], [-83.50693, 8.85359], [-83.50658, 8.85375], [-83.5055, 8.85388], [-83.5032, 8.85392], [-83.50261, 8.85386], [-83.50254, 8.85386], [-83.50246, 8.85391], [-83.49997, 8.85377], [-83.49997, 8.85377], [-83.49996, 8.85377], [-83.49816, 8.85372], [-83.49815, 8.85372], [-83.49813, 8.85372], [-83.49764, 8.85372], [-83.49718, 8.85363], [-83.49607, 8.85282], [-83.49529, 8.85218], [-83.49523, 8.85215], [-83.4952, 8.85213], [-83.49451, 8.8518], [-83.49415, 8.85153], [-83.49396, 8.8512], [-83.49389, 8.85111], [-83.49382, 8.85106], [-83.49421, 8.85085], [-83.49501, 8.85102], [-83.49569, 8.85102], [-83.49604, 8.85062], [-83.49587, 8.85017], [-83.49507, 8.84983], [-83.49432, 8.8496], [-83.49512, 8.84994], [-83.49552, 8.85028], [-83.49518, 8.85062], [-83.49444, 8.85051], [-83.49387, 8.85062], [-83.4936, 8.85098], [-83.49357, 8.85098], [-83.4934, 8.85101], [-83.49325, 8.85111], [-83.49315, 8.85125], [-83.49312, 8.85135], [-83.49306, 8.85167], [-83.49306, 8.85175], [-83.49306, 8.85179], [-83.4926, 8.85189], [-83.49214, 8.85197], [-83.49205, 8.852], [-83.49204, 8.852], [-83.49203, 8.852], [-83.49078, 8.85256], [-83.49064, 8.85265], [-83.49061, 8.85269], [-83.48977, 8.85372], [-83.48968, 8.85358], [-83.48964, 8.85355], [-83.48935, 8.85331], [-83.48924, 8.85325], [-83.48914, 8.85322], [-83.48861, 8.85313], [-83.48854, 8.85313], [-83.48843, 8.85314], [-83.48788, 8.85327], [-83.48781, 8.85329], [-83.48777, 8.85331], [-83.48676, 8.85386], [-83.48572, 8.85434], [-83.48559, 8.85443], [-83.48553, 8.85451], [-83.48496, 8.8554], [-83.48493, 8.85547], [-83.48489, 8.85559], [-83.48469, 8.85738], [-83.48469, 8.85743], [-83.48471, 8.85756], [-83.48497, 8.85842], [-83.48498, 8.85846], [-83.485, 8.8585], [-83.48524, 8.85894], [-83.48524, 8.85894], [-83.48524, 8.85895], [-83.48561, 8.8596], [-83.48568, 8.8597], [-83.48568, 8.8597], [-83.48568, 8.8597], [-83.48685, 8.86085], [-83.48685, 8.86085], [-83.4869, 8.86089], [-83.48767, 8.86144], [-83.48776, 8.86149], [-83.48784, 8.86151], [-83.48899, 8.86176], [-83.48903, 8.86177], [-83.48905, 8.86177], [-83.48986, 8.86183], [-83.48991, 8.86186], [-83.48981, 8.86211], [-83.48874, 8.8631], [-83.48874, 8.8631], [-83.48873, 8.8631], [-83.4859, 8.86585], [-83.48475, 8.86692], [-83.48393, 8.86757], [-83.48347, 8.86775], [-83.48011, 8.86813], [-83.47867, 8.86796], [-83.47751, 8.86738], [-83.47582, 8.86557], [-83.47499, 8.86437], [-83.47485, 8.86322], [-83.47491, 8.86212], [-83.47491, 8.86212], [-83.47491, 8.86211], [-83.475, 8.85977], [-83.47525, 8.85906], [-83.47523, 8.85907], [-83.47523, 8.85907], [-83.47517, 8.85595], [-83.4743, 8.85418], [-83.47326, 8.8536], [-83.472, 8.85392], [-83.47064, 8.85495], [-83.46964, 8.85524], [-83.46906, 8.85498], [-83.46925, 8.85373], [-83.4689, 8.8526], [-83.46885, 8.85261], [-83.46885, 8.8526], [-83.46809, 8.85212], [-83.46803, 8.85209], [-83.46803, 8.85209], [-83.46733, 8.85179], [-83.46733, 8.85179], [-83.46732, 8.85178], [-83.46716, 8.85175], [-83.46604, 8.85172], [-83.46603, 8.85172], [-83.46603, 8.85172], [-83.46598, 8.85172], [-83.46511, 8.85181], [-83.46511, 8.85181], [-83.4651, 8.85181], [-83.46438, 8.85191], [-83.46435, 8.85192], [-83.46432, 8.85192], [-83.46355, 8.85213], [-83.4635, 8.85215], [-83.46344, 8.85218], [-83.46217, 8.85292], [-83.46143, 8.85304], [-83.46082, 8.85272], [-83.45877, 8.85082], [-83.45876, 8.85081], [-83.45871, 8.85077], [-83.45757, 8.85001], [-83.45749, 8.84997], [-83.45742, 8.84995], [-83.45605, 8.84963], [-83.45595, 8.84962], [-83.45595, 8.84962], [-83.45391, 8.84961], [-83.45391, 8.84961], [-83.45391, 8.84961], [-83.45373, 8.84964], [-83.45361, 8.84972], [-83.45291, 8.85032], [-83.4529, 8.85033], [-83.45289, 8.85034], [-83.4528, 8.85046], [-83.45215, 8.85175], [-83.45215, 8.85177], [-83.45214, 8.85178], [-83.45212, 8.85182], [-83.45153, 8.85364], [-83.45126, 8.85408], [-83.45119, 8.85411], [-83.44992, 8.85404], [-83.44859, 8.8537], [-83.44774, 8.85288], [-83.44774, 8.85288], [-83.4477, 8.85285], [-83.44638, 8.85186], [-83.4463, 8.85181], [-83.44629, 8.8518], [-83.44527, 8.85136], [-83.44526, 8.85136], [-83.44526, 8.85136], [-83.44519, 8.85134], [-83.44433, 8.85114], [-83.44431, 8.85114], [-83.44429, 8.85113], [-83.44292, 8.85093], [-83.44203, 8.8506], [-83.44156, 8.85016], [-83.44123, 8.84957], [-83.44115, 8.84881], [-83.44113, 8.848], [-83.44121, 8.84672], [-83.44121, 8.8467], [-83.44121, 8.84668], [-83.4412, 8.84659], [-83.44103, 8.84575], [-83.44102, 8.84571], [-83.44102, 8.8457], [-83.44078, 8.845], [-83.44077, 8.84499], [-83.44077, 8.84497], [-83.44067, 8.84482], [-83.44063, 8.84479], [-83.44043, 8.84463], [-83.44004, 8.84467], [-83.44004, 8.84466], [-83.44378, 8.8442], [-83.4437, 8.84437], [-83.44385, 8.84443], [-83.44399, 8.8445], [-83.44413, 8.84457], [-83.44431, 8.84463], [-83.44444, 8.84466], [-83.44459, 8.84467], [-83.44475, 8.84468], [-83.44488, 8.84468], [-83.44489, 8.84453], [-83.4449, 8.84445], [-83.44492, 8.84433], [-83.44494, 8.8442], [-83.44494, 8.84406], [-83.44994, 8.84344], [-83.45007, 8.84312], [-83.45071, 8.84259], [-83.45137, 8.8424], [-83.45167, 8.84209], [-83.4523, 8.84202], [-83.45321, 8.84153], [-83.45351, 8.84113], [-83.45446, 8.84103], [-83.45541, 8.84128], [-83.45622, 8.84123], [-83.45682, 8.84093], [-83.45642, 8.84018], [-83.45627, 8.83958], [-83.45677, 8.83943], [-83.45752, 8.83968], [-83.45797, 8.83993], [-83.45857, 8.83968], [-83.45923, 8.83924], [-83.46003, 8.83864], [-83.46163, 8.83689], [-83.46214, 8.83674], [-83.46264, 8.83649], [-83.46259, 8.83614], [-83.46184, 8.83565], [-83.46088, 8.83515], [-83.46008, 8.8344], [-83.45878, 8.83385], [-83.45838, 8.8333], [-83.45913, 8.83245], [-83.46003, 8.83185], [-83.46199, 8.83175], [-83.46435, 8.83051], [-83.46485, 8.82971], [-83.46492, 8.82902], [-83.46935, 8.82902], [-83.46931, 8.82898], [-83.47021, 8.82916], [-83.47177, 8.82907], [-83.47277, 8.82802], [-83.47252, 8.82632], [-83.47097, 8.82522], [-83.46957, 8.82482], [-83.46751, 8.82517], [-83.46666, 8.82522], [-83.46616, 8.82437], [-83.46616, 8.82313], [-83.46545, 8.82148], [-83.46475, 8.82078], [-83.46375, 8.82088], [-83.4632, 8.82118], [-83.46245, 8.82108], [-83.46189, 8.82028], [-83.46188, 8.82016], [-83.46202, 8.82017], [-83.46215, 8.8202], [-83.46222, 8.82022], [-83.4623, 8.82026], [-83.46239, 8.82032], [-83.46242, 8.82015], [-83.46245, 8.82], [-83.46246, 8.81987], [-83.46246, 8.81973], [-83.46245, 8.81916], [-83.46243, 8.81903], [-83.4624, 8.81882], [-83.46239, 8.81873], [-83.46238, 8.81861], [-83.46236, 8.81845], [-83.46236, 8.81832], [-83.46236, 8.81824], [-83.46237, 8.81807], [-83.46242, 8.81786], [-83.46246, 8.81777], [-83.46257, 8.81751], [-83.46251, 8.81742], [-83.46381, 8.81403], [-83.4639, 8.81403], [-83.46406, 8.81401], [-83.46418, 8.81396], [-83.46425, 8.81391], [-83.46436, 8.81383], [-83.4646, 8.81345], [-83.46467, 8.81335], [-83.46472, 8.81322], [-83.46472, 8.81314], [-83.4647, 8.81306], [-83.46464, 8.81298], [-83.46459, 8.81291], [-83.46456, 8.81281], [-83.46457, 8.81272], [-83.46462, 8.81262], [-83.46468, 8.81251], [-83.46524, 8.81198], [-83.46543, 8.81185], [-83.46544, 8.81184], [-83.46575, 8.81135], [-83.46575, 8.81103], [-83.46601, 8.81071], [-83.46626, 8.81006], [-83.46611, 8.80976], [-83.46551, 8.80961], [-83.46496, 8.80936], [-83.46485, 8.80877], [-83.46483, 8.80808], [-83.4648, 8.80805], [-83.46501, 8.80701], [-83.46496, 8.80647], [-83.46466, 8.80572], [-83.46456, 8.80502], [-83.46572, 8.80407], [-83.46617, 8.80387], [-83.46587, 8.80367], [-83.46531, 8.80352], [-83.46456, 8.80367], [-83.46396, 8.80367], [-83.46371, 8.80347], [-83.46416, 8.80272], [-83.46501, 8.80198], [-83.46552, 8.80158], [-83.46537, 8.80123], [-83.46426, 8.80118], [-83.46326, 8.80078], [-83.46301, 8.79993], [-83.46386, 8.79883], [-83.46482, 8.79818], [-83.46467, 8.79684], [-83.46482, 8.79634], [-83.46437, 8.79594], [-83.46412, 8.79474], [-83.46452, 8.7931], [-83.46502, 8.7915], [-83.46567, 8.79035], [-83.46622, 8.7902], [-83.46627, 8.78995], [-83.46577, 8.78931], [-83.46648, 8.78836], [-83.46592, 8.78791], [-83.46502, 8.78816], [-83.46427, 8.78771], [-83.46472, 8.78636], [-83.466, 8.78519], [-83.46726, 8.78414], [-83.46836, 8.78385], [-83.46946, 8.78439], [-83.47082, 8.78435], [-83.47272, 8.78315], [-83.47352, 8.7821], [-83.47345, 8.78174], [-83.46816, 8.78249], [-83.46816, 8.7825], [-83.46798, 8.78252], [-83.46532, 8.7829], [-83.4651, 8.7831], [-83.4647, 8.78305], [-83.46469, 8.78299], [-83.46196, 8.78337], [-83.46174, 8.78364], [-83.46164, 8.78449], [-83.46119, 8.78489], [-83.46049, 8.78519], [-83.46029, 8.78558], [-83.45857, 8.78386], [-83.45849, 8.78343], [-83.45651, 8.77338], [-83.45585, 8.77002], [-83.44749, 8.7617], [-83.44677, 8.76098], [-83.45002, 8.75667], [-83.44953, 8.75661], [-83.44903, 8.75656], [-83.44889, 8.75651], [-83.44794, 8.75368], [-83.44534, 8.75278], [-83.44413, 8.75293], [-83.44328, 8.75406], [-83.44323, 8.75389], [-83.44298, 8.75399], [-83.4428, 8.75429], [-83.4428, 8.75454], [-83.44248, 8.75477], [-83.44112, 8.75547], [-83.44092, 8.75662], [-83.44047, 8.75747], [-83.4404, 8.75815], [-83.44014, 8.75822], [-83.43999, 8.75812], [-83.43994, 8.75784], [-83.44004, 8.75764], [-83.43958, 8.75774], [-83.43918, 8.75769], [-83.43872, 8.75743], [-83.43829, 8.75736], [-83.43793, 8.75758], [-83.43767, 8.75791], [-83.43772, 8.75838], [-83.43788, 8.75891], [-83.43785, 8.75916], [-83.43777, 8.75941], [-83.43752, 8.75969], [-83.43729, 8.75984], [-83.43711, 8.76009], [-83.43726, 8.76024], [-83.43731, 8.76059], [-83.43716, 8.76071], [-83.43769, 8.76097], [-83.43838, 8.76236], [-83.44143, 8.76843], [-83.44625, 8.77804], [-83.44654, 8.77862], [-83.44676, 8.77906], [-83.44676, 8.78011], [-83.44676, 8.78164], [-83.44676, 8.78324], [-83.44676, 8.78624], [-83.44676, 8.78625], [-83.44675, 8.79274], [-83.44675, 8.79857], [-83.44675, 8.80301], [-83.44516, 8.80423], [-83.4442, 8.80496], [-83.44329, 8.80566], [-83.44181, 8.80679], [-83.43224, 8.81413], [-83.43207, 8.81426], [-83.43084, 8.8152], [-83.43101, 8.81971], [-83.43108, 8.82148], [-83.43127, 8.82613], [-83.43128, 8.8265], [-83.42494, 8.8265], [-83.4199, 8.8265], [-83.41947, 8.8265], [-83.41947, 8.82629], [-83.41947, 8.82405], [-83.41948, 8.81125], [-83.41948, 8.80645], [-83.41948, 8.80608], [-83.41949, 8.80162], [-83.41949, 8.79775], [-83.41949, 8.79489], [-83.41949, 8.79486], [-83.4104, 8.79485], [-83.41042, 8.77461], [-83.41042, 8.77452], [-83.40888, 8.77489], [-83.40211, 8.77652], [-83.39785, 8.77755], [-83.3941, 8.77845], [-83.38223, 8.78131], [-83.37679, 8.78263], [-83.38265, 8.79772], [-83.38532, 8.80461], [-83.38564, 8.80543], [-83.38849, 8.81279], [-83.38994, 8.81653], [-83.37983, 8.81598], [-83.37063, 8.81547], [-83.3658, 8.8152], [-83.36495, 8.81516], [-83.36496, 8.81039]], [[-83.60806, 8.82557], [-83.60779, 8.82618], [-83.60779, 8.82686], [-83.60765, 8.82912], [-83.60589, 8.82463], [-83.60066, 8.81978], [-83.60045, 8.81898], [-83.59998, 8.8184], [-83.59952, 8.81764], [-83.59957, 8.81679], [-83.59989, 8.81647], [-83.60023, 8.81641], [-83.60113, 8.81599], [-83.60163, 8.81545], [-83.60179, 8.81488], [-83.60184, 8.81413], [-83.60246, 8.81319], [-83.60236, 8.81256], [-83.60196, 8.81228], [-83.60168, 8.81164], [-83.60158, 8.81063], [-83.60104, 8.81009], [-83.60047, 8.80952], [-83.60038, 8.80823], [-83.60057, 8.80755], [-83.60078, 8.80611], [-83.60109, 8.8055], [-83.6017, 8.80486], [-83.60255, 8.80463], [-83.6032, 8.80479], [-83.60377, 8.80543], [-83.60442, 8.80633], [-83.60485, 8.80672], [-83.60551, 8.80712], [-83.60605, 8.80731], [-83.60678, 8.80712], [-83.60709, 8.80668], [-83.60756, 8.80614], [-83.60801, 8.80578], [-83.60848, 8.80577], [-83.60894, 8.80625], [-83.60969, 8.80665], [-83.61047, 8.80668], [-83.61125, 8.8063], [-83.61182, 8.8056], [-83.6121, 8.8048], [-83.61203, 8.8039], [-83.6118, 8.80296], [-83.61187, 8.80256], [-83.61213, 8.80233], [-83.61232, 8.80223], [-83.61343, 8.80195], [-83.61433, 8.80181], [-83.6152, 8.80179], [-83.61627, 8.80108], [-83.61672, 8.80106], [-83.61722, 8.80068], [-83.61771, 8.80096], [-83.61781, 8.8007], [-83.61778, 8.80049], [-83.61795, 8.80032], [-83.61806, 8.80002], [-83.61828, 8.79983], [-83.61858, 8.80006], [-83.61896, 8.80009], [-83.61946, 8.7999], [-83.61943, 8.7995], [-83.61929, 8.7992], [-83.61946, 8.79889], [-83.62003, 8.79854], [-83.62102, 8.79728], [-83.62135, 8.79708], [-83.62137, 8.79659], [-83.62168, 8.79588], [-83.62201, 8.79553], [-83.62265, 8.79499], [-83.62251, 8.79421], [-83.62267, 8.79391], [-83.62298, 8.79299], [-83.62289, 8.792], [-83.62278, 8.79181], [-83.62282, 8.7916], [-83.62338, 8.79141], [-83.62372, 8.79073], [-83.62374, 8.78982], [-83.62393, 8.78913], [-83.62388, 8.78624], [-83.62367, 8.78558], [-83.6235, 8.78532], [-83.62398, 8.78311], [-83.62506, 8.78212], [-83.62538, 8.78227], [-83.62589, 8.78238], [-83.6262, 8.78194], [-83.62542, 8.78157], [-83.62504, 8.78161], [-83.62518, 8.78128], [-83.62551, 8.78111], [-83.62601, 8.7812], [-83.62672, 8.78121], [-83.62705, 8.78093], [-83.62726, 8.78043], [-83.62748, 8.78022], [-83.62759, 8.78041], [-83.62785, 8.78036], [-83.62925, 8.7793], [-83.6302, 8.77843], [-83.63147, 8.7777], [-83.63292, 8.77691], [-83.6352, 8.77643], [-83.63643, 8.77614], [-83.63778, 8.77576], [-83.63792, 8.7758], [-83.6388, 8.776], [-83.63944, 8.77654], [-83.64134, 8.77988], [-83.64283, 8.78275], [-83.64331, 8.78353], [-83.64368, 8.78421], [-83.64419, 8.78498], [-83.64535, 8.7865], [-83.64555, 8.78718], [-83.64579, 8.7889], [-83.64643, 8.79066], [-83.64701, 8.79089], [-83.64725, 8.79039], [-83.64745, 8.79012], [-83.64766, 8.79005], [-83.64779, 8.79012], [-83.6483, 8.79008], [-83.64847, 8.79015], [-83.64901, 8.78995], [-83.64939, 8.78988], [-83.64976, 8.78954], [-83.65069, 8.78918], [-83.651, 8.78923], [-83.65112, 8.7895], [-83.65162, 8.78958], [-83.65175, 8.78979], [-83.65241, 8.79002], [-83.65285, 8.79062], [-83.65299, 8.79198], [-83.65248, 8.79245], [-83.652, 8.79275], [-83.65163, 8.79319], [-83.65129, 8.79329], [-83.65074, 8.7936], [-83.65007, 8.79356], [-83.64983, 8.7938], [-83.64959, 8.79387], [-83.64925, 8.79414], [-83.64888, 8.79424], [-83.64847, 8.79458], [-83.64806, 8.79508], [-83.64769, 8.79549], [-83.64721, 8.79613], [-83.64687, 8.7965], [-83.64664, 8.7968], [-83.64674, 8.79724], [-83.6466, 8.79768], [-83.64691, 8.79826], [-83.64674, 8.7993], [-83.6463, 8.80015], [-83.64565, 8.80045], [-83.64518, 8.80062], [-83.64477, 8.80116], [-83.64457, 8.80136], [-83.64399, 8.80184], [-83.64355, 8.80217], [-83.64334, 8.80248], [-83.64297, 8.80258], [-83.64266, 8.80282], [-83.64243, 8.80298], [-83.64239, 8.80336], [-83.64226, 8.80376], [-83.64215, 8.8042], [-83.64195, 8.80461], [-83.64192, 8.80511], [-83.64154, 8.80572], [-83.64158, 8.80613], [-83.64141, 8.80656], [-83.64154, 8.8069], [-83.64141, 8.80741], [-83.64117, 8.80795], [-83.64114, 8.80839], [-83.6409, 8.80889], [-83.6409, 8.80937], [-83.64056, 8.80967], [-83.64049, 8.81018], [-83.64001, 8.81041], [-83.63998, 8.81089], [-83.63957, 8.81129], [-83.63952, 8.81142], [-83.63951, 8.81143], [-83.63934, 8.81183], [-83.63899, 8.81179], [-83.63899, 8.81179], [-83.63879, 8.81177], [-83.63838, 8.8119], [-83.63794, 8.81173], [-83.63767, 8.81163], [-83.6377, 8.81129], [-83.63746, 8.81109], [-83.63703, 8.81108], [-83.63658, 8.81094], [-83.63633, 8.81131], [-83.63629, 8.81178], [-83.63614, 8.81204], [-83.63629, 8.81251], [-83.63598, 8.81284], [-83.63606, 8.81337], [-83.63591, 8.81355], [-83.63582, 8.81376], [-83.6359, 8.81411], [-83.63545, 8.81436], [-83.63539, 8.81475], [-83.63487, 8.81515], [-83.63436, 8.81516], [-83.63368, 8.81488], [-83.63365, 8.81463], [-83.63336, 8.81501], [-83.63312, 8.81504], [-83.63285, 8.81511], [-83.63254, 8.81538], [-83.6321, 8.81555], [-83.6318, 8.81595], [-83.63139, 8.81605], [-83.63098, 8.81622], [-83.63058, 8.81632], [-83.63027, 8.81676], [-83.63007, 8.8171], [-83.63, 8.81737], [-83.62996, 8.81794], [-83.62976, 8.81849], [-83.62918, 8.81876], [-83.62912, 8.81913], [-83.62861, 8.81923], [-83.62793, 8.81953], [-83.62742, 8.81967], [-83.62704, 8.82007], [-83.62647, 8.82038], [-83.62596, 8.82058], [-83.62541, 8.82088], [-83.62501, 8.82048], [-83.62473, 8.82008], [-83.62555, 8.81953], [-83.62569, 8.81903], [-83.62565, 8.81848], [-83.62552, 8.81815], [-83.62497, 8.81788], [-83.62443, 8.81767], [-83.62395, 8.81781], [-83.62348, 8.81774], [-83.62294, 8.81828], [-83.62253, 8.81848], [-83.62212, 8.81862], [-83.62158, 8.81845], [-83.621, 8.81825], [-83.62012, 8.81791], [-83.61968, 8.81808], [-83.61917, 8.81875], [-83.61849, 8.8196], [-83.61808, 8.82054], [-83.61798, 8.82159], [-83.61815, 8.82233], [-83.61798, 8.82287], [-83.61754, 8.82298], [-83.61693, 8.82277], [-83.61652, 8.82291], [-83.61614, 8.82331], [-83.61547, 8.82325], [-83.61468, 8.82358], [-83.61384, 8.82416], [-83.61312, 8.82487], [-83.61254, 8.82514], [-83.61207, 8.82497], [-83.61159, 8.82433], [-83.61136, 8.82395], [-83.61071, 8.82365], [-83.60996, 8.82382], [-83.60912, 8.82419], [-83.60854, 8.8248], [-83.60806, 8.82557]], [[-83.60495, 8.77217], [-83.60499, 8.7722], [-83.60491, 8.77217], [-83.60495, 8.77217]]]}, "properties": {"name": "Terraba-Sierpe", "desig_eng": "Wetland of International Importance (Ramsar Site)", "iucn_cat": "Not Reported", "status_yr": 1995, "gis_area": 362.67039221, "site_id": 145527, "realm": "Coastal", "mang_auth": "Not Reported"}}, {"type": "Feature", "geometry": {"type": "MultiPolygon", "coordinates": [[[[-83.3298, 8.43144], [-83.33071, 8.43145], [-83.33139, 8.43134], [-83.33184, 8.431], [-83.33309, 8.43066], [-83.33422, 8.43089], [-83.3349, 8.43123], [-83.33603, 8.43124], [-83.34023, 8.42629], [-83.34283, 8.42641], [-83.34283, 8.4254], [-83.34272, 8.42472], [-83.34318, 8.42405], [-83.34375, 8.42371], [-83.34431, 8.42338], [-83.34488, 8.42293], [-83.34488, 8.42204], [-83.34624, 8.42246], [-83.34652, 8.42233], [-83.34668, 8.42212], [-83.34681, 8.4219], [-83.34693, 8.42153], [-83.34696, 8.42128], [-83.34697, 8.42094], [-83.34694, 8.42057], [-83.34694, 8.42013], [-83.34694, 8.4197], [-83.34685, 8.41927], [-83.34663, 8.41886], [-83.34641, 8.41867], [-83.34588, 8.41861], [-83.34554, 8.41855], [-83.34535, 8.41851], [-83.34535, 8.41729], [-83.34544, 8.41679], [-83.3456, 8.41585], [-83.3457, 8.41527], [-83.34627, 8.41392], [-83.34683, 8.4129], [-83.34673, 8.41043], [-83.34673, 8.40862], [-83.34617, 8.40716], [-83.34561, 8.40603], [-83.3429, 8.40478], [-83.34064, 8.40376], [-83.34165, 8.4015], [-83.34263, 8.40121], [-83.34291, 8.3996], [-83.34295, 8.39941], [-83.34376, 8.39728], [-83.34382, 8.39713], [-83.34382, 8.39713], [-83.3431, 8.39686], [-83.34238, 8.39665], [-83.34169, 8.39647], [-83.34128, 8.39637], [-83.34073, 8.3961], [-83.34012, 8.3958], [-83.33938, 8.39548], [-83.33909, 8.39537], [-83.33827, 8.39498], [-83.3375, 8.3946], [-83.33667, 8.39427], [-83.33584, 8.39394], [-83.33515, 8.39364], [-83.33458, 8.39346], [-83.33391, 8.39313], [-83.33311, 8.39276], [-83.33247, 8.39256], [-83.3317, 8.39227], [-83.33082, 8.39194], [-83.33031, 8.39174], [-83.32949, 8.39142], [-83.32876, 8.39116], [-83.32794, 8.39079], [-83.32748, 8.39058], [-83.32706, 8.39036], [-83.32656, 8.39014], [-83.32625, 8.39001], [-83.32577, 8.38976], [-83.32535, 8.38958], [-83.32517, 8.38946], [-83.32478, 8.38927], [-83.3243, 8.38908], [-83.3237, 8.3889], [-83.32326, 8.38871], [-83.32215, 8.38824], [-83.32098, 8.38771], [-83.32065, 8.38758], [-83.32041, 8.3875], [-83.3202, 8.38744], [-83.31866, 8.3891], [-83.31799, 8.39], [-83.3176, 8.39039], [-83.3176, 8.3914], [-83.31762, 8.39172], [-83.3177, 8.39321], [-83.31747, 8.39478], [-83.31668, 8.39568], [-83.31633, 8.3976], [-83.3169, 8.39816], [-83.31689, 8.39906], [-83.31599, 8.3994], [-83.31508, 8.40075], [-83.31431, 8.40137], [-83.31383, 8.40176], [-83.31345, 8.40191], [-83.3127, 8.40221], [-83.31168, 8.4022], [-83.30998, 8.40197], [-83.30885, 8.40253], [-83.30828, 8.40433], [-83.3085, 8.40636], [-83.30895, 8.40704], [-83.30974, 8.40828], [-83.31064, 8.40885], [-83.31199, 8.41189], [-83.3113, 8.41369], [-83.31265, 8.41753], [-83.31502, 8.41911], [-83.3149, 8.42137], [-83.31534, 8.4252], [-83.31636, 8.4252], [-83.31817, 8.42532], [-83.3193, 8.42611], [-83.32394, 8.42613], [-83.32495, 8.4267], [-83.32608, 8.42737], [-83.32789, 8.42885], [-83.32845, 8.42997], [-83.32913, 8.43065], [-83.3298, 8.43144]]], [[[-83.35181, 8.46195], [-83.35286, 8.46457], [-83.35303, 8.46446], [-83.35324, 8.46434], [-83.35792, 8.4615], [-83.35841, 8.46137], [-83.35874, 8.46129], [-83.35942, 8.46035], [-83.35953, 8.46026], [-83.35971, 8.46012], [-83.35979, 8.45955], [-83.35996, 8.45934], [-83.36016, 8.45907], [-83.36019, 8.45864], [-83.35991, 8.45834], [-83.35969, 8.45732], [-83.35994, 8.45712], [-83.36012, 8.45693], [-83.36022, 8.45659], [-83.36045, 8.45636], [-83.36059, 8.45593], [-83.36032, 8.45541], [-83.36026, 8.45488], [-83.35993, 8.45321], [-83.35943, 8.45258], [-83.35915, 8.45208], [-83.3593, 8.45152], [-83.35929, 8.4511], [-83.35924, 8.45062], [-83.35935, 8.45018], [-83.35946, 8.44986], [-83.35966, 8.44957], [-83.35968, 8.44903], [-83.35958, 8.44867], [-83.35944, 8.44866], [-83.35918, 8.44835], [-83.35909, 8.44788], [-83.35895, 8.44765], [-83.35825, 8.44753], [-83.35818, 8.44734], [-83.35833, 8.44628], [-83.35802, 8.44522], [-83.35778, 8.44506], [-83.35691, 8.44467], [-83.35641, 8.44473], [-83.35617, 8.44473], [-83.35546, 8.44505], [-83.35487, 8.44523], [-83.35395, 8.44586], [-83.35373, 8.44594], [-83.35352, 8.44583], [-83.35297, 8.44586], [-83.3527, 8.44563], [-83.35204, 8.4466], [-83.35156, 8.44717], [-83.35143, 8.44751], [-83.35112, 8.44789], [-83.35138, 8.44835], [-83.35155, 8.44878], [-83.35159, 8.44965], [-83.35151, 8.44991], [-83.35173, 8.45036], [-83.35173, 8.45036], [-83.35217, 8.45146], [-83.35224, 8.45123], [-83.35256, 8.45101], [-83.35281, 8.45121], [-83.35304, 8.45106], [-83.35309, 8.45065], [-83.35334, 8.4504], [-83.35375, 8.45057], [-83.35456, 8.45061], [-83.35498, 8.45056], [-83.35497, 8.4511], [-83.35518, 8.45132], [-83.35516, 8.45149], [-83.35531, 8.4518], [-83.35531, 8.45208], [-83.35556, 8.45232], [-83.35549, 8.45256], [-83.35541, 8.45292], [-83.35529, 8.45331], [-83.35524, 8.45346], [-83.35499, 8.45412], [-83.35468, 8.45464], [-83.35479, 8.45538], [-83.35517, 8.45587], [-83.35535, 8.45622], [-83.35563, 8.45652], [-83.35596, 8.45782], [-83.35561, 8.45853], [-83.35541, 8.45904], [-83.35577, 8.45911], [-83.3556, 8.46059], [-83.35509, 8.46113], [-83.3545, 8.46172], [-83.3535, 8.46164], [-83.35317, 8.4618], [-83.35212, 8.46191], [-83.35181, 8.46195]]], [[[-83.29156, 8.37533], [-83.29132, 8.37554], [-83.29104, 8.37582], [-83.2908, 8.37609], [-83.29059, 8.37632], [-83.29047, 8.37645], [-83.29021, 8.37669], [-83.2899, 8.37699], [-83.28965, 8.37722], [-83.28945, 8.37739], [-83.28916, 8.37761], [-83.28889, 8.37779], [-83.28872, 8.37796], [-83.28866, 8.37825], [-83.2886, 8.37862], [-83.28854, 8.379], [-83.28846, 8.37927], [-83.28842, 8.37939], [-83.28892, 8.37991], [-83.28926, 8.38047], [-83.28871, 8.38133], [-83.28793, 8.38237], [-83.28733, 8.38346], [-83.28568, 8.38641], [-83.286, 8.38654], [-83.28714, 8.38659], [-83.28746, 8.38737], [-83.28846, 8.38823], [-83.28964, 8.38878], [-83.29014, 8.38869], [-83.29032, 8.38851], [-83.29055, 8.38815], [-83.29083, 8.38765], [-83.29115, 8.38702], [-83.29134, 8.38624], [-83.29147, 8.3857], [-83.29189, 8.38502], [-83.29253, 8.38416], [-83.29303, 8.38371], [-83.29349, 8.3833], [-83.29426, 8.38312], [-83.29522, 8.38285], [-83.29609, 8.38249], [-83.29641, 8.38199], [-83.29641, 8.38158], [-83.29646, 8.38095], [-83.29678, 8.38018], [-83.29706, 8.37945], [-83.29774, 8.37877], [-83.29779, 8.37823], [-83.29772, 8.37813], [-83.29782, 8.37778], [-83.29784, 8.3775], [-83.29788, 8.37701], [-83.29773, 8.37699], [-83.29754, 8.37696], [-83.29717, 8.37686], [-83.29681, 8.37674], [-83.29652, 8.37665], [-83.29614, 8.3765], [-83.29556, 8.37631], [-83.29504, 8.37603], [-83.29465, 8.37582], [-83.29418, 8.37561], [-83.29375, 8.37548], [-83.29332, 8.37544], [-83.29293, 8.37543], [-83.29247, 8.37542], [-83.29217, 8.37538], [-83.29195, 8.37531], [-83.29175, 8.37527], [-83.29156, 8.37533]]], [[[-83.30822, 8.38275], [-83.3079, 8.38328], [-83.30765, 8.38372], [-83.3067, 8.38543], [-83.30689, 8.38611], [-83.30682, 8.38679], [-83.30595, 8.38796], [-83.30601, 8.38821], [-83.30638, 8.38945], [-83.30642, 8.38955], [-83.30675, 8.39026], [-83.30756, 8.38902], [-83.30781, 8.38871], [-83.30806, 8.38834], [-83.30819, 8.38816], [-83.30881, 8.38742], [-83.3095, 8.38686], [-83.30999, 8.38649], [-83.31031, 8.38612], [-83.31047, 8.38576], [-83.31076, 8.38515], [-83.31119, 8.38421], [-83.31151, 8.38347], [-83.31156, 8.38338], [-83.31149, 8.38335], [-83.31137, 8.38328], [-83.31115, 8.38311], [-83.31072, 8.38277], [-83.31023, 8.38242], [-83.30998, 8.38226], [-83.3097, 8.38211], [-83.30907, 8.38182], [-83.30885, 8.3817], [-83.30822, 8.38275]]], [[[-83.29884, 8.39271], [-83.29946, 8.39321], [-83.30183, 8.39624], [-83.30261, 8.39725], [-83.30321, 8.3975], [-83.30368, 8.397], [-83.30374, 8.39693], [-83.30368, 8.39619], [-83.30425, 8.39545], [-83.30518, 8.39465], [-83.30593, 8.39416], [-83.30661, 8.39366], [-83.30693, 8.39267], [-83.30693, 8.39162], [-83.30687, 8.39119], [-83.30613, 8.391], [-83.30583, 8.39101], [-83.30401, 8.39105], [-83.3027, 8.39148], [-83.30177, 8.39185], [-83.30115, 8.39216], [-83.30028, 8.39222], [-83.29941, 8.39228], [-83.29891, 8.39227], [-83.29884, 8.39271]]], [[[-83.36885, 8.46698], [-83.36908, 8.46708], [-83.37272, 8.4673], [-83.37446, 8.46668], [-83.37519, 8.46543], [-83.3783, 8.46678], [-83.37905, 8.46711], [-83.37972, 8.46642], [-83.37925, 8.46534], [-83.37925, 8.46469], [-83.37968, 8.4643], [-83.37943, 8.46372], [-83.37937, 8.4624], [-83.37946, 8.46183], [-83.37871, 8.46146], [-83.37711, 8.4615], [-83.37631, 8.46124], [-83.37587, 8.46063], [-83.37499, 8.46024], [-83.37302, 8.45972], [-83.37286, 8.46026], [-83.37267, 8.46045], [-83.3721, 8.46068], [-83.37164, 8.46109], [-83.37045, 8.46136], [-83.37013, 8.4614], [-83.36998, 8.46174], [-83.36906, 8.46276], [-83.36896, 8.46338], [-83.36905, 8.46388], [-83.36919, 8.46421], [-83.36925, 8.465], [-83.36885, 8.46698]]], [[[-83.36305, 8.44197], [-83.36294, 8.44218], [-83.36292, 8.44291], [-83.3629, 8.44317], [-83.36288, 8.44326], [-83.36266, 8.44431], [-83.36289, 8.44489], [-83.36379, 8.44704], [-83.36433, 8.44769], [-83.3647, 8.44697], [-83.36556, 8.44689], [-83.36554, 8.44656], [-83.36566, 8.44636], [-83.36576, 8.44615], [-83.36589, 8.44544], [-83.36628, 8.44499], [-83.36662, 8.44463], [-83.36692, 8.4442], [-83.3671, 8.44372], [-83.36796, 8.44306], [-83.36888, 8.44259], [-83.36941, 8.44258], [-83.36938, 8.44235], [-83.3693, 8.44205], [-83.36906, 8.44173], [-83.36877, 8.44153], [-83.36838, 8.44151], [-83.36771, 8.44152], [-83.36755, 8.44141], [-83.36669, 8.44078], [-83.36537, 8.44029], [-83.36516, 8.4401], [-83.36477, 8.43991], [-83.36454, 8.43979], [-83.36411, 8.44043], [-83.36338, 8.44088], [-83.36305, 8.44197]]]]}, "properties": {"name": "Osa", "desig_eng": "National Wildlife Refuge", "iucn_cat": "VI", "status_yr": 1999, "gis_area": 17.4955981, "site_id": 555643534, "realm": "Terrestrial", "mang_auth": "Federal or national ministry or agency"}}]}